row_hash,status,confidence,n_items,calories,timestamp
217c4b35cfd0,ok,high,2,822,2026-02-18T15:51:10.085916
15268105e30c,ok,high,3,912,2026-02-18T15:51:15.403158
92c6d095f99f,ok,high,1,270,2026-02-18T15:51:18.470903
b73418321e2d,ok,high,6,954,2026-02-18T15:51:28.494380
7b8ce2d1ed3e,ok,high,4,489,2026-02-18T15:51:35.157442
f884818040cf,ok,high,3,686,2026-02-18T15:51:40.640150
d0d6307d440f,ok,high,3,938,2026-02-18T15:51:46.626741
485a6ad560da,ok,high,5,790,2026-02-18T15:51:55.646317
bf8618fda6da,ok,high,3,370,2026-02-18T15:52:01.317295
752c3c4edc54,ok,high,2,510,2026-02-18T15:52:05.172297
84a5f553f5b9,ok,high,4,713,2026-02-18T15:52:12.023054
b8a59ee2f789,ok,high,6,663,2026-02-18T15:52:21.238713
41cb932713cc,ok,high,3,301,2026-02-18T15:52:27.085631
a0acb14ec08f,ok,high,2,160,2026-02-18T15:52:30.964719
391895512b0c,ok,high,3,410,2026-02-18T15:52:36.298236
61ca67301901,ok,high,3,270,2026-02-18T15:52:40.904876
309a7cb0d0b0,ok,high,2,483,2026-02-18T15:52:45.445427
3858444fa0b4,ok,high,2,145,2026-02-18T15:52:49.886276
02a7818cce43,ok,high,2,250,2026-02-18T15:52:53.750220
ddb46d041cc5,ok,high,2,504,2026-02-18T15:52:57.778319
e9f62b2eae05,ok,high,1,154,2026-02-18T15:53:00.741729
ba460c2207da,ok,high,3,655,2026-02-18T15:53:06.744122
b4c6ea91ed79,ok,high,1,62,2026-02-18T15:53:09.742895
eb1768256896,ok,high,1,105,2026-02-18T15:53:12.719695
08048559c1a7,ok,high,2,388,2026-02-18T15:53:16.721712
fdaf8b65fe8f,ok,high,1,548,2026-02-18T15:53:20.277199
bdae0c033f34,ok,high,2,223,2026-02-18T15:53:25.248313
99c6d001b1b9,ok,high,2,253,2026-02-18T15:53:29.052525
f570adc41d63,ok,none,0,0,2026-02-18T15:53:40.137214
605a3dfc2c20,ok,high,2,180,2026-02-18T15:53:44.106086
06391afb3721,ok,high,2,253,2026-02-18T15:53:48.662965
cd79932cb47a,ok,high,4,434,2026-02-18T15:53:55.446057
851c76e49243,ok,high,4,393,2026-02-18T15:54:01.159047
c89599fd1f33,ok,high,2,360,2026-02-18T15:54:06.239606
efb5230a7733,ok,high,4,1148,2026-02-18T15:54:12.159240
8d27c58de00f,ok,high,2,160,2026-02-18T15:54:16.628965
4e7a3caf8a78,ok,high,3,986,2026-02-18T15:54:21.674583
4549d51d0318,ok,high,1,23,2026-02-18T15:54:24.634948
2e41eedb1089,ok,high,1,140,2026-02-18T15:54:28.676190
7b98b2f26de9,ok,high,2,468,2026-02-18T15:54:33.538804
175db4d440e6,ok,high,6,654,2026-02-18T15:54:42.114054
74a5624fbca4,ok,high,6,578,2026-02-18T15:54:51.058294
6dad1db25a28,ok,high,2,554,2026-02-18T15:54:55.530344
48c75b557df8,ok,high,1,105,2026-02-18T15:54:59.154735
9953261164b9,ok,high,2,271,2026-02-18T15:55:03.751735
77c001a450e6,ok,high,6,568,2026-02-18T15:55:12.774719
4efbc927f309,ok,high,2,259,2026-02-18T15:55:17.322739
ce21d69abac4,ok,high,3,549,2026-02-18T15:55:22.587774
575efca7a4ce,ok,high,3,616,2026-02-18T15:55:27.605889
b6b5d0bcd4c7,ok,high,5,588,2026-02-18T15:55:35.166569
140c5362f5af,ok,high,3,1406,2026-02-18T15:55:41.033277
d7eb37d9bd08,ok,high,6,540,2026-02-18T15:55:48.805104
25d3f1683c54,ok,high,3,778,2026-02-18T15:55:54.092082
e5e016881d45,ok,high,2,230,2026-02-18T15:55:57.979754
84d77afe019d,ok,high,3,630,2026-02-18T15:56:03.665533
c98984cb4762,ok,high,3,457,2026-02-18T15:56:14.527687
69ebd9784525,ok,high,3,470,2026-02-18T15:56:19.932427
f30bd4708560,ok,high,3,613,2026-02-18T15:56:25.468752
0e50fcf5adc4,ok,high,3,428,2026-02-18T15:56:30.711663
2cd4d9266e65,ok,high,4,563,2026-02-18T15:56:37.856529
19bb536f167a,ok,high,3,262,2026-02-18T15:56:43.316122
95ad2f38c7cc,ok,high,3,590,2026-02-18T15:56:48.458762
e3a1f5136baf,ok,high,5,1792,2026-02-18T15:56:55.174575
19185b8b5fa2,ok,high,2,230,2026-02-18T15:56:59.416594
47133058599c,ok,high,5,382,2026-02-18T15:57:07.868784
6ece360f95fd,ok,high,2,394,2026-02-18T15:57:12.367797
cc6f88ea31c3,ok,high,1,384,2026-02-18T15:57:16.137438
0e09a055e11c,ok,high,4,592,2026-02-18T15:57:23.060728
2dc56e0be825,ok,high,2,185,2026-02-18T15:57:27.619707
34b61e9f269c,ok,high,4,503,2026-02-18T15:57:34.591701
48bf9ecb1708,ok,high,5,670,2026-02-18T15:57:41.962092
2139790eebbc,ok,high,5,556,2026-02-18T15:57:49.334338
027c06015d9f,ok,high,1,10,2026-02-18T15:57:53.001903
c14d3c4835a7,ok,high,3,228,2026-02-18T15:57:58.649358
65cc7b8d90aa,ok,high,3,556,2026-02-18T15:58:05.529230
83848938bada,ok,high,2,470,2026-02-18T15:58:09.425779
2ac24d0dc04c,ok,high,5,789,2026-02-18T15:58:20.367224
ecb0bedc9f5d,ok,high,3,841,2026-02-18T15:58:25.787310
d48c3c98efee,ok,high,3,780,2026-02-18T15:58:31.553203
18cd536e6e07,ok,high,3,1496,2026-02-18T15:58:37.113920
0041485e15fd,ok,high,2,301,2026-02-18T15:58:41.432027
0c4fdaa3a8db,ok,high,3,465,2026-02-18T15:58:46.883285
410daea8a506,ok,high,4,181,2026-02-18T15:58:53.950850
a5280ebd4181,ok,high,7,694,2026-02-18T15:59:04.365310
fb6e52ebec75,ok,high,6,709,2026-02-18T15:59:14.309155
b1ab9fa2c965,ok,high,4,1388,2026-02-18T15:59:20.775600
2e86fce4203a,ok,high,2,160,2026-02-18T15:59:24.737052
0af50834f56e,ok,high,4,534,2026-02-18T15:59:36.652469
a64548951316,ok,high,3,731,2026-02-18T15:59:42.038580
cfca03884619,ok,high,5,1326,2026-02-18T15:59:50.078592
377f0625e6de,ok,medium,2,470,2026-02-18T15:59:54.053863
ffae1f7233ea,ok,high,9,989,2026-02-18T16:00:07.071552
23dea9cbb976,ok,high,1,105,2026-02-18T16:00:10.375555
e2041421dcc2,ok,high,5,811,2026-02-18T16:00:18.237543
9bea0caf4ab1,ok,high,4,587,2026-02-18T16:00:25.338002
73de0b7132ec,ok,high,3,893,2026-02-18T16:00:30.381549
30553a532c04,ok,high,3,585,2026-02-18T16:00:35.461065
c002719cbc81,ok,high,3,680,2026-02-18T16:00:40.957493
ddede4b13da1,ok,high,6,640,2026-02-18T16:00:49.659367
f6da287e9645,ok,high,2,210,2026-02-18T16:00:54.008393
d5c646483045,ok,high,2,423,2026-02-18T16:00:58.155204
4069218a7bc8,ok,high,2,152,2026-02-18T16:01:02.510207
0b0f540bebd1,ok,high,2,480,2026-02-18T16:01:07.244566
b81039b4a95e,ok,high,4,960,2026-02-18T16:01:14.241105
b54dd0c4c31e,ok,high,6,442,2026-02-18T16:01:22.225321
e099d6bfab3a,ok,low,2,0,2026-02-18T16:01:26.704531
512247d46b8a,ok,high,2,302,2026-02-18T16:01:30.765109
642eb0e427c7,ok,high,2,302,2026-02-18T16:01:35.276085
14878ce89d2c,ok,high,3,580,2026-02-18T16:01:41.119884
a34af8f1aa9e,ok,high,2,510,2026-02-18T16:01:45.467666
88c95862e98e,ok,high,2,351,2026-02-18T16:01:49.575319
c78a8bbc5c1e,ok,high,4,368,2026-02-18T16:01:56.359238
163ca137b8e9,ok,high,3,350,2026-02-18T16:02:02.938269
8000c4e78c4a,ok,high,8,807,2026-02-18T16:02:15.253885
ec7ec2485f9c,ok,high,2,436,2026-02-18T16:02:19.247334
1d403dcd53e0,ok,high,2,296,2026-02-18T16:02:23.430578
e29ea58801b1,ok,high,2,296,2026-02-18T16:02:27.824296
c1d13f1dddb2,ok,high,3,405,2026-02-18T16:02:32.978979
9a6fe631455f,ok,high,4,693,2026-02-18T16:02:39.592665
8c8c4f6aaf1c,ok,high,3,572,2026-02-18T16:02:44.639834
6ac10e76fa4d,ok,high,5,956,2026-02-18T16:02:53.557159
e659c003e98d,ok,high,5,898,2026-02-18T16:03:00.753101
c246456a1b7f,ok,high,4,565,2026-02-18T16:03:07.139350
360436a6ea21,ok,high,3,85,2026-02-18T16:03:12.704037
87ea93d8c99a,ok,high,2,420,2026-02-18T16:03:17.276865
3a3fc75c7ff2,ok,high,4,693,2026-02-18T16:03:23.502035
d32a063daf2c,ok,high,6,378,2026-02-18T16:03:32.651807
bddd82ba2f0e,ok,high,6,846,2026-02-18T16:03:40.571145
92839ad61f13,ok,high,4,662,2026-02-18T16:03:46.679640
79191d4ef3d7,ok,high,1,90,2026-02-18T16:03:49.909195
9a0fb23985b6,ok,high,5,870,2026-02-18T16:03:57.507155
3d1e1b0bdbd0,ok,high,2,455,2026-02-18T16:04:01.266014
48c5f8987b1c,ok,high,5,411,2026-02-18T16:04:11.806656
1976979b940b,ok,high,5,538,2026-02-18T16:04:20.060736
c0b1d59e2b8a,ok,high,4,973,2026-02-18T16:04:26.416804
0bf8c08633df,ok,high,5,598,2026-02-18T16:04:34.519621
fcfbe4fbba27,ok,high,2,1536,2026-02-18T16:04:39.220246
2d2ee364337a,ok,high,2,435,2026-02-18T16:04:44.053211
8adc63d02efc,ok,high,3,600,2026-02-18T16:04:49.484680
335220ac22e3,ok,high,2,346,2026-02-18T16:04:53.784760
dfdfdf7fb359,ok,high,3,410,2026-02-18T16:04:58.947001
830d6d73cc00,ok,high,3,522,2026-02-18T16:05:03.928939
6612746e4174,ok,high,2,264,2026-02-18T16:05:08.299070
50ecf0a3f910,ok,high,4,600,2026-02-18T16:05:15.703330
84d839cde151,ok,high,2,245,2026-02-18T16:05:20.219630
f87f92dce2f2,ok,high,2,264,2026-02-18T16:05:24.280311
84311f89e60b,ok,high,3,691,2026-02-18T16:05:29.993167
887db2af4f18,ok,high,8,613,2026-02-18T16:05:40.919044
7d30b35a21e2,ok,high,6,579,2026-02-18T16:05:50.233926
6c34a8211c3d,ok,high,2,421,2026-02-18T16:05:54.819906
7a4d5b3774d0,ok,high,1,273,2026-02-18T16:05:57.626998
2ef205acee82,ok,high,7,573,2026-02-18T16:06:08.994077
80a20512e7ee,ok,high,3,432,2026-02-18T16:06:14.704600
4265c3e5eed1,ok,high,2,424,2026-02-18T16:06:19.390825
a5a802134c98,ok,high,2,562,2026-02-18T16:06:24.170769
1c9b639ad475,ok,high,5,790,2026-02-18T16:06:31.678708
8edaaf44f694,ok,high,3,1532,2026-02-18T16:06:37.113453
b56af6eee0af,ok,high,6,868,2026-02-18T16:06:46.339844
c30d719df3d1,ok,high,3,520,2026-02-18T16:06:50.876710
462bb50a8943,ok,high,3,460,2026-02-18T16:06:56.040659
411dee36b005,ok,high,3,780,2026-02-18T16:07:01.610552
457edb6d9f29,ok,high,3,920,2026-02-18T16:07:07.985188
174a848de51a,ok,high,3,830,2026-02-18T16:07:12.992484
f18813a916eb,ok,high,2,230,2026-02-18T16:07:17.041009
dca451368dff,ok,high,5,486,2026-02-18T16:07:24.521461
17d29fc9a596,ok,high,5,539,2026-02-18T16:07:31.904382
77cb2925b2d7,ok,high,3,590,2026-02-18T16:07:38.240017
2b8e2ea2f65d,ok,high,5,559,2026-02-18T16:07:45.420900
bcfb222ce316,ok,high,5,417,2026-02-18T16:07:53.706411
04f4fced0443,ok,high,3,1060,2026-02-18T16:07:58.930764
a84fecfd4127,ok,high,6,366,2026-02-18T16:08:08.427710
f76d88d70e69,ok,high,2,486,2026-02-18T16:08:13.089969
2713273677e0,ok,high,4,829,2026-02-18T16:08:20.436228
ab348212e3d7,ok,high,4,829,2026-02-18T16:08:26.879430
908370f583e9,ok,high,6,1295,2026-02-18T16:08:37.027085
153553470918,ok,high,2,527,2026-02-18T16:08:41.124565
398f167c9e2d,ok,high,4,951,2026-02-18T16:08:48.283609
4bf88f821662,ok,high,3,700,2026-02-18T16:08:53.934604
5b0930d06059,ok,high,4,971,2026-02-18T16:09:00.451987
1be384e9c5a9,ok,high,3,840,2026-02-18T16:09:05.894693
f223c5f69419,ok,high,3,720,2026-02-18T16:09:11.842485
611bfa63d9d5,ok,high,3,770,2026-02-18T16:09:16.896842
f8372b152ea9,ok,high,3,722,2026-02-18T16:09:21.985058
c56b7f9a2064,ok,high,3,702,2026-02-18T16:09:27.294996
c85ebb07cf87,ok,high,6,1060,2026-02-18T16:09:37.245224
8df949f187f5,ok,high,3,276,2026-02-18T16:09:42.255924
3687cba645f1,ok,high,3,872,2026-02-18T16:09:47.887187
687f9ba16c90,ok,high,4,974,2026-02-18T16:09:54.740316
1cf30db2e938,ok,high,3,19,2026-02-18T16:10:00.392568
c4da9bb78d53,ok,high,1,150,2026-02-18T16:10:04.168922
91801e659ace,ok,high,3,722,2026-02-18T16:10:09.694455
d76de5be9a6e,ok,high,4,431,2026-02-18T16:10:16.249320
7aeb6e0c7dfd,ok,high,2,381,2026-02-18T16:10:20.701657
650dc7918e31,ok,high,2,332,2026-02-18T16:10:25.151919
9faabc1d8f7d,ok,high,4,464,2026-02-18T16:10:31.709764
7f5f4b124853,ok,high,3,607,2026-02-18T16:10:37.504642
c856444a3efa,ok,high,7,765,2026-02-18T16:10:47.559330
afda3e51c55e,ok,high,7,1485,2026-02-18T16:10:58.537682
7ef9c0d2af22,ok,high,4,535,2026-02-18T16:11:05.275889
614d50953406,json_error,,0,0,2026-02-18T16:11:16.039737
2595f92396d8,ok,high,2,286,2026-02-18T16:11:20.451429
885f91f3f11e,ok,high,2,780,2026-02-18T16:11:24.365899
3068802853e5,ok,high,2,780,2026-02-18T16:11:28.851080
feeb78a14290,ok,high,4,576,2026-02-18T16:11:35.813068
ad0e6e6ae4f8,ok,high,4,660,2026-02-18T16:11:41.955915
da3af91a17f8,ok,high,2,780,2026-02-18T16:11:45.946035
275c95284135,ok,high,2,852,2026-02-18T16:11:50.361575
7495f199ad92,ok,high,4,647,2026-02-18T16:11:57.293077
924d24ca2030,ok,high,4,530,2026-02-18T16:12:05.201220
141aacc7628b,ok,high,2,590,2026-02-18T16:12:09.806545
672d9cbf7537,ok,high,2,350,2026-02-18T16:12:14.114773
e50077548b1c,ok,high,4,726,2026-02-18T16:12:20.256589
63d999a35d3d,ok,high,4,710,2026-02-18T16:12:26.709177
37375318e1e8,ok,high,2,51,2026-02-18T16:12:31.004265
d0949e6750fd,ok,high,2,260,2026-02-18T16:12:34.793323
22c4fdee6564,ok,high,3,510,2026-02-18T16:12:40.237318
1a1b949ffa9b,ok,high,3,762,2026-02-18T16:12:45.854020
ef12ca5a0aa6,ok,high,3,548,2026-02-18T16:12:51.795654
2aa7177fa15b,ok,high,3,1100,2026-02-18T16:12:56.963812
04c4b8bff5b2,ok,high,3,1110,2026-02-18T16:13:02.655340
2e2c4cd1cb2d,ok,medium,4,789,2026-02-18T16:13:10.950959
b99d4c69aedf,ok,high,5,1470,2026-02-18T16:13:19.444662
6bfa84b5c0cb,ok,high,3,1100,2026-02-18T16:13:24.414333
46ca4a2f90e6,ok,high,5,719,2026-02-18T16:13:32.330781
f7b4ad6a77e8,ok,high,2,1380,2026-02-18T16:13:36.643500
64f9599b9c69,ok,high,3,586,2026-02-18T16:13:42.999613
2638f80cb115,ok,high,3,426,2026-02-18T16:13:48.420384
52b31b6fc513,ok,high,3,595,2026-02-18T16:13:53.623749
869f9970b5a3,ok,high,5,1610,2026-02-18T16:14:01.132662
5ffb89362867,ok,high,8,1118,2026-02-18T16:14:17.541218
43d8c5ade72f,ok,high,4,1102,2026-02-18T16:14:23.861979
e996f1659d15,ok,high,3,422,2026-02-18T16:14:29.074921
e1351821df28,ok,high,2,81,2026-02-18T16:14:33.579348
8c1b0d893c3f,ok,high,2,137,2026-02-18T16:14:37.675211
666ed5f7f5a9,ok,high,2,780,2026-02-18T16:14:42.488492
88b7e83a6ac6,ok,high,9,1159,2026-02-18T16:14:54.469464
cedfb3c9dda7,ok,high,4,1760,2026-02-18T16:15:01.132427
671bfa515288,ok,high,2,485,2026-02-18T16:15:05.244572
903a7e52363f,ok,high,5,1256,2026-02-18T16:15:12.911753
925511f7d52a,ok,high,5,887,2026-02-18T16:15:19.965168
492336eaacfd,ok,high,3,464,2026-02-18T16:15:25.343852
afb712eeac0e,ok,high,3,426,2026-02-18T16:15:30.341809
f453c83e3625,ok,high,2,137,2026-02-18T16:15:34.715016
770d29d6287d,ok,high,3,1028,2026-02-18T16:15:40.241705
6f8c120d9b2f,ok,high,4,785,2026-02-18T16:15:47.144285
6e71e5b71ee9,ok,high,3,655,2026-02-18T16:15:52.633372
e8e8a76df6f0,ok,high,4,490,2026-02-18T16:15:59.403949
bbfc691d70f9,json_error,,0,0,2026-02-18T16:16:24.487690
7057d7f0db4e,json_error,,0,0,2026-02-18T16:16:38.307448
fc1106bd1d69,ok,high,4,510,2026-02-18T16:16:44.166095
5f1bc925ec6a,ok,high,4,991,2026-02-18T16:16:51.217690
2c6abd5fdcc9,ok,high,3,554,2026-02-18T16:16:56.944232
e2d4f6f3b889,ok,high,2,891,2026-02-18T16:17:01.161768
ae91c5d035be,ok,high,3,410,2026-02-18T16:17:05.887444
837c1cd1b1d2,ok,high,6,1070,2026-02-18T16:17:15.972785
7214de2007c4,ok,high,5,990,2026-02-18T16:17:23.215604
34c0be7db76c,ok,high,4,676,2026-02-18T16:17:29.825217
c31f22e173ae,ok,high,4,708,2026-02-18T16:17:36.268313
90ba54075ae1,ok,high,4,676,2026-02-18T16:17:43.371878
25fcb8cdb078,ok,high,5,610,2026-02-18T16:17:51.254214
535a33ddec2a,ok,high,4,1032,2026-02-18T16:17:57.204033
f8a41fd42b71,ok,high,2,191,2026-02-18T16:18:07.778085
fac21fffd3e3,ok,high,3,700,2026-02-18T16:18:13.126141
a82ea43b6b51,ok,high,4,350,2026-02-18T16:18:20.194084
5b2049754e45,ok,high,4,924,2026-02-18T16:18:26.850661
4992a5156e9d,json_error,,0,0,2026-02-18T16:18:41.703337
0e8bbbb08d45,ok,high,8,738,2026-02-18T16:18:53.578495
2efae9efdc2f,ok,high,4,923,2026-02-18T16:19:00.542572
db1e8045e12f,ok,high,8,733,2026-02-18T16:19:11.304985
1ed10bda15c1,ok,high,2,430,2026-02-18T16:19:15.097460
a6da83b84cf8,ok,high,4,1012,2026-02-18T16:19:21.429470
b1feefbdd12d,ok,high,4,1012,2026-02-18T16:19:27.989516
8f4303ad89c4,ok,high,3,770,2026-02-18T16:19:33.515117
ead8f4569f92,ok,high,10,751,2026-02-18T16:19:48.531369
9e2cbf44410b,ok,high,6,998,2026-02-18T16:19:58.289919
f3e686cb8e9b,ok,high,4,694,2026-02-18T16:20:04.489703
c4b90232fc25,ok,high,3,597,2026-02-18T16:20:10.174536
f1715aca3b24,ok,high,4,780,2026-02-18T16:20:17.032801
488b8fedc417,ok,high,7,417,2026-02-18T16:20:28.381064
23e695c31be7,ok,high,5,1020,2026-02-18T16:20:36.528475
1b193f5280ce,ok,high,1,272,2026-02-18T16:20:39.928311
8a252f9c4ed0,ok,high,3,604,2026-02-18T16:20:45.817877
db566f849e38,ok,high,3,357,2026-02-18T16:20:51.537696
5610350d4500,ok,high,3,752,2026-02-18T16:20:56.714343
e39d45e6e774,ok,high,6,970,2026-02-18T16:21:05.131120
2aa19276f403,ok,high,3,392,2026-02-18T16:21:11.339471
4c60916df028,ok,high,4,716,2026-02-18T16:21:17.521998
89877922cc99,ok,high,3,812,2026-02-18T16:21:23.645478
d895c34d2b4a,ok,high,4,554,2026-02-18T16:21:30.322655
4d1e4118d510,ok,high,5,628,2026-02-18T16:21:38.160883
b8729aa4e696,ok,high,3,607,2026-02-18T16:21:43.724082
5d38090fa99b,ok,medium,1,180,2026-02-18T16:21:46.993988
141e1d9ecac0,ok,high,2,397,2026-02-18T16:21:51.152124
51e15f13bb01,ok,high,3,791,2026-02-18T16:21:56.339689
c78f23a88ec2,ok,high,4,1231,2026-02-18T16:22:03.289620
60c4ad0bd47e,ok,high,3,1100,2026-02-18T16:22:08.545324
8592af547ef7,ok,high,3,1004,2026-02-18T16:22:14.540079
c4f8dec94983,ok,high,2,800,2026-02-18T16:22:19.309831
d29640a5ba05,ok,high,1,160,2026-02-18T16:22:22.095641
4769cefb3e09,ok,high,2,438,2026-02-18T16:22:28.058665
357fb6b45c17,ok,high,2,414,2026-02-18T16:22:32.643510
3f4c2b9bded1,ok,high,2,356,2026-02-18T16:22:36.719601
27ceea5cf0bf,ok,high,3,550,2026-02-18T16:22:42.861242
3b77ace3ff7d,ok,high,3,711,2026-02-18T16:22:48.468567
133f714a473d,ok,high,3,447,2026-02-18T16:22:54.011391
e481aabfa1e8,ok,high,5,844,2026-02-18T16:23:01.407707
f8a3bb6afc24,ok,high,5,1135,2026-02-18T16:23:09.058972
e1dc4f980668,ok,high,5,990,2026-02-18T16:23:16.550478
d9699d20be1c,ok,high,4,1092,2026-02-18T16:23:22.939571
aeb34782fadc,ok,high,2,732,2026-02-18T16:23:27.576895
1b20e02dd8c4,ok,high,5,939,2026-02-18T16:23:35.327292
44b3e8be6299,ok,high,1,190,2026-02-18T16:23:38.463293
6baf08b562f1,ok,high,5,428,2026-02-18T16:23:46.113995
c8378e4d8a14,ok,high,3,932,2026-02-18T16:23:51.212691
c85e1ebbd0ea,ok,high,2,390,2026-02-18T16:23:55.510647
3ddda1164547,json_error,,0,0,2026-02-18T16:24:08.353162
630861825510,ok,high,9,1078,2026-02-18T16:24:21.734717
41cb2ce4b011,ok,high,3,802,2026-02-18T16:24:26.925835
a7193c4bb635,ok,high,2,558,2026-02-18T16:24:33.000999
5871f62d4785,ok,high,3,711,2026-02-18T16:24:38.774325
f099e7e2e55f,ok,high,3,331,2026-02-18T16:24:44.144493
76980662257b,ok,high,3,910,2026-02-18T16:24:49.772973
5ba704a230c2,ok,high,3,540,2026-02-18T16:24:55.307266
3beee024a8ea,ok,high,5,310,2026-02-18T16:25:02.359902
7254725cb6db,ok,high,6,651,2026-02-18T16:25:10.530257
fe07bf2267cf,ok,high,2,450,2026-02-18T16:25:15.635518
0fd611777d12,ok,medium,4,844,2026-02-18T16:25:21.714446
fb56bd8ab353,ok,medium,4,702,2026-02-18T16:25:33.342089
b246c03742c5,ok,high,3,423,2026-02-18T16:25:38.780016
fdb84e4fd06c,ok,high,3,442,2026-02-18T16:25:43.763942
6764bce3d5fe,ok,high,5,1020,2026-02-18T16:25:51.381925
472ef62ad89a,ok,high,5,1384,2026-02-18T16:25:59.585209
e5b445b3eceb,ok,high,5,443,2026-02-18T16:26:06.839000
82b6d14ca93d,ok,high,5,1040,2026-02-18T16:26:14.881550
014354bfabe0,ok,high,2,390,2026-02-18T16:26:18.816243
100b742526e9,ok,high,3,544,2026-02-18T16:26:24.350116
c260c94824d8,ok,high,3,740,2026-02-18T16:26:29.372060
9c015c7fb85f,ok,high,3,380,2026-02-18T16:26:35.250235
b45e3ef82952,ok,high,2,308,2026-02-18T16:26:39.911154
67db2e8f6db4,ok,high,3,780,2026-02-18T16:26:45.135960
3ea7d2809454,ok,high,4,1660,2026-02-18T16:26:52.153441
c3529851d68f,ok,high,6,784,2026-02-18T16:27:00.506297
d123e76d63c0,ok,high,3,480,2026-02-18T16:27:06.353561
0927f7d9e9be,ok,high,4,1407,2026-02-18T16:27:13.714269
04183ff08237,ok,high,4,1660,2026-02-18T16:27:20.776553
59d2f96052ec,ok,high,4,719,2026-02-18T16:27:27.762881
fa94ef67da1a,ok,high,4,719,2026-02-18T16:27:33.879577
8d5adfa36829,ok,high,4,650,2026-02-18T16:27:40.743922
5531f2202da2,ok,high,3,576,2026-02-18T16:27:46.038433
b10c985280b6,ok,high,2,446,2026-02-18T16:27:49.944681
4828ea6f372b,ok,high,3,712,2026-02-18T16:27:55.386196
3d13f0579bcc,ok,high,5,1487,2026-02-18T16:28:04.303137
f3bb147b95ed,ok,high,6,1612,2026-02-18T16:28:13.721128
0e371ff72955,ok,high,4,719,2026-02-18T16:28:20.786831
42dbc75c1ed3,ok,high,2,356,2026-02-18T16:28:24.956772
419273e10efb,ok,high,3,855,2026-02-18T16:28:30.314545
f46e2753829e,ok,high,2,597,2026-02-18T16:28:34.854503
6f102546ec83,ok,high,3,825,2026-02-18T16:28:40.458708
18b1f9b3b039,ok,high,3,757,2026-02-18T16:28:45.506690
b3aba3d32224,ok,high,3,261,2026-02-18T16:28:50.793876
5971ca25c791,ok,high,4,1084,2026-02-18T16:28:57.460867
251847112b8b,ok,high,2,510,2026-02-18T16:29:01.439009
e0cc54fde672,ok,high,2,145,2026-02-18T16:29:05.882757
f7c599016fc3,ok,high,3,882,2026-02-18T16:29:11.628474
43e4c8be36fb,ok,high,2,200,2026-02-18T16:29:16.008174
5c5942f4e73d,ok,high,2,470,2026-02-18T16:29:21.277140
c33dc04396cb,ok,high,5,1512,2026-02-18T16:29:29.702699
653ff33b8691,ok,high,5,1677,2026-02-18T16:29:37.277357
77b246b14870,ok,high,3,635,2026-02-18T16:29:42.094011
b26a4c7fc92e,ok,high,4,1452,2026-02-18T16:29:48.368662
5fc3be2c228b,ok,high,5,1595,2026-02-18T16:29:56.022611
e6129e943fc7,ok,high,3,575,2026-02-18T16:30:01.772036
4ed208aba536,ok,high,5,313,2026-02-18T16:30:10.357442
986ace4f9425,ok,high,2,1560,2026-02-18T16:30:14.958649
4d8a17eefd5e,ok,high,3,542,2026-02-18T16:30:20.049285
8682bab76cbd,ok,high,3,1011,2026-02-18T16:30:25.206813
8936a27c1b0e,ok,high,5,555,2026-02-18T16:30:32.280215
45ce9f4ba2a1,ok,high,3,397,2026-02-18T16:30:38.062495
93140125b192,ok,high,4,1116,2026-02-18T16:30:44.565902
0e42044d15b7,ok,high,4,1156,2026-02-18T16:30:51.931639
8f27b28c32bd,ok,high,8,1182,2026-02-18T16:31:03.296693
ed1460b3698a,ok,high,7,1114,2026-02-18T16:31:14.290753
053ac318d310,ok,high,3,1230,2026-02-18T16:31:19.668896
e3a423ad61a3,ok,high,4,705,2026-02-18T16:31:26.316983
7bd0f02c38b8,ok,high,2,54,2026-02-18T16:31:31.965566
42ed200faf4b,ok,high,3,638,2026-02-18T16:31:37.382116
f06f14809061,ok,high,6,1082,2026-02-18T16:31:46.422049
23a4a824f527,json_error,,0,0,2026-02-18T16:32:00.035812
6bac28d1df12,ok,high,2,660,2026-02-18T16:32:04.558431
6e22b768fa3c,ok,high,2,550,2026-02-18T16:32:08.934045
a8cb5cc15037,json_error,,0,0,2026-02-18T16:32:23.230015
5f3aeff1d5b0,ok,high,5,919,2026-02-18T16:32:31.776053
ff6a2696b328,ok,high,3,600,2026-02-18T16:32:36.809359
177a303d0e4f,ok,high,5,1038,2026-02-18T16:32:44.568309
3cb32f743f1c,ok,high,3,856,2026-02-18T16:32:49.896043
cbb1ea6d969d,ok,high,3,470,2026-02-18T16:32:55.218843
9d51ac8841aa,ok,high,8,862,2026-02-18T16:33:06.290223
41faf6740876,ok,high,3,757,2026-02-18T16:33:11.857827
d696eeebfde5,ok,high,6,799,2026-02-18T16:33:20.514904
ba3e414784bd,ok,high,3,712,2026-02-18T16:33:25.149933
859e2aa1fcb7,ok,high,3,560,2026-02-18T16:33:29.935860
ba78f2d01202,ok,high,7,1263,2026-02-18T16:33:39.869477
d8d5558df3a4,ok,high,5,568,2026-02-18T16:33:47.037890
f46aba88c11c,ok,high,7,1205,2026-02-18T16:33:57.605828
8c97d7f1e4e6,ok,high,9,789,2026-02-18T16:34:09.057898
4e52227dfd86,ok,high,7,1205,2026-02-18T16:34:18.584446
27fdc10a8c9f,ok,high,9,877,2026-02-18T16:34:30.252292
8811ea99c0a7,ok,high,7,1294,2026-02-18T16:34:40.512792
1d713a58c347,json_error,,0,0,2026-02-18T16:34:55.656989
e0821fc49a0b,ok,high,8,859,2026-02-18T16:35:08.043190
7324ec6f1032,ok,high,3,860,2026-02-18T16:35:13.974629
27209ee780a0,ok,high,8,1270,2026-02-18T16:35:24.937007
1ec073a5312b,ok,high,7,1084,2026-02-18T16:35:35.279786
8eaedb2dbe45,ok,high,9,766,2026-02-18T16:35:48.282939
57bb1973ca52,ok,high,9,693,2026-02-18T16:36:00.058874
af92310e2172,ok,high,2,450,2026-02-18T16:36:04.667199
79a68ab24a1d,ok,high,3,570,2026-02-18T16:36:10.192453
f1b0f4390d15,ok,high,2,450,2026-02-18T16:36:14.244986
09e8c661ee3e,ok,high,4,630,2026-02-18T16:36:21.946869
22e8511096f8,api_error,,0,0,2026-02-18T16:36:32.526627
48da479cc4a8,api_error,,0,0,2026-02-18T16:36:38.366591
eb92afdb4927,api_error,,0,0,2026-02-18T16:36:44.192763
a9810d9aff15,ok,high,6,854,2026-02-18T16:37:08.466477
6fb439f2e937,ok,high,6,1010,2026-02-18T16:37:17.799054
3397de56bbc4,ok,high,6,1296,2026-02-18T16:37:26.540730
c0a63c97f3d3,ok,high,1,274,2026-02-18T16:37:29.419667
3814efbb8f2b,ok,high,9,2160,2026-02-18T16:37:41.544968
c8eb023caf3d,ok,high,9,1845,2026-02-18T16:37:53.517926
8f343d067ac4,ok,high,9,2040,2026-02-18T16:38:06.841765
094c77b32807,ok,high,10,1868,2026-02-18T16:38:21.031555
3f7146e40752,ok,high,5,655,2026-02-18T16:38:29.462981
2b1d2b6751d6,ok,high,9,1826,2026-02-18T16:38:41.645134
c139f1e1b51e,ok,high,5,1001,2026-02-18T16:38:48.822829
1a6cb11dd970,json_error,,0,0,2026-02-18T16:39:02.330328
d01a1bb65cef,ok,high,9,1806,2026-02-18T16:39:15.532078
97866c35869c,ok,high,2,332,2026-02-18T16:39:19.881049
f6f25f2785cd,ok,high,4,547,2026-02-18T16:39:26.835867
d864e01e2891,ok,high,5,620,2026-02-18T16:39:35.093269
eb5eb60f3b4c,ok,high,6,900,2026-02-18T16:39:43.599938
170dabfdc6ed,ok,high,7,1170,2026-02-18T16:39:52.965608
2c5d0c3bede6,ok,high,3,209,2026-02-18T16:39:58.140243
f93ed1af3587,ok,high,5,620,2026-02-18T16:40:06.442187
e9eed20f79a2,ok,high,4,935,2026-02-18T16:40:12.624920
6b002f0f87ad,ok,high,5,563,2026-02-18T16:40:20.673727
bf23e1859e21,ok,high,3,1220,2026-02-18T16:40:26.043229
a261d8736b91,ok,high,4,972,2026-02-18T16:40:32.942994
4a31ff1909f5,ok,high,5,552,2026-02-18T16:40:40.124118
e8d02505a64f,ok,high,5,512,2026-02-18T16:40:47.505291
0c1789d1f958,ok,high,3,660,2026-02-18T16:40:53.329795
4038d3b85b78,ok,high,5,512,2026-02-18T16:41:01.523081
6cc83e273ae1,ok,high,4,1287,2026-02-18T16:41:07.684304
6ae69b278903,ok,high,6,402,2026-02-18T16:41:17.398920
ff521fa0e0a5,ok,high,6,1284,2026-02-18T16:41:25.799650
925ae0b59e2c,ok,high,6,1458,2026-02-18T16:41:34.089445
5fd99cef6f67,ok,high,6,1469,2026-02-18T16:41:43.306217
f1d4542c8824,ok,high,2,651,2026-02-18T16:41:47.296858
096428b19642,ok,high,5,1160,2026-02-18T16:41:54.527647
b9a18447b8c6,ok,high,4,808,2026-02-18T16:42:01.176575
c0263ee18ccb,ok,high,3,855,2026-02-18T16:42:10.102194
a821ba9e205c,ok,high,5,1216,2026-02-18T16:42:17.198439
478f3590988e,ok,high,4,838,2026-02-18T16:42:23.321152
256548e29168,ok,high,4,808,2026-02-18T16:42:29.231045
7b8449b042ff,ok,high,2,531,2026-02-18T16:42:33.595508
51259043718d,ok,high,4,416,2026-02-18T16:42:39.908786
121116159c3b,ok,high,3,664,2026-02-18T16:42:46.590663
22f4bf7ccb7c,ok,medium,3,640,2026-02-18T16:42:51.703696
7640c480391b,ok,high,5,466,2026-02-18T16:42:58.877800
84bbdddae3cb,ok,high,2,531,2026-02-18T16:43:03.338384
174b929e8903,ok,high,9,870,2026-02-18T16:43:24.695672
ba387ee1d07f,ok,high,2,532,2026-02-18T16:43:29.172918
10ff979f5121,ok,high,5,602,2026-02-18T16:43:36.868795
1fdb489a1d70,ok,high,2,651,2026-02-18T16:43:41.379435
6e273c12c536,ok,high,3,600,2026-02-18T16:43:47.076861
5e96c577aa73,ok,high,5,542,2026-02-18T16:43:55.407623
9f77e090bed1,ok,high,3,760,2026-02-18T16:44:00.829274
8d41f25e5a54,ok,high,3,576,2026-02-18T16:44:06.746533
bc503c37a933,ok,high,5,1170,2026-02-18T16:44:14.695489
1d530b1654b2,ok,high,5,668,2026-02-18T16:44:22.888008
3ed5aa506885,ok,high,3,810,2026-02-18T16:44:28.923573
9540af597fc1,ok,high,4,1215,2026-02-18T16:44:35.646439
2716db6fbf7e,ok,high,2,227,2026-02-18T16:44:43.740702
f5d2e5a0fa0f,ok,high,3,342,2026-02-18T16:44:49.513007
eb9d45d7f3eb,ok,high,6,910,2026-02-18T16:44:58.277957
f8fb7b2ddb86,ok,high,2,464,2026-02-18T16:45:02.359269
e288de423cc8,ok,high,4,770,2026-02-18T16:45:09.144645
ff6a6b3b68e4,ok,high,6,910,2026-02-18T16:45:17.537983
0b9b656c696e,ok,high,2,310,2026-02-18T16:45:21.168118
52c4f8b9a77f,ok,high,2,390,2026-02-18T16:45:25.617433
21b4ee20c378,ok,high,2,390,2026-02-18T16:45:29.585425
06586f0d8fc1,ok,high,3,832,2026-02-18T16:45:34.329189
b6419eeecff3,ok,high,2,651,2026-02-18T16:45:39.414323
3029c9651fd3,ok,high,3,480,2026-02-18T16:45:45.076538
1cf4ec966bc2,ok,high,2,376,2026-02-18T16:45:49.207559
9aea8ab00b5f,ok,high,3,660,2026-02-18T16:45:54.803794
7be63a75e066,ok,high,2,340,2026-02-18T16:45:58.699628
ff8ae8f5d78c,ok,high,4,554,2026-02-18T16:46:05.667561
600567871a48,ok,high,3,666,2026-02-18T16:46:12.046998
7ce604261f8f,ok,high,3,549,2026-02-18T16:46:17.877139
c638fa54c153,ok,high,4,609,2026-02-18T16:46:24.876721
359eb18f6b8f,ok,high,3,414,2026-02-18T16:46:30.436467
9d754c0d5435,ok,high,2,366,2026-02-18T16:46:34.550732
edc283220734,ok,high,4,902,2026-02-18T16:46:40.680289
e64f4b7d7565,ok,high,4,902,2026-02-18T16:46:46.994639
d8711a6ef65e,ok,high,3,1165,2026-02-18T16:46:51.927380
423ad6bbc0b6,ok,high,7,1216,2026-02-18T16:47:00.959056
855534a683b7,ok,high,3,602,2026-02-18T16:47:05.981621
9988f311462a,ok,high,3,649,2026-02-18T16:47:11.817024
6912130b3965,ok,high,6,1472,2026-02-18T16:47:21.241365
e2a97cd0e44d,ok,high,3,755,2026-02-18T16:47:27.393090
105eb5d145b1,ok,high,2,550,2026-02-18T16:47:31.928698
906cd8db3eb7,ok,high,3,790,2026-02-18T16:47:37.375391
d1df644c242d,ok,high,4,1006,2026-02-18T16:47:43.793085
ec721bfe4ec0,ok,high,5,1579,2026-02-18T16:47:51.393301
7307c41f0bb2,ok,high,5,1303,2026-02-18T16:47:59.656177
34f25a424fc0,ok,high,2,460,2026-02-18T16:48:04.240346
c56d45166266,ok,high,3,326,2026-02-18T16:48:09.806422
41ef4cd88421,ok,high,5,457,2026-02-18T16:48:18.047429
cf96c0c83aae,ok,high,4,518,2026-02-18T16:48:25.215478
c459dd2d9476,ok,high,3,521,2026-02-18T16:48:30.556064
e5e16fdd1df1,ok,high,10,906,2026-02-18T16:48:43.947885
6019d74d8c0c,ok,high,5,579,2026-02-18T16:48:50.952711
c8a78e01b11f,ok,high,4,233,2026-02-18T16:48:57.066737
f1793226046b,ok,high,4,1050,2026-02-18T16:49:03.168630
191b53aab6c4,ok,high,4,1407,2026-02-18T16:49:09.724754
88be5a9adb7f,ok,high,10,906,2026-02-18T16:49:22.558092
39897b995efc,ok,high,2,480,2026-02-18T16:49:27.124218
286134d1bf3b,ok,high,4,1256,2026-02-18T16:49:33.839978
89678caa1aad,ok,high,5,1290,2026-02-18T16:49:41.010651
f744dd26ed2b,ok,high,5,1371,2026-02-18T16:49:49.405997
d4d4ee3f58cb,ok,high,3,436,2026-02-18T16:49:57.976525
1938b0e61aca,ok,high,3,494,2026-02-18T16:50:03.306223
c199be0e00db,ok,high,3,444,2026-02-18T16:50:08.658572
6b1162278f6f,ok,high,1,54,2026-02-18T16:50:11.800351
9c4a91adb3f0,ok,high,7,472,2026-02-18T16:50:22.788842
c1f7abf42b2c,ok,high,4,728,2026-02-18T16:50:29.879389
180a102a93f5,ok,high,9,777,2026-02-18T16:50:41.529334
c65bf2220b8e,ok,high,10,1019,2026-02-18T16:50:55.687000
edea919f2bd5,ok,high,9,712,2026-02-18T16:51:07.121884
88047232d7d3,ok,high,7,712,2026-02-18T16:51:16.984588
a84aaa64d3ec,ok,high,7,723,2026-02-18T16:51:27.641058
4e261ee4f343,ok,high,9,805,2026-02-18T16:51:40.248292
b000a9e429c6,ok,high,6,719,2026-02-18T16:51:48.396091
b70882e618e5,ok,high,4,615,2026-02-18T16:51:54.604301
a685775f7623,ok,high,1,200,2026-02-18T16:51:57.412635
6613e9634c73,ok,high,4,270,2026-02-18T16:52:04.476856
3cf3b32cacee,ok,high,5,360,2026-02-18T16:52:11.850174
3b6c2e9bba31,ok,high,4,540,2026-02-18T16:52:17.922213
36d6f416cb9d,ok,high,3,800,2026-02-18T16:52:23.199561
087eedf50b87,ok,high,3,700,2026-02-18T16:52:28.338662
71d1ac7a4106,ok,high,4,992,2026-02-18T16:52:35.092070
a68aa9c22600,ok,high,5,1114,2026-02-18T16:52:42.440653
04fbe65e0e01,json_error,,0,0,2026-02-18T16:52:53.226630
940591e982c7,ok,high,3,382,2026-02-18T16:52:58.651500
eb67885e6b8e,ok,high,2,480,2026-02-18T16:53:03.967324
05928e41182d,ok,high,3,428,2026-02-18T16:53:08.868714
a95f9536ef5c,ok,high,3,1167,2026-02-18T16:53:13.939230
e48b674ec43f,ok,high,2,227,2026-02-18T16:53:18.514771
3664783d2a37,ok,high,5,800,2026-02-18T16:53:26.198034
9fd02c71824a,ok,high,4,812,2026-02-18T16:53:32.353053
a0370b0a904a,ok,high,3,675,2026-02-18T16:53:37.330590
db8657c62b65,ok,high,3,780,2026-02-18T16:53:42.281744
0a519a2d7d2f,ok,high,3,644,2026-02-18T16:53:48.310285
9b789ce4fb8c,ok,high,3,400,2026-02-18T16:53:53.350150
b04a2b7cdb42,ok,high,4,471,2026-02-18T16:53:59.537457
f423071d7be8,ok,high,5,650,2026-02-18T16:54:06.787585
eb0138e7c51f,ok,high,5,583,2026-02-18T16:54:15.844951
7b7a57deef93,ok,high,3,753,2026-02-18T16:54:21.808399
79eba51c3f43,ok,high,4,849,2026-02-18T16:54:28.255425
431a6e4eae9d,ok,high,2,310,2026-02-18T16:54:32.236552
d4c9e658032f,ok,high,5,736,2026-02-18T16:54:40.533369
206e9f43f30b,ok,high,5,1058,2026-02-18T16:54:48.622054
244d77bbc24b,ok,high,3,598,2026-02-18T16:54:53.826434
ee919e5ec92f,ok,high,3,838,2026-02-18T16:54:58.869758
cf622a378c0b,ok,high,3,536,2026-02-18T16:55:04.683822
42edc0ce0eb9,ok,high,6,829,2026-02-18T16:55:13.089361
97614622013f,ok,high,3,640,2026-02-18T16:55:18.527770
adab0c711d83,ok,high,2,390,2026-02-18T16:55:22.443529
c1de14b3fbfc,ok,high,3,739,2026-02-18T16:55:27.820301
ea235cd97073,ok,high,3,739,2026-02-18T16:55:33.782941
4d7011cf69ac,ok,high,3,655,2026-02-18T16:55:38.591406
7803f5295b8a,ok,high,4,905,2026-02-18T16:55:44.938104
2bec14e765d9,ok,high,3,650,2026-02-18T16:55:50.752499
273c9693c489,ok,high,3,670,2026-02-18T16:55:55.903594
f48096df1d8a,ok,high,5,856,2026-02-18T16:56:03.610567
a03bd2cad7b2,ok,high,5,688,2026-02-18T16:56:10.961033
1308bba928b9,ok,high,3,1184,2026-02-18T16:56:15.870154
9057209cfd3e,ok,high,3,147,2026-02-18T16:56:20.927085
5be0a19b77fa,ok,high,6,900,2026-02-18T16:56:29.546384
893a621f5a4a,ok,high,3,382,2026-02-18T16:56:34.943295
51e51d7f91d1,ok,high,6,987,2026-02-18T16:56:43.884149
0111fc0ed5f3,ok,high,5,942,2026-02-18T16:56:55.007879
b61bb788dbfc,ok,high,3,780,2026-02-18T16:57:00.426748
7ef2f6d3de2b,ok,high,3,382,2026-02-18T16:57:05.890904
3067900b279f,ok,high,2,165,2026-02-18T16:57:09.875680
ee7f049ce802,ok,high,4,617,2026-02-18T16:57:15.774938
8dba964a97ee,ok,high,5,825,2026-02-18T16:57:23.559719
049eb8fcd1a5,ok,high,5,898,2026-02-18T16:57:30.723293
fe9d920d2c1f,ok,high,4,1045,2026-02-18T16:57:37.910815
8ccdb094b153,ok,high,3,837,2026-02-18T16:57:42.838960
9feec22f08e1,ok,high,4,1079,2026-02-18T16:57:49.609281
1852caaa54e9,ok,high,4,855,2026-02-18T16:57:55.584836
aee3fddacaff,ok,high,4,1045,2026-02-18T16:58:01.785617
4e9edfa1b0b6,ok,high,6,1144,2026-02-18T16:58:11.294126
6861c0c85e72,ok,high,5,1062,2026-02-18T16:58:19.200592
83920d05c3ba,ok,high,5,1072,2026-02-18T16:58:27.380948
f502aa47c081,ok,high,3,382,2026-02-18T16:58:32.969274
bccec00d5966,ok,high,4,944,2026-02-18T16:58:39.680105
608f283d1199,ok,high,4,698,2026-02-18T16:58:48.626541
ada330752d90,ok,high,4,910,2026-02-18T16:58:54.974629
16fd411bff6d,ok,high,3,676,2026-02-18T16:59:00.045810
7902b7154b3d,ok,high,2,430,2026-02-18T16:59:05.074729
655e0e75cb30,ok,high,4,976,2026-02-18T16:59:12.345120
2405560c3d31,ok,high,3,638,2026-02-18T16:59:17.940938
ba9a3b202823,ok,high,3,638,2026-02-18T16:59:23.510517
b1f398e537ec,ok,high,2,202,2026-02-18T16:59:27.852229
bf58184452b6,ok,high,4,528,2026-02-18T16:59:36.100454
0f38db27c34b,ok,high,4,644,2026-02-18T16:59:42.729897
96dd8d1faf7c,ok,high,3,612,2026-02-18T16:59:48.560982
0e4f5d954b51,ok,high,2,424,2026-02-18T16:59:52.896790
f43509d0a34d,ok,high,6,910,2026-02-18T17:00:01.973435
693a9ef98ef8,ok,high,4,988,2026-02-18T17:00:09.663947
bbb7fd585dc7,ok,high,3,512,2026-02-18T17:00:14.678490
c7cd9d5ea72f,ok,high,3,756,2026-02-18T17:00:19.986445
6c1c5eeb4402,ok,high,4,842,2026-02-18T17:00:26.224050
8bf42d4bc73b,ok,high,4,884,2026-02-18T17:00:32.635328
b0db3f9287c3,ok,high,3,864,2026-02-18T17:00:38.628564
a1aa13780c7b,ok,high,4,1030,2026-02-18T17:00:44.475068
908aa3ae74ee,ok,high,4,417,2026-02-18T17:00:51.637133
00d2730b3cfb,ok,high,9,1103,2026-02-18T17:01:04.328028
eaf2500f43c2,ok,high,9,1301,2026-02-18T17:01:16.667401
2c9a945b1c86,ok,high,2,430,2026-02-18T17:01:21.297939
d58ebf6ee2db,ok,high,2,222,2026-02-18T17:01:25.199352
f7c12adb3cfc,ok,high,7,1095,2026-02-18T17:01:35.990262
1e8d2a692644,ok,high,10,1063,2026-02-18T17:01:50.031880
116bf88d8574,ok,high,5,866,2026-02-18T17:01:58.820912
6835b913d42e,ok,high,10,753,2026-02-18T17:02:10.879263
2eda9432d933,ok,high,4,681,2026-02-18T17:02:16.915568
36e72992570c,ok,high,3,601,2026-02-18T17:02:21.968636
fa4d3a30a8ac,ok,high,4,923,2026-02-18T17:02:27.949148
f1980353636f,ok,high,3,601,2026-02-18T17:02:33.040103
e104e9659a3b,ok,high,5,555,2026-02-18T17:02:41.397972
778f353bb742,ok,high,3,326,2026-02-18T17:02:46.946185
1324ac3da6ec,ok,high,8,1102,2026-02-18T17:02:59.132071
6e12d82d292a,ok,high,7,1462,2026-02-18T17:03:08.978169
6ebed55adb4e,ok,high,9,1649,2026-02-18T17:03:20.975159
f6da9006454c,ok,high,3,546,2026-02-18T17:03:26.739869
3d0a56e4a115,ok,high,5,855,2026-02-18T17:03:33.907596
ec4c0a53c444,ok,high,4,1250,2026-02-18T17:03:40.909147
2f01844fcf25,ok,high,4,1066,2026-02-18T17:03:50.028456
bfdd7e2da03f,ok,high,4,938,2026-02-18T17:03:56.576045
d32693c23867,ok,high,3,800,2026-02-18T17:04:02.495291
72b463408cce,ok,high,3,1022,2026-02-18T17:04:08.013622
47aec237a82f,ok,high,3,850,2026-02-18T17:04:13.281539
a0ade991e0fd,ok,high,4,1060,2026-02-18T17:04:19.447348
6432ac77176a,ok,high,3,606,2026-02-18T17:04:25.045115
f0abf552e690,ok,high,2,750,2026-02-18T17:04:29.549592
358d1a2beb18,ok,high,2,750,2026-02-18T17:04:33.469044
6b5941089560,ok,high,3,820,2026-02-18T17:04:38.600759
81ef3c4b3913,ok,high,2,222,2026-02-18T17:04:42.399357
6305ccbad935,ok,high,2,425,2026-02-18T17:04:46.698413
e57ae1a84589,ok,high,2,355,2026-02-18T17:04:51.668838
45dd0e2ddf45,ok,high,2,661,2026-02-18T17:04:55.551080
b1d982e8cc0e,json_error,,0,0,2026-02-18T17:05:08.467134
be6b376727bd,ok,high,4,827,2026-02-18T17:05:14.816516
cde978f26fd3,ok,high,7,1840,2026-02-18T17:05:25.871492
e3e1fa67bd05,ok,high,8,1550,2026-02-18T17:05:38.649946
f425d3bf87d0,json_error,,0,0,2026-02-18T17:05:52.293720
3a87827341a6,ok,high,9,1704,2026-02-18T17:06:08.611720
9408eb3a0abf,ok,high,4,953,2026-02-18T17:06:15.541085
560b6e4c7c7e,ok,high,8,2520,2026-02-18T17:06:26.197748
9b799083c40f,ok,high,3,728,2026-02-18T17:06:31.639752
1974d6c19fce,json_error,,0,0,2026-02-18T17:06:47.101657
775c9280cae2,ok,high,3,474,2026-02-18T17:06:52.295559
1e8d4cd6d92e,ok,high,8,1280,2026-02-18T17:07:02.840738
0e6dfb6281be,ok,high,4,764,2026-02-18T17:07:09.398874
2484263786a1,ok,high,7,753,2026-02-18T17:07:19.208583
3f50212b3952,ok,high,7,650,2026-02-18T17:07:29.311723
50d72edaf8b2,ok,high,6,603,2026-02-18T17:07:37.463827
a9ad87772746,ok,high,4,1160,2026-02-18T17:07:43.810264
59438d6eb79d,ok,high,8,1332,2026-02-18T17:07:54.129201
838bf895ad9d,ok,high,6,1342,2026-02-18T17:08:03.240858
1ac01779327c,ok,high,4,1310,2026-02-18T17:08:09.915460
f52a697fe3ce,ok,high,5,670,2026-02-18T17:08:17.601598
46acb9f0a6f5,ok,high,7,989,2026-02-18T17:08:27.805275
852f2051a2bd,ok,high,5,809,2026-02-18T17:08:34.809123
e9d2cf56e7b6,ok,high,5,1257,2026-02-18T17:08:43.301148
11eed432540e,ok,high,2,300,2026-02-18T17:08:47.346628
9cf4b54d24da,ok,high,4,1260,2026-02-18T17:08:53.925133
bfd3f3dbbe8c,ok,high,2,259,2026-02-18T17:08:57.828713
884c0e8af03a,ok,high,4,1560,2026-02-18T17:09:04.317884
517ff1ffcf4f,ok,high,6,1869,2026-02-18T17:09:14.034452
29ac7bce0088,ok,high,10,1164,2026-02-18T17:09:28.051700
f48f8df84eb7,ok,high,4,1054,2026-02-18T17:09:35.267784
5e989ad2c4de,ok,high,3,517,2026-02-18T17:09:40.131461
edc51b7014e8,ok,high,4,1260,2026-02-18T17:09:47.334401
0d31b404fd09,ok,high,7,860,2026-02-18T17:09:57.269887
97cee0c9c53b,ok,high,4,1100,2026-02-18T17:10:03.716217
935c26505723,ok,high,7,810,2026-02-18T17:10:15.013830
de74657045d9,ok,high,2,222,2026-02-18T17:10:18.822356
2f525e3b2685,json_error,,0,0,2026-02-18T17:10:31.960556
5aa0c0db1f25,ok,high,8,1221,2026-02-18T17:10:42.802221
eb8252b1cedc,ok,high,7,1456,2026-02-18T17:10:53.225046
dd0b34645a05,ok,high,6,559,2026-02-18T17:11:01.445193
495469b248df,ok,high,4,736,2026-02-18T17:11:08.071841
a5947217b7c4,ok,high,7,1276,2026-02-18T17:11:16.922972
f936a1e0e8fa,ok,high,4,652,2026-02-18T17:11:23.252892
86e32b0aceab,ok,high,3,1506,2026-02-18T17:11:28.373352
9c516c736e4b,ok,high,5,1252,2026-02-18T17:11:36.258080
5ba3a70fbe1a,ok,high,3,1949,2026-02-18T17:11:41.919588
0e32553b49bc,ok,high,5,1540,2026-02-18T17:11:49.135167
9155c0b02622,ok,high,4,1957,2026-02-18T17:11:55.508651
a9bf6639553e,ok,high,3,671,2026-02-18T17:12:00.461640
c886ebea1329,ok,high,4,1114,2026-02-18T17:12:06.979678
047cd2197142,ok,high,7,719,2026-02-18T17:12:16.816410
f60404365e18,ok,high,7,526,2026-02-18T17:12:26.229273
67d1b15ba4a7,ok,high,9,1300,2026-02-18T17:12:38.735848
b1ca6838e0ba,ok,high,9,759,2026-02-18T17:12:51.597307
3de1182119cb,ok,medium,3,560,2026-02-18T17:12:56.640621
fceadd326f77,ok,high,4,800,2026-02-18T17:13:02.237325
0e63aee8953f,ok,high,7,966,2026-02-18T17:13:11.865670
71abd71b9389,ok,high,4,720,2026-02-18T17:13:19.066301
8765be506309,ok,high,9,619,2026-02-18T17:13:30.739681
d8713356b8ca,ok,high,6,1310,2026-02-18T17:13:40.272012
50ab3318a703,ok,high,5,1440,2026-02-18T17:13:47.348902
66eef13aada9,ok,high,2,310,2026-02-18T17:13:51.439986
3c1c3a27464d,ok,high,8,1255,2026-02-18T17:14:03.402958
54a744e5ec58,ok,high,3,636,2026-02-18T17:14:08.723816
3019d4c6823d,ok,high,4,1450,2026-02-18T17:14:15.219935
c85d64d62047,ok,high,6,740,2026-02-18T17:14:24.164748
89413fdcb1ee,ok,high,9,1091,2026-02-18T17:14:36.330026
cb4169b5690b,ok,high,4,726,2026-02-18T17:14:42.384278
06adb386dc77,ok,high,4,620,2026-02-18T17:14:48.952901
942052615094,ok,high,5,707,2026-02-18T17:14:57.249151
7f815696b574,ok,high,2,226,2026-02-18T17:15:01.174372
cf33707733af,ok,high,5,936,2026-02-18T17:15:08.289494
4de18cd5d7ee,ok,high,5,1620,2026-02-18T17:15:15.807001
be55c1df3b6d,ok,high,2,360,2026-02-18T17:15:20.850641
deb3540a3da8,ok,high,5,1260,2026-02-18T17:15:28.184192
0d0738324f30,ok,high,3,898,2026-02-18T17:15:34.033793
c134a7980b57,ok,high,4,1252,2026-02-18T17:15:40.183387
dd750c0235b2,ok,high,4,792,2026-02-18T17:15:46.120455
ce0b3f8ee805,ok,high,4,640,2026-02-18T17:15:52.363855
efaa04c5289d,ok,high,7,2060,2026-02-18T17:16:02.605654
ed369919f621,ok,high,4,560,2026-02-18T17:16:09.061885
23c30581a1dd,ok,high,7,1156,2026-02-18T17:16:18.477206
c626bf9e9407,ok,high,4,1146,2026-02-18T17:16:25.707448
c17ce401a93f,ok,high,6,1058,2026-02-18T17:16:34.000115
8e60fa157286,ok,high,8,1211,2026-02-18T17:16:46.227709
03c25806a595,ok,high,8,1278,2026-02-18T17:16:57.723510
9dc24cb789c8,ok,high,4,932,2026-02-18T17:17:04.991700
b360d5065cba,ok,high,8,794,2026-02-18T17:17:15.875549
d6e2b2e6e24e,ok,high,4,704,2026-02-18T17:17:21.965826
ae858cc859b2,ok,high,7,984,2026-02-18T17:17:31.807434
71dd38aeaf6a,ok,high,10,1128,2026-02-18T17:17:51.568475
af630b5a4550,ok,high,4,1052,2026-02-18T17:17:58.386044
aeae3af82d9e,ok,high,9,760,2026-02-18T17:18:10.278982
d38a7c8cd96b,ok,high,3,590,2026-02-18T17:18:16.032647
753a0b174d4b,ok,high,9,990,2026-02-18T17:18:26.988273
c655f11b7cd2,ok,high,2,540,2026-02-18T17:18:31.420864
c7cf5f5b9807,ok,high,8,571,2026-02-18T17:18:41.641356
28da3a3c3fba,ok,high,3,683,2026-02-18T17:18:47.636373
7299fa818d6d,ok,high,4,675,2026-02-18T17:18:54.286661
f31c8ea98bfa,ok,high,4,1380,2026-02-18T17:19:03.386821
c85f8d971395,ok,high,3,582,2026-02-18T17:19:08.528423
f46deba730b0,ok,high,4,840,2026-02-18T17:19:15.952204
b1636fc831dc,ok,high,4,635,2026-02-18T17:19:22.569401
7efa05f84f89,ok,high,9,749,2026-02-18T17:19:33.697746
d27b62f1342a,ok,high,10,799,2026-02-18T17:19:46.054513
59d9140529ca,ok,high,5,1370,2026-02-18T17:19:53.820305
6326719b9247,ok,high,5,1276,2026-02-18T17:20:02.201821
282e3eacc484,ok,high,9,613,2026-02-18T17:20:13.258451
84f3770d74dc,ok,high,4,1056,2026-02-18T17:20:19.440449
aec08d478999,ok,high,9,595,2026-02-18T17:20:31.726496
dd789b7e1eb8,ok,high,2,530,2026-02-18T17:20:36.219252
389ed981b1aa,ok,high,9,760,2026-02-18T17:20:49.774287
d2af509debc2,ok,high,7,1064,2026-02-18T17:20:58.921613
39767c24c2f7,ok,high,4,895,2026-02-18T17:21:06.333735
38d0dabed80b,ok,high,8,807,2026-02-18T17:21:18.022379
d49cbad50060,ok,high,5,1400,2026-02-18T17:21:25.988257
233e6cf3aa43,ok,high,5,816,2026-02-18T17:21:33.953760
25e25f334163,api_error,,0,0,2026-02-18T17:21:43.959027
9386bb72fa49,ok,high,4,891,2026-02-18T17:21:53.657565
d5b8485595b2,ok,high,3,335,2026-02-18T17:21:59.284366
6f390aa897c9,ok,high,3,920,2026-02-18T17:22:05.024777
09473575e9fb,ok,high,1,300,2026-02-18T17:22:07.700878
11a435a6cbd8,ok,high,4,612,2026-02-18T17:22:14.944001
89f396a31036,ok,high,3,545,2026-02-18T17:22:20.429907
631be423598c,ok,high,3,1040,2026-02-18T17:22:26.643862
1ce2d4818c6b,ok,high,9,971,2026-02-18T17:22:39.300045
309435eb3a03,ok,high,9,1192,2026-02-18T17:22:51.271375
fc87ebb4c1cd,ok,high,3,430,2026-02-18T17:22:56.309720
7fd817ede0db,ok,high,9,1220,2026-02-18T17:23:08.301967
cdcbace0c517,ok,high,6,642,2026-02-18T17:23:17.280805
8d6d11cee453,ok,high,4,1158,2026-02-18T17:23:23.852325
62c464850274,ok,high,5,1242,2026-02-18T17:23:31.121159
91f93167e115,ok,high,6,655,2026-02-18T17:23:40.632722
d8c80f6b5ca6,ok,high,6,710,2026-02-18T17:23:49.592604
750cecf31739,ok,high,3,950,2026-02-18T17:23:55.187525
04ff639c4078,ok,high,6,1050,2026-02-18T17:24:03.188206
75c94594bf11,ok,high,4,810,2026-02-18T17:24:16.350356
bd2a1c6f7ae3,ok,high,2,320,2026-02-18T17:24:21.080985
b97aacf079fd,json_error,,0,0,2026-02-18T17:24:35.406183
fc8479aa19d0,ok,high,3,290,2026-02-18T17:24:40.449405
d51709ca8caf,ok,high,5,994,2026-02-18T17:24:48.421299
b9a64e10d4f0,ok,high,4,760,2026-02-18T17:24:55.502584
1bd02f504dbb,ok,high,4,930,2026-02-18T17:25:01.754680
98de244b304e,ok,high,3,736,2026-02-18T17:25:06.870094
5d635556fc69,ok,high,3,750,2026-02-18T17:25:11.894678
68331aa56e51,ok,high,5,892,2026-02-18T17:25:19.883049
6fddef0bcf02,ok,high,5,539,2026-02-18T17:25:26.890600
0d9122c5e200,ok,high,5,687,2026-02-18T17:25:33.751603
60098cf0fe09,ok,high,5,1570,2026-02-18T17:25:42.505431
d1b424895f8d,ok,high,2,454,2026-02-18T17:25:46.655192
626929766097,ok,high,3,303,2026-02-18T17:25:51.645368
909bb5bc91cd,ok,high,7,2250,2026-02-18T17:26:01.449570
b49662a9c8a2,ok,high,9,2411,2026-02-18T17:26:15.177521
284d6f30a472,ok,high,6,828,2026-02-18T17:26:23.480251
7d14ca30384d,ok,high,5,733,2026-02-18T17:26:30.939703
5c69af34f2d3,ok,high,9,2771,2026-02-18T17:26:44.147536
10eb0a6d5565,ok,high,4,650,2026-02-18T17:26:51.237783
0485afa577d6,ok,high,6,775,2026-02-18T17:26:59.864562
574caea1c5ee,ok,high,5,1710,2026-02-18T17:27:07.200150
365d8ebfdb9b,ok,high,3,800,2026-02-18T17:27:12.681046
a5de9673c633,ok,high,9,510,2026-02-18T17:27:24.211183
d8bd45fa2d84,ok,high,8,1164,2026-02-18T17:27:35.057654
685e2dbfa98b,ok,high,6,411,2026-02-18T17:27:44.366807
c945703cbce6,ok,high,2,510,2026-02-18T17:27:48.511446
8fca14bcc89a,ok,high,3,520,2026-02-18T17:30:13.119882
0e0fce39b472,ok,high,4,927,2026-02-18T17:30:19.973105
6b13179d39b1,ok,high,5,611,2026-02-18T17:30:27.675607
2ea6acbc4c51,ok,high,2,1090,2026-02-18T17:30:31.893107
455b27547192,ok,high,2,520,2026-02-18T17:30:36.231934
ca300f6cca02,ok,high,4,1198,2026-02-18T17:30:42.933381
59ce53c6edbb,json_error,,0,0,2026-02-18T17:30:57.840578
1254c51571ec,ok,high,7,1408,2026-02-18T17:31:07.795700
e6316194dd84,ok,high,5,2340,2026-02-18T17:31:15.966695
78412783542d,ok,high,6,1615,2026-02-18T17:31:24.847829
9e97d9cf1349,ok,high,6,643,2026-02-18T17:31:33.754452
d1d0baebc387,json_error,,0,0,2026-02-18T21:14:44.864820
29c6525a3407,ok,high,8,653,2026-02-18T21:15:15.377655
35633eef93ae,ok,high,8,1197,2026-02-18T21:15:26.661303
bca1a8312dba,json_error,,0,0,2026-02-18T21:15:42.401263
b81ced340050,ok,high,2,222,2026-02-18T21:15:46.168410
ccacf957e204,ok,high,6,1140,2026-02-18T21:15:54.668929
fa8bd4eba0d3,json_error,,0,0,2026-02-18T21:16:08.819877
b0eace3f2bc8,ok,high,6,1215,2026-02-18T21:16:18.263515
fe22d7fb3737,ok,high,7,1298,2026-02-18T21:16:29.510835
279ec61350f9,json_error,,0,0,2026-02-18T21:16:40.318667
681bec5731fd,ok,high,6,1345,2026-02-18T21:16:49.192415
7d5746894b02,ok,high,9,633,2026-02-18T21:17:02.408702
7d88f7615151,ok,high,6,1280,2026-02-18T21:17:12.192439
3d052e3cb6ed,ok,high,10,1471,2026-02-18T21:17:27.361402
009699e02655,ok,high,6,1702,2026-02-18T21:17:36.225656
eb0cd8fb1feb,ok,high,4,842,2026-02-18T21:17:42.386551
077d0db45df0,ok,high,3,452,2026-02-18T21:17:47.512957
db0c95406ebe,ok,high,6,839,2026-02-18T21:17:55.881664
ddce56befee5,ok,high,6,1391,2026-02-18T21:18:05.349247
e191beb49a09,ok,high,7,1502,2026-02-18T21:18:15.181374
335838534bb4,ok,high,6,957,2026-02-18T21:18:23.914008
3deb015f00a9,ok,high,6,1398,2026-02-18T21:18:32.871610
08b3aeb149c4,ok,high,10,1064,2026-02-18T21:18:46.824304
1653943dbe0b,ok,high,6,965,2026-02-18T21:18:56.002188
1e6fad6dc14d,ok,high,6,1404,2026-02-18T21:19:05.653830
0c593195ce09,ok,high,7,1854,2026-02-18T21:19:15.136094
efb43230a877,ok,high,5,765,2026-02-18T21:19:22.334853
1b82d51df4b8,ok,high,8,927,2026-02-18T21:19:33.783142
c7b929d137c2,ok,high,4,860,2026-02-18T21:19:40.756311
3dff3db01e11,ok,high,3,630,2026-02-18T21:19:45.826665
9c9c7ab82cd9,ok,high,9,823,2026-02-18T21:19:58.744131
5d986670b4f7,ok,high,3,726,2026-02-18T21:20:04.729080
4c464a1edddf,ok,high,5,988,2026-02-18T21:20:13.003346
d07f702603e2,ok,high,2,222,2026-02-18T21:20:17.128971
0c1e33bbf056,ok,high,3,630,2026-02-18T21:20:22.740097
9ed62afe192b,ok,high,5,1008,2026-02-18T21:20:31.161682
7c677403be20,ok,high,5,685,2026-02-18T21:20:39.370506
b56380c0f672,ok,medium,2,526,2026-02-18T21:20:43.461389
df1689ff1e5b,ok,high,3,626,2026-02-18T21:20:49.277273
0170e596f5c8,ok,high,4,856,2026-02-18T21:20:55.737297
5d32745b1600,ok,high,9,707,2026-02-18T21:21:07.825389
f0add59e4e58,json_error,,0,0,2026-02-18T21:21:21.595547
2c6a4f2ef22e,ok,high,10,857,2026-02-18T21:21:35.860628
23c1d2140e29,ok,high,5,765,2026-02-18T21:21:42.789774
5aeffd1ca052,ok,high,4,757,2026-02-18T21:21:48.764407
5e5cb0ac3c7a,ok,high,5,923,2026-02-18T21:21:56.207330
6fdd7f7d8784,ok,high,3,870,2026-02-18T21:22:01.445312
854359478ea4,json_error,,0,0,2026-02-18T21:22:14.908113
62223dfd2a80,ok,high,5,702,2026-02-18T21:22:23.582301
bc6d680e8261,ok,high,4,956,2026-02-18T21:22:30.485754
016a93ab8fa3,ok,high,3,870,2026-02-18T21:22:35.915078
5af00105cbc1,ok,high,3,726,2026-02-18T21:22:41.729209
c4118020a526,ok,high,4,1300,2026-02-18T21:22:48.211875
687dfad5e451,json_error,,0,0,2026-02-18T21:23:01.688776
45a990a7de04,ok,high,7,1025,2026-02-18T21:23:11.826709
a796251ccb6d,ok,high,7,1160,2026-02-18T21:23:22.784201
39cb9aafba2a,ok,high,2,700,2026-02-18T21:23:28.000262
9ae3777bc631,ok,high,3,848,2026-02-18T21:23:34.462841
04554d3d8ff3,ok,high,3,720,2026-02-18T21:23:40.298634
4024bcaf60fc,ok,high,3,726,2026-02-18T21:23:45.564085
bd4cf86f1fe4,ok,high,7,720,2026-02-18T21:23:56.596219
7b729b44f1ab,ok,high,3,940,2026-02-18T21:24:01.743962
3b6f6e13928d,ok,high,3,796,2026-02-18T21:24:06.714823
40765ce657ab,ok,high,2,608,2026-02-18T21:24:10.913883
385cdcd1a026,ok,high,3,616,2026-02-18T21:24:16.647941
3b413acf3574,ok,high,6,664,2026-02-18T21:24:24.613838
4dfffc104cab,ok,high,4,690,2026-02-18T21:24:31.394325
62941fcd596a,ok,high,7,958,2026-02-18T21:24:41.953210
96261ea3f933,ok,high,3,833,2026-02-18T21:24:47.617921
63b7c1e1984d,ok,high,3,1405,2026-02-18T21:24:53.670736
23a0cbd9f95c,ok,high,10,1101,2026-02-18T21:25:06.213464
d4ea44139920,ok,high,6,1343,2026-02-18T21:25:14.915693
4e6f87347252,ok,high,5,1008,2026-02-18T21:25:23.097232
ca668c29e66f,ok,high,3,590,2026-02-18T21:25:28.945229
b5fe3e49f23d,ok,high,7,1055,2026-02-18T21:25:39.798551
ad68d401c579,ok,high,5,1220,2026-02-18T21:25:48.292396
14a152992a3f,ok,high,1,270,2026-02-18T21:25:51.319542
62c3620b8ed0,ok,high,8,1159,2026-02-18T21:26:03.250182
28bb5d74a08f,ok,high,8,1159,2026-02-18T21:26:14.172696
63c40639c343,ok,high,8,1109,2026-02-18T21:26:26.393267
72fff24720a5,ok,high,3,1040,2026-02-18T21:26:32.197127
f6586342abe3,ok,high,10,995,2026-02-18T21:26:46.770470
fc8a516c51f0,ok,high,5,574,2026-02-18T21:26:54.142761
bf8d62d7ff64,ok,high,4,1290,2026-02-18T21:27:00.494668
3be7efbf77e8,ok,high,4,497,2026-02-18T21:27:07.440031
dcf24ea58039,ok,high,8,706,2026-02-18T21:27:18.616368
2c2f2b7e2cc7,ok,high,4,562,2026-02-18T21:27:25.439548
2902f9f52723,ok,high,5,622,2026-02-18T21:27:33.159366
7c7028b27907,ok,high,4,1155,2026-02-18T21:27:39.379702
273e2c549f1a,ok,high,8,732,2026-02-18T21:27:51.499621
791bdee63300,ok,high,2,171,2026-02-18T21:27:55.992057
14527b9f8356,ok,high,3,49,2026-02-18T21:28:01.337037
16cec503a61b,ok,high,8,691,2026-02-18T21:28:13.511518
7411d028ab01,ok,high,5,1040,2026-02-18T21:28:20.468431
1062f91225da,ok,high,5,651,2026-02-18T21:28:28.716507
2446c94d5013,ok,high,8,720,2026-02-18T21:28:41.151552
0a1c2165ae64,ok,high,3,1300,2026-02-18T21:28:46.372017
5e11d3d20eca,ok,high,6,790,2026-02-18T21:28:55.692981
fe1f0f534b88,ok,high,8,981,2026-02-18T21:29:06.467933
c2263b58424c,ok,high,8,1528,2026-02-18T21:29:18.222132
cd95ad51e037,ok,high,6,496,2026-02-18T21:29:26.211466
902dc6b0e99c,ok,high,6,878,2026-02-18T21:29:35.728286
ee05031c2c25,ok,high,4,775,2026-02-18T21:29:42.049968
067073bcf395,ok,high,9,1448,2026-02-18T21:29:55.801286
7cb3d378e81b,ok,high,7,999,2026-02-18T21:30:05.639131
1ac355908ccc,ok,high,5,716,2026-02-18T21:30:12.902093
0625ff237bd4,ok,high,9,1119,2026-02-18T21:30:25.703497
023a52ac4ee2,ok,high,2,575,2026-02-18T21:30:30.263850
822f5b1869a8,ok,high,4,535,2026-02-18T21:30:37.307213
b8439c3955ce,ok,high,3,645,2026-02-18T21:30:46.406079
95cf45dacc24,ok,high,3,1690,2026-02-18T21:30:53.259321
addb9c951b01,ok,high,3,524,2026-02-18T21:30:58.199748
400ec3fa743a,ok,high,3,1060,2026-02-18T21:31:03.699090
a59e3a948924,ok,high,3,1640,2026-02-18T21:31:08.980054
010778423b60,ok,high,3,524,2026-02-18T21:31:14.203618
1ab284f33193,ok,high,3,1674,2026-02-18T21:31:20.487398
43ca4cfcc67f,ok,high,4,743,2026-02-18T21:31:27.022560
2409d72f03ca,ok,high,4,831,2026-02-18T21:31:33.698437
7af37307817d,ok,high,4,887,2026-02-18T21:31:41.079646
a126c0fedf1e,ok,high,7,863,2026-02-18T21:31:51.307347
4be00912f5ca,ok,high,2,290,2026-02-18T21:31:55.698847
900afa7ea52e,ok,high,8,1003,2026-02-18T21:32:05.652090
041dfb5c9d23,ok,high,7,1027,2026-02-18T21:32:15.797758
d3abddab39b9,ok,high,5,537,2026-02-18T21:32:23.662761
7cbb656c9865,ok,high,5,905,2026-02-18T21:32:30.762829
5f4f607db763,ok,high,5,346,2026-02-18T21:32:38.722289
170647c54888,ok,high,5,726,2026-02-18T21:32:45.603775
6f40b5267093,ok,high,8,772,2026-02-18T21:32:57.052855
b722f0932225,ok,high,4,627,2026-02-18T21:33:03.402566
53bdc9ab3d5b,ok,high,7,788,2026-02-18T21:33:17.649636
3e1fdd17c582,ok,high,7,620,2026-02-18T21:33:27.570404
17ce99f36e76,ok,high,8,1367,2026-02-18T21:33:38.216787
238b52750f38,ok,high,4,599,2026-02-18T21:33:44.399695
05d5db7410a8,ok,high,8,752,2026-02-18T21:33:54.399825
5efcc10b0849,ok,high,6,946,2026-02-18T21:34:03.408374
deb7d56f604f,ok,high,6,577,2026-02-18T21:34:11.402804
54390b807f6f,ok,high,2,1600,2026-02-18T21:34:15.103909
26cec0ddbec9,ok,high,7,731,2026-02-18T21:34:24.878688
274218825ad0,ok,high,6,629,2026-02-18T21:34:34.643755
d82a1bc5ee0a,ok,high,6,860,2026-02-18T21:34:43.859364
80e931e46302,ok,high,6,473,2026-02-18T21:34:53.386411
06fceb46f432,ok,high,5,587,2026-02-18T21:35:01.779477
945c05366435,ok,high,6,859,2026-02-18T21:35:11.628189
6b27b00a0649,ok,high,5,1358,2026-02-18T21:35:20.517795
5157b9e9a2bb,ok,high,5,1290,2026-02-18T21:35:28.197120
2f8e5e44fa93,ok,high,5,1405,2026-02-18T21:35:35.670111
cbb41797570e,ok,high,5,408,2026-02-18T21:35:44.377302
e456cf038e2f,ok,high,2,740,2026-02-18T21:35:48.371919
95f9e09776ae,ok,high,2,730,2026-02-18T21:35:53.077425
5b7bec4de2bb,json_error,,0,0,2026-02-18T21:36:06.924967
edf4f6154674,ok,high,6,1069,2026-02-18T21:36:15.502116
3398b21a5104,ok,high,6,1080,2026-02-18T21:36:25.323689
df08512c2da6,ok,high,4,1440,2026-02-18T21:36:31.744483
794ab7d26126,ok,high,3,630,2026-02-18T21:36:38.683419
133023e408bb,json_error,,0,0,2026-02-18T21:36:51.316237
f9687565a362,json_error,,0,0,2026-02-18T21:37:04.965539
50f0ddb3832a,json_error,,0,0,2026-02-18T21:37:19.825674
410d319e58a5,ok,high,2,670,2026-02-18T21:37:24.214004
299502e13b41,json_error,,0,0,2026-02-18T21:37:39.482463
1965017ca8ca,ok,high,9,1183,2026-02-18T21:37:51.354559
9860af15dac7,ok,high,3,625,2026-02-18T21:37:57.401008
3f1c20642e85,json_error,,0,0,2026-02-18T21:38:11.337994
a75b5f73e260,ok,high,7,1263,2026-02-18T21:38:21.063542
da3b35b2f6a2,ok,high,3,955,2026-02-18T21:38:26.286406
01d1efd0cb0f,ok,high,7,895,2026-02-18T21:38:36.591783
6dd4fe8165ff,ok,high,3,865,2026-02-18T21:38:42.096847
a26fad2441e4,json_error,,0,0,2026-02-18T21:38:56.091887
c510cadef328,json_error,,0,0,2026-02-18T21:39:10.104220
9cc9f9d85195,json_error,,0,0,2026-02-18T21:39:23.417500
82b600858b2f,ok,high,3,409,2026-02-18T21:39:28.835929
db67c912dd85,ok,high,3,696,2026-02-18T21:39:34.167603
7015fe26f17c,ok,high,2,256,2026-02-18T21:39:38.473940
ae56509ccee8,json_error,,0,0,2026-02-18T21:39:53.011080
efd89c6983f6,ok,high,3,1165,2026-02-18T21:39:58.316125
2ed25dc09293,ok,high,2,670,2026-02-18T21:40:02.672904
f608103a2144,ok,high,3,731,2026-02-18T21:40:08.086197
2e07d82433d3,ok,high,9,645,2026-02-18T21:40:20.351450
36a933e2892d,ok,high,2,393,2026-02-18T21:40:24.787834
8729cc24d5a9,ok,high,3,540,2026-02-18T21:40:30.592224
c67d9f83ef98,ok,high,4,866,2026-02-18T21:40:36.663482
da48d2658b46,ok,high,3,656,2026-02-18T21:40:42.269967
8a34f0d1ad34,ok,high,4,606,2026-02-18T21:40:52.232705
baf41c1b123a,ok,high,4,876,2026-02-18T21:40:58.856977
4bb54b86a71b,ok,high,4,960,2026-02-18T21:41:05.346699
0da31d226ec9,ok,high,5,1070,2026-02-18T21:41:13.437210
badafea2b325,ok,high,3,645,2026-02-18T21:41:18.718618
6d818aee53dd,ok,high,3,680,2026-02-18T21:41:24.440293
4a15900ebbdc,ok,high,5,932,2026-02-18T21:41:32.955959
e8856ac5cd25,ok,high,5,1290,2026-02-18T21:41:40.472206
9eed974463fe,ok,high,6,749,2026-02-18T21:41:49.442718
217c4b35cfd0,api_error,,0,0,2026-02-18T21:41:56.295209
15268105e30c,api_error,,0,0,2026-02-18T21:41:57.086149
c1ba3e27ee69,ok,high,5,608,2026-02-18T21:41:57.577788
92c6d095f99f,api_error,,0,0,2026-02-18T21:41:58.143794
b73418321e2d,api_error,,0,0,2026-02-18T21:41:58.949679
7b8ce2d1ed3e,api_error,,0,0,2026-02-18T21:41:59.706736
f884818040cf,api_error,,0,0,2026-02-18T21:42:00.454798
d0d6307d440f,api_error,,0,0,2026-02-18T21:42:01.257427
485a6ad560da,api_error,,0,0,2026-02-18T21:42:02.014067
bf8618fda6da,api_error,,0,0,2026-02-18T21:42:02.788020
752c3c4edc54,api_error,,0,0,2026-02-18T21:42:03.563727
84a5f553f5b9,api_error,,0,0,2026-02-18T21:42:04.321033
b8a59ee2f789,api_error,,0,0,2026-02-18T21:42:05.170158
41cb932713cc,api_error,,0,0,2026-02-18T21:42:05.912339
a0acb14ec08f,api_error,,0,0,2026-02-18T21:42:06.665857
f75c4ae2c7f6,ok,high,6,1361,2026-02-18T21:42:07.218113
391895512b0c,api_error,,0,0,2026-02-18T21:42:07.511397
61ca67301901,api_error,,0,0,2026-02-18T21:42:08.265068
309a7cb0d0b0,api_error,,0,0,2026-02-18T21:42:09.018412
3858444fa0b4,api_error,,0,0,2026-02-18T21:42:09.768034
02a7818cce43,api_error,,0,0,2026-02-18T21:42:10.530046
ddb46d041cc5,api_error,,0,0,2026-02-18T21:42:11.309897
e9f62b2eae05,api_error,,0,0,2026-02-18T21:42:12.055228
ba460c2207da,api_error,,0,0,2026-02-18T21:42:12.827075
823b626a4068,ok,high,4,340,2026-02-18T21:42:13.504205
b4c6ea91ed79,api_error,,0,0,2026-02-18T21:42:13.646748
eb1768256896,api_error,,0,0,2026-02-18T21:42:14.490192
08048559c1a7,api_error,,0,0,2026-02-18T21:42:15.241802
fdaf8b65fe8f,api_error,,0,0,2026-02-18T21:42:16.065022
bdae0c033f34,api_error,,0,0,2026-02-18T21:42:16.823757
725dc525fbfd,ok,high,2,570,2026-02-18T21:42:17.495496
99c6d001b1b9,api_error,,0,0,2026-02-18T21:42:17.568942
f570adc41d63,api_error,,0,0,2026-02-18T21:42:18.307483
605a3dfc2c20,api_error,,0,0,2026-02-18T21:42:19.066558
06391afb3721,api_error,,0,0,2026-02-18T21:42:19.823981
cd79932cb47a,api_error,,0,0,2026-02-18T21:42:20.630858
851c76e49243,api_error,,0,0,2026-02-18T21:42:21.378511
c89599fd1f33,api_error,,0,0,2026-02-18T21:42:22.132290
efb5230a7733,api_error,,0,0,2026-02-18T21:42:22.877649
8d27c58de00f,api_error,,0,0,2026-02-18T21:42:23.644867
84f5afa456db,ok,high,4,450,2026-02-18T21:42:23.971412
4e7a3caf8a78,api_error,,0,0,2026-02-18T21:42:24.400700
4549d51d0318,api_error,,0,0,2026-02-18T21:42:25.153793
2e41eedb1089,api_error,,0,0,2026-02-18T21:42:25.907556
7b98b2f26de9,api_error,,0,0,2026-02-18T21:42:26.665852
175db4d440e6,api_error,,0,0,2026-02-18T21:42:27.417702
74a5624fbca4,api_error,,0,0,2026-02-18T21:42:28.205626
6dad1db25a28,api_error,,0,0,2026-02-18T21:42:28.966229
db0ca0021b69,ok,high,3,1200,2026-02-18T21:42:29.383061
48c75b557df8,api_error,,0,0,2026-02-18T21:42:29.710146
9953261164b9,api_error,,0,0,2026-02-18T21:42:30.476152
77c001a450e6,api_error,,0,0,2026-02-18T21:42:31.240823
4efbc927f309,api_error,,0,0,2026-02-18T21:42:32.006395
ce21d69abac4,api_error,,0,0,2026-02-18T21:42:32.752960
575efca7a4ce,api_error,,0,0,2026-02-18T21:42:33.612017
9db48e0aa1b2,ok,high,3,464,2026-02-18T21:42:34.169000
b6b5d0bcd4c7,api_error,,0,0,2026-02-18T21:42:34.361257
140c5362f5af,api_error,,0,0,2026-02-18T21:42:35.128068
d7eb37d9bd08,api_error,,0,0,2026-02-18T21:42:35.880489
25d3f1683c54,api_error,,0,0,2026-02-18T21:42:36.717888
e5e016881d45,api_error,,0,0,2026-02-18T21:42:37.471653
f53ffc666cb6,ok,high,2,650,2026-02-18T21:42:38.028964
84d77afe019d,api_error,,0,0,2026-02-18T21:42:38.330580
c98984cb4762,api_error,,0,0,2026-02-18T21:42:39.109590
69ebd9784525,api_error,,0,0,2026-02-18T21:42:39.922364
f30bd4708560,api_error,,0,0,2026-02-18T21:42:40.689222
0e50fcf5adc4,api_error,,0,0,2026-02-18T21:42:41.435695
2cd4d9266e65,api_error,,0,0,2026-02-18T21:42:42.227478
19bb536f167a,api_error,,0,0,2026-02-18T21:42:43.224554
95ad2f38c7cc,api_error,,0,0,2026-02-18T21:42:43.978678
e3a1f5136baf,api_error,,0,0,2026-02-18T21:42:44.742539
19185b8b5fa2,api_error,,0,0,2026-02-18T21:42:45.523893
47133058599c,api_error,,0,0,2026-02-18T21:42:46.319686
6ece360f95fd,api_error,,0,0,2026-02-18T21:42:47.096101
cc6f88ea31c3,api_error,,0,0,2026-02-18T21:42:47.947351
0e09a055e11c,api_error,,0,0,2026-02-18T21:42:48.703275
2dc56e0be825,api_error,,0,0,2026-02-18T21:42:49.464909
34b61e9f269c,api_error,,0,0,2026-02-18T21:42:50.301720
48bf9ecb1708,api_error,,0,0,2026-02-18T21:42:51.041752
6f21ae85bae9,json_error,,0,0,2026-02-18T21:42:51.654227
2139790eebbc,api_error,,0,0,2026-02-18T21:42:51.823530
027c06015d9f,api_error,,0,0,2026-02-18T21:42:52.601150
c14d3c4835a7,api_error,,0,0,2026-02-18T21:42:53.350530
65cc7b8d90aa,api_error,,0,0,2026-02-18T21:42:54.213670
83848938bada,api_error,,0,0,2026-02-18T21:42:54.948580
2ac24d0dc04c,api_error,,0,0,2026-02-18T21:42:55.702370
b434a8b87f78,ok,high,2,570,2026-02-18T21:42:56.247948
ecb0bedc9f5d,api_error,,0,0,2026-02-18T21:42:56.483847
d48c3c98efee,api_error,,0,0,2026-02-18T21:42:57.268604
18cd536e6e07,api_error,,0,0,2026-02-18T21:42:58.020657
0041485e15fd,api_error,,0,0,2026-02-18T21:42:58.969042
0c4fdaa3a8db,api_error,,0,0,2026-02-18T21:42:59.724958
410daea8a506,api_error,,0,0,2026-02-18T21:43:00.522755
a5280ebd4181,api_error,,0,0,2026-02-18T21:43:01.250182
fb6e52ebec75,api_error,,0,0,2026-02-18T21:43:02.023017
b1ab9fa2c965,api_error,,0,0,2026-02-18T21:43:02.839264
2e86fce4203a,api_error,,0,0,2026-02-18T21:43:03.595704
0af50834f56e,api_error,,0,0,2026-02-18T21:43:04.376585
a64548951316,api_error,,0,0,2026-02-18T21:43:05.131307
cfca03884619,api_error,,0,0,2026-02-18T21:43:05.979063
377f0625e6de,api_error,,0,0,2026-02-18T21:43:06.756150
ffae1f7233ea,api_error,,0,0,2026-02-18T21:43:07.608327
5ec502cedeee,ok,high,5,977,2026-02-18T21:43:08.150687
23dea9cbb976,api_error,,0,0,2026-02-18T21:43:08.418751
e2041421dcc2,api_error,,0,0,2026-02-18T21:43:09.268685
9bea0caf4ab1,api_error,,0,0,2026-02-18T21:43:10.011115
73de0b7132ec,api_error,,0,0,2026-02-18T21:43:10.767423
30553a532c04,api_error,,0,0,2026-02-18T21:43:11.515198
c002719cbc81,api_error,,0,0,2026-02-18T21:43:12.283814
ddede4b13da1,api_error,,0,0,2026-02-18T21:43:13.033554
26ab00bb0253,ok,high,3,698,2026-02-18T21:43:13.128767
f6da287e9645,api_error,,0,0,2026-02-18T21:43:13.800186
d5c646483045,api_error,,0,0,2026-02-18T21:43:14.570084
4069218a7bc8,api_error,,0,0,2026-02-18T21:43:15.354728
0b0f540bebd1,api_error,,0,0,2026-02-18T21:43:16.105505
b81039b4a95e,api_error,,0,0,2026-02-18T21:43:16.859763
b54dd0c4c31e,api_error,,0,0,2026-02-18T21:43:17.673624
e099d6bfab3a,api_error,,0,0,2026-02-18T21:43:18.443022
b82c78a20648,ok,high,3,840,2026-02-18T21:43:18.802109
512247d46b8a,api_error,,0,0,2026-02-18T21:43:19.187554
642eb0e427c7,api_error,,0,0,2026-02-18T21:43:19.939414
14878ce89d2c,api_error,,0,0,2026-02-18T21:43:20.697271
a34af8f1aa9e,api_error,,0,0,2026-02-18T21:43:21.527111
88c95862e98e,api_error,,0,0,2026-02-18T21:43:22.275937
c78a8bbc5c1e,api_error,,0,0,2026-02-18T21:43:23.038697
163ca137b8e9,api_error,,0,0,2026-02-18T21:43:23.794501
8000c4e78c4a,api_error,,0,0,2026-02-18T21:43:24.591456
ec7ec2485f9c,api_error,,0,0,2026-02-18T21:43:25.379215
1d403dcd53e0,api_error,,0,0,2026-02-18T21:43:26.160281
e29ea58801b1,api_error,,0,0,2026-02-18T21:43:26.926290
c1d13f1dddb2,api_error,,0,0,2026-02-18T21:43:27.676702
9a6fe631455f,api_error,,0,0,2026-02-18T21:43:28.424463
8c8c4f6aaf1c,api_error,,0,0,2026-02-18T21:43:29.178980
e30e696c4ad7,ok,high,7,1298,2026-02-18T21:43:29.834101
6ac10e76fa4d,api_error,,0,0,2026-02-18T21:43:29.962181
e659c003e98d,api_error,,0,0,2026-02-18T21:43:30.731383
c246456a1b7f,api_error,,0,0,2026-02-18T21:43:31.554648
360436a6ea21,api_error,,0,0,2026-02-18T21:43:32.290252
87ea93d8c99a,api_error,,0,0,2026-02-18T21:43:33.038263
3a3fc75c7ff2,api_error,,0,0,2026-02-18T21:43:33.786796
d32a063daf2c,api_error,,0,0,2026-02-18T21:43:34.558923
db9a4c41c572,ok,high,3,494,2026-02-18T21:43:34.670965
bddd82ba2f0e,api_error,,0,0,2026-02-18T21:43:35.333812
92839ad61f13,api_error,,0,0,2026-02-18T21:43:36.185989
79191d4ef3d7,api_error,,0,0,2026-02-18T21:43:36.936922
9a0fb23985b6,api_error,,0,0,2026-02-18T21:43:37.698169
3d1e1b0bdbd0,api_error,,0,0,2026-02-18T21:43:38.437992
f0af4b1f1f15,ok,high,2,510,2026-02-18T21:43:38.730400
3d1e1b0bdbd0,api_error,,0,0,2026-02-18T21:43:39.189111
48c5f8987b1c,api_error,,0,0,2026-02-18T21:43:39.974053
1976979b940b,api_error,,0,0,2026-02-18T21:43:40.754910
c0b1d59e2b8a,api_error,,0,0,2026-02-18T21:43:41.518117
0bf8c08633df,api_error,,0,0,2026-02-18T21:43:42.270641
fa0019182e8f,ok,high,2,600,2026-02-18T21:43:42.849139
fcfbe4fbba27,api_error,,0,0,2026-02-18T21:43:43.036203
2d2ee364337a,api_error,,0,0,2026-02-18T21:43:43.786713
8adc63d02efc,api_error,,0,0,2026-02-18T21:43:44.553480
335220ac22e3,api_error,,0,0,2026-02-18T21:43:45.349691
dfdfdf7fb359,api_error,,0,0,2026-02-18T21:43:46.111565
830d6d73cc00,api_error,,0,0,2026-02-18T21:43:46.901975
6612746e4174,api_error,,0,0,2026-02-18T21:43:47.662260
334484162e3d,ok,high,3,935,2026-02-18T21:43:48.230219
50ecf0a3f910,api_error,,0,0,2026-02-18T21:43:48.514529
84d839cde151,api_error,,0,0,2026-02-18T21:43:49.358640
84d839cde151,api_error,,0,0,2026-02-18T21:43:50.127396
f87f92dce2f2,api_error,,0,0,2026-02-18T21:43:50.876655
84311f89e60b,api_error,,0,0,2026-02-18T21:43:51.623218
887db2af4f18,api_error,,0,0,2026-02-18T21:43:52.463744
7d30b35a21e2,api_error,,0,0,2026-02-18T21:43:53.215281
6c34a8211c3d,api_error,,0,0,2026-02-18T21:43:53.978213
7a4d5b3774d0,api_error,,0,0,2026-02-18T21:43:54.769246
2ef205acee82,api_error,,0,0,2026-02-18T21:43:55.552490
80a20512e7ee,api_error,,0,0,2026-02-18T21:43:56.312399
4265c3e5eed1,api_error,,0,0,2026-02-18T21:43:57.058200
a5a802134c98,api_error,,0,0,2026-02-18T21:43:57.868297
1c9b639ad475,api_error,,0,0,2026-02-18T21:43:58.609300
8edaaf44f694,api_error,,0,0,2026-02-18T21:43:59.367970
0f4bafbea13c,ok,high,9,1429,2026-02-18T21:43:59.814308
8edaaf44f694,api_error,,0,0,2026-02-18T21:44:00.124808
b56af6eee0af,api_error,,0,0,2026-02-18T21:44:00.880674
c30d719df3d1,api_error,,0,0,2026-02-18T21:44:01.640773
462bb50a8943,api_error,,0,0,2026-02-18T21:44:02.402259
411dee36b005,api_error,,0,0,2026-02-18T21:44:03.183016
457edb6d9f29,api_error,,0,0,2026-02-18T21:44:03.929406
174a848de51a,api_error,,0,0,2026-02-18T21:44:04.705680
f18813a916eb,api_error,,0,0,2026-02-18T21:44:05.472978
dca451368dff,api_error,,0,0,2026-02-18T21:44:06.226516
17d29fc9a596,api_error,,0,0,2026-02-18T21:44:07.015361
77cb2925b2d7,api_error,,0,0,2026-02-18T21:44:07.765563
77cb2925b2d7,api_error,,0,0,2026-02-18T21:44:08.516453
2b8e2ea2f65d,api_error,,0,0,2026-02-18T21:44:09.278135
bcfb222ce316,api_error,,0,0,2026-02-18T21:44:10.089057
04f4fced0443,api_error,,0,0,2026-02-18T21:44:10.872410
a84fecfd4127,api_error,,0,0,2026-02-18T21:44:11.686364
f76d88d70e69,api_error,,0,0,2026-02-18T21:44:12.429687
2713273677e0,api_error,,0,0,2026-02-18T21:44:13.193435
287446224784,json_error,,0,0,2026-02-18T21:44:13.579915
ab348212e3d7,api_error,,0,0,2026-02-18T21:44:13.968249
908370f583e9,api_error,,0,0,2026-02-18T21:44:14.749035
153553470918,api_error,,0,0,2026-02-18T21:44:15.635185
398f167c9e2d,api_error,,0,0,2026-02-18T21:44:16.391570
4bf88f821662,api_error,,0,0,2026-02-18T21:44:17.169407
5b0930d06059,api_error,,0,0,2026-02-18T21:44:17.923962
1be384e9c5a9,api_error,,0,0,2026-02-18T21:44:18.729628
f223c5f69419,api_error,,0,0,2026-02-18T21:44:19.633084
611bfa63d9d5,api_error,,0,0,2026-02-18T21:44:20.380030
f8372b152ea9,api_error,,0,0,2026-02-18T21:44:21.134789
c56b7f9a2064,api_error,,0,0,2026-02-18T21:44:21.907034
c85ebb07cf87,api_error,,0,0,2026-02-18T21:44:22.700735
8df949f187f5,api_error,,0,0,2026-02-18T21:44:23.465600
3687cba645f1,api_error,,0,0,2026-02-18T21:44:24.311952
687f9ba16c90,api_error,,0,0,2026-02-18T21:44:25.083235
1cf30db2e938,api_error,,0,0,2026-02-18T21:44:25.849566
c4da9bb78d53,api_error,,0,0,2026-02-18T21:44:26.708500
11fc9333657c,json_error,,0,0,2026-02-18T21:44:27.244064
91801e659ace,api_error,,0,0,2026-02-18T21:44:27.460381
d76de5be9a6e,api_error,,0,0,2026-02-18T21:44:28.194020
7aeb6e0c7dfd,api_error,,0,0,2026-02-18T21:44:28.977162
650dc7918e31,api_error,,0,0,2026-02-18T21:44:29.733993
9faabc1d8f7d,api_error,,0,0,2026-02-18T21:44:30.484974
7f5f4b124853,api_error,,0,0,2026-02-18T21:44:31.236435
c856444a3efa,api_error,,0,0,2026-02-18T21:44:31.994869
afda3e51c55e,api_error,,0,0,2026-02-18T21:44:32.755934
7ef9c0d2af22,api_error,,0,0,2026-02-18T21:44:33.502667
614d50953406,api_error,,0,0,2026-02-18T21:44:34.332307
2595f92396d8,api_error,,0,0,2026-02-18T21:44:35.154936
885f91f3f11e,api_error,,0,0,2026-02-18T21:44:35.931314
3068802853e5,api_error,,0,0,2026-02-18T21:44:36.797720
feeb78a14290,api_error,,0,0,2026-02-18T21:44:37.617774
ad0e6e6ae4f8,api_error,,0,0,2026-02-18T21:44:38.384749
da3af91a17f8,api_error,,0,0,2026-02-18T21:44:39.139178
275c95284135,api_error,,0,0,2026-02-18T21:44:39.896554
7495f199ad92,api_error,,0,0,2026-02-18T21:44:40.663661
287446224784,json_error,,0,0,2026-02-18T21:44:41.385141
924d24ca2030,api_error,,0,0,2026-02-18T21:44:41.435703
141aacc7628b,api_error,,0,0,2026-02-18T21:44:42.193722
672d9cbf7537,api_error,,0,0,2026-02-18T21:44:43.093350
e50077548b1c,api_error,,0,0,2026-02-18T21:44:43.846183
63d999a35d3d,api_error,,0,0,2026-02-18T21:44:44.636029
37375318e1e8,api_error,,0,0,2026-02-18T21:44:45.481788
63d999a35d3d,api_error,,0,0,2026-02-18T21:44:46.235173
d0949e6750fd,api_error,,0,0,2026-02-18T21:44:46.987569
22c4fdee6564,api_error,,0,0,2026-02-18T21:44:47.740033
1a1b949ffa9b,api_error,,0,0,2026-02-18T21:44:48.513368
ef12ca5a0aa6,api_error,,0,0,2026-02-18T21:44:49.263663
2aa7177fa15b,api_error,,0,0,2026-02-18T21:44:50.037681
04c4b8bff5b2,api_error,,0,0,2026-02-18T21:44:50.793676
2e2c4cd1cb2d,api_error,,0,0,2026-02-18T21:44:51.613412
b99d4c69aedf,api_error,,0,0,2026-02-18T21:44:52.397332
6bfa84b5c0cb,api_error,,0,0,2026-02-18T21:44:53.174202
46ca4a2f90e6,api_error,,0,0,2026-02-18T21:44:53.932945
f7b4ad6a77e8,api_error,,0,0,2026-02-18T21:44:54.701742
1d293f1ef2ce,json_error,,0,0,2026-02-18T21:44:55.311193
64f9599b9c69,api_error,,0,0,2026-02-18T21:44:55.448092
64f9599b9c69,api_error,,0,0,2026-02-18T21:44:56.180757
2638f80cb115,api_error,,0,0,2026-02-18T21:44:56.944062
52b31b6fc513,api_error,,0,0,2026-02-18T21:44:57.696608
869f9970b5a3,api_error,,0,0,2026-02-18T21:44:58.454466
5ffb89362867,api_error,,0,0,2026-02-18T21:44:59.241605
2ec8ad9e7e95,ok,high,2,367,2026-02-18T21:44:59.743522
43d8c5ade72f,api_error,,0,0,2026-02-18T21:44:59.994835
e996f1659d15,api_error,,0,0,2026-02-18T21:45:00.740401
e1351821df28,api_error,,0,0,2026-02-18T21:45:01.477430
8c1b0d893c3f,api_error,,0,0,2026-02-18T21:45:02.230740
666ed5f7f5a9,api_error,,0,0,2026-02-18T21:45:03.026593
88b7e83a6ac6,api_error,,0,0,2026-02-18T21:45:03.893704
cedfb3c9dda7,api_error,,0,0,2026-02-18T21:45:04.638116
671bfa515288,api_error,,0,0,2026-02-18T21:45:05.391485
903a7e52363f,api_error,,0,0,2026-02-18T21:45:06.145683
925511f7d52a,api_error,,0,0,2026-02-18T21:45:06.945855
492336eaacfd,api_error,,0,0,2026-02-18T21:45:07.712621
afb712eeac0e,api_error,,0,0,2026-02-18T21:45:09.438484
f453c83e3625,api_error,,0,0,2026-02-18T21:45:10.214721
afb712eeac0e,api_error,,0,0,2026-02-18T21:45:10.994439
770d29d6287d,api_error,,0,0,2026-02-18T21:45:11.806794
6f8c120d9b2f,api_error,,0,0,2026-02-18T21:45:12.582465
04bf6e371301,ok,high,10,1050,2026-02-18T21:45:13.337101
6e71e5b71ee9,api_error,,0,0,2026-02-18T21:45:13.339805
e8e8a76df6f0,api_error,,0,0,2026-02-18T21:45:14.127694
bbfc691d70f9,api_error,,0,0,2026-02-18T21:45:14.887157
7057d7f0db4e,api_error,,0,0,2026-02-18T21:45:15.663222
fc1106bd1d69,api_error,,0,0,2026-02-18T21:45:16.408641
5f1bc925ec6a,api_error,,0,0,2026-02-18T21:45:17.176720
2c6abd5fdcc9,api_error,,0,0,2026-02-18T21:45:17.940046
e2d4f6f3b889,api_error,,0,0,2026-02-18T21:45:18.726763
ae91c5d035be,api_error,,0,0,2026-02-18T21:45:19.476377
837c1cd1b1d2,api_error,,0,0,2026-02-18T21:45:20.208667
7214de2007c4,api_error,,0,0,2026-02-18T21:45:21.020315
34c0be7db76c,api_error,,0,0,2026-02-18T21:45:21.796902
c31f22e173ae,api_error,,0,0,2026-02-18T21:45:22.590927
90ba54075ae1,api_error,,0,0,2026-02-18T21:45:23.372351
25fcb8cdb078,api_error,,0,0,2026-02-18T21:45:24.201801
535a33ddec2a,api_error,,0,0,2026-02-18T21:45:24.966714
f8a41fd42b71,api_error,,0,0,2026-02-18T21:45:25.701963
047b87e90354,json_error,,0,0,2026-02-18T21:45:26.009978
fac21fffd3e3,api_error,,0,0,2026-02-18T21:45:26.479158
a82ea43b6b51,api_error,,0,0,2026-02-18T21:45:27.228428
5b2049754e45,api_error,,0,0,2026-02-18T21:45:28.008946
4992a5156e9d,api_error,,0,0,2026-02-18T21:45:28.786693
0e8bbbb08d45,api_error,,0,0,2026-02-18T21:45:29.547849
2efae9efdc2f,api_error,,0,0,2026-02-18T21:45:30.346271
db1e8045e12f,api_error,,0,0,2026-02-18T21:45:31.110325
1ed10bda15c1,api_error,,0,0,2026-02-18T21:45:31.863088
a6da83b84cf8,api_error,,0,0,2026-02-18T21:45:32.630261
b1feefbdd12d,api_error,,0,0,2026-02-18T21:45:33.380056
8f4303ad89c4,api_error,,0,0,2026-02-18T21:45:34.160152
ead8f4569f92,api_error,,0,0,2026-02-18T21:45:34.913174
8f4303ad89c4,api_error,,0,0,2026-02-18T21:45:35.694036
9e2cbf44410b,api_error,,0,0,2026-02-18T21:45:36.579863
f3e686cb8e9b,api_error,,0,0,2026-02-18T21:45:37.570923
c4b90232fc25,api_error,,0,0,2026-02-18T21:45:38.331510
f1715aca3b24,api_error,,0,0,2026-02-18T21:45:39.093508
f1715aca3b24,api_error,,0,0,2026-02-18T21:45:39.866235
5fad559b6a7e,json_error,,0,0,2026-02-18T21:45:40.029035
488b8fedc417,api_error,,0,0,2026-02-18T21:45:40.619902
23e695c31be7,api_error,,0,0,2026-02-18T21:45:41.410673
1b193f5280ce,api_error,,0,0,2026-02-18T21:45:42.166747
8a252f9c4ed0,api_error,,0,0,2026-02-18T21:45:42.930192
db566f849e38,api_error,,0,0,2026-02-18T21:45:43.720701
5610350d4500,api_error,,0,0,2026-02-18T21:45:44.461822
e39d45e6e774,api_error,,0,0,2026-02-18T21:45:45.283576
2aa19276f403,api_error,,0,0,2026-02-18T21:45:46.046139
4c60916df028,api_error,,0,0,2026-02-18T21:45:46.820917
89877922cc99,api_error,,0,0,2026-02-18T21:45:47.578598
d895c34d2b4a,api_error,,0,0,2026-02-18T21:45:48.397127
4d1e4118d510,api_error,,0,0,2026-02-18T21:45:49.146687
b8729aa4e696,api_error,,0,0,2026-02-18T21:45:49.908813
5d38090fa99b,api_error,,0,0,2026-02-18T21:45:50.686340
141e1d9ecac0,api_error,,0,0,2026-02-18T21:45:51.436021
51e15f13bb01,api_error,,0,0,2026-02-18T21:45:52.196380
c78f23a88ec2,api_error,,0,0,2026-02-18T21:45:52.935788
60c4ad0bd47e,api_error,,0,0,2026-02-18T21:45:53.701280
8592af547ef7,api_error,,0,0,2026-02-18T21:45:54.455354
6950ff7ded2a,json_error,,0,0,2026-02-18T21:45:54.900369
c4f8dec94983,api_error,,0,0,2026-02-18T21:45:55.215543
d29640a5ba05,api_error,,0,0,2026-02-18T21:45:56.909989
4769cefb3e09,api_error,,0,0,2026-02-18T21:45:57.696114
357fb6b45c17,api_error,,0,0,2026-02-18T21:45:58.456132
3f4c2b9bded1,api_error,,0,0,2026-02-18T21:45:59.225938
27ceea5cf0bf,api_error,,0,0,2026-02-18T21:46:00.012078
e74ae0f72f54,ok,high,3,770,2026-02-18T21:46:00.630474
3b77ace3ff7d,api_error,,0,0,2026-02-18T21:46:00.829993
133f714a473d,api_error,,0,0,2026-02-18T21:46:01.575784
e481aabfa1e8,api_error,,0,0,2026-02-18T21:46:02.329966
f8a3bb6afc24,api_error,,0,0,2026-02-18T21:46:03.099323
e1dc4f980668,api_error,,0,0,2026-02-18T21:46:03.938572
d9699d20be1c,api_error,,0,0,2026-02-18T21:46:04.710143
aeb34782fadc,api_error,,0,0,2026-02-18T21:46:05.460946
1b20e02dd8c4,api_error,,0,0,2026-02-18T21:46:06.228730
44b3e8be6299,api_error,,0,0,2026-02-18T21:46:07.108020
23ae8bba787f,ok,high,5,955,2026-02-18T21:46:07.848906
6baf08b562f1,api_error,,0,0,2026-02-18T21:46:07.910567
c8378e4d8a14,api_error,,0,0,2026-02-18T21:46:08.670805
c85e1ebbd0ea,api_error,,0,0,2026-02-18T21:46:09.442257
3ddda1164547,api_error,,0,0,2026-02-18T21:46:10.205744
630861825510,api_error,,0,0,2026-02-18T21:46:10.970828
41cb2ce4b011,api_error,,0,0,2026-02-18T21:46:11.745288
64283515e67f,ok,high,2,255,2026-02-18T21:46:11.852563
a7193c4bb635,api_error,,0,0,2026-02-18T21:46:12.485653
5871f62d4785,api_error,,0,0,2026-02-18T21:46:13.233837
f099e7e2e55f,api_error,,0,0,2026-02-18T21:46:14.003503
76980662257b,api_error,,0,0,2026-02-18T21:46:14.756199
5ba704a230c2,api_error,,0,0,2026-02-18T21:46:15.506913
3beee024a8ea,api_error,,0,0,2026-02-18T21:46:16.371030
7254725cb6db,api_error,,0,0,2026-02-18T21:46:17.126631
fe07bf2267cf,api_error,,0,0,2026-02-18T21:46:17.894425
0fd611777d12,api_error,,0,0,2026-02-18T21:46:18.692895
fb56bd8ab353,api_error,,0,0,2026-02-18T21:46:19.471037
69956ae780fb,ok,high,6,836,2026-02-18T21:46:19.760945
b246c03742c5,api_error,,0,0,2026-02-18T21:46:20.413771
fdb84e4fd06c,api_error,,0,0,2026-02-18T21:46:21.223772
6764bce3d5fe,api_error,,0,0,2026-02-18T21:46:21.996308
472ef62ad89a,api_error,,0,0,2026-02-18T21:46:22.794866
e5b445b3eceb,api_error,,0,0,2026-02-18T21:46:23.542002
82b6d14ca93d,api_error,,0,0,2026-02-18T21:46:24.320331
014354bfabe0,api_error,,0,0,2026-02-18T21:46:25.069623
100b742526e9,api_error,,0,0,2026-02-18T21:46:25.845919
c260c94824d8,api_error,,0,0,2026-02-18T21:46:26.607562
9c015c7fb85f,api_error,,0,0,2026-02-18T21:46:27.368482
b45e3ef82952,api_error,,0,0,2026-02-18T21:46:28.123293
67db2e8f6db4,api_error,,0,0,2026-02-18T21:46:28.892090
3ea7d2809454,api_error,,0,0,2026-02-18T21:46:29.684839
c3529851d68f,api_error,,0,0,2026-02-18T21:46:30.427635
d123e76d63c0,api_error,,0,0,2026-02-18T21:46:31.216302
0927f7d9e9be,api_error,,0,0,2026-02-18T21:46:31.992471
04183ff08237,api_error,,0,0,2026-02-18T21:46:32.775457
24ed1db3edd1,json_error,,0,0,2026-02-18T21:46:32.788458
59d2f96052ec,api_error,,0,0,2026-02-18T21:46:33.536268
fa94ef67da1a,api_error,,0,0,2026-02-18T21:46:34.322279
8d5adfa36829,api_error,,0,0,2026-02-18T21:46:35.068213
5531f2202da2,api_error,,0,0,2026-02-18T21:46:35.836680
b10c985280b6,api_error,,0,0,2026-02-18T21:46:36.762078
4828ea6f372b,api_error,,0,0,2026-02-18T21:46:37.579574
3d13f0579bcc,api_error,,0,0,2026-02-18T21:46:38.332551
f3bb147b95ed,api_error,,0,0,2026-02-18T21:46:39.087491
0e371ff72955,api_error,,0,0,2026-02-18T21:46:39.875068
42dbc75c1ed3,api_error,,0,0,2026-02-18T21:46:40.621322
419273e10efb,api_error,,0,0,2026-02-18T21:46:41.384690
f46e2753829e,api_error,,0,0,2026-02-18T21:46:42.136595
6f102546ec83,api_error,,0,0,2026-02-18T21:46:42.928122
18b1f9b3b039,api_error,,0,0,2026-02-18T21:46:43.688337
b3aba3d32224,api_error,,0,0,2026-02-18T21:46:44.443511
5971ca25c791,api_error,,0,0,2026-02-18T21:46:45.206531
251847112b8b,api_error,,0,0,2026-02-18T21:46:46.012560
e0cc54fde672,api_error,,0,0,2026-02-18T21:46:46.928228
f7c599016fc3,api_error,,0,0,2026-02-18T21:46:47.671836
07a60d9f78ee,json_error,,0,0,2026-02-18T21:46:47.769697
43e4c8be36fb,api_error,,0,0,2026-02-18T21:46:48.419979
5c5942f4e73d,api_error,,0,0,2026-02-18T21:46:49.276885
c33dc04396cb,api_error,,0,0,2026-02-18T21:46:50.063174
653ff33b8691,api_error,,0,0,2026-02-18T21:46:50.795108
77b246b14870,api_error,,0,0,2026-02-18T21:46:51.557389
b26a4c7fc92e,api_error,,0,0,2026-02-18T21:46:52.318444
80ad0572c1fe,ok,high,3,1128,2026-02-18T21:46:52.680373
5fc3be2c228b,api_error,,0,0,2026-02-18T21:46:53.093235
e6129e943fc7,api_error,,0,0,2026-02-18T21:46:53.889524
4ed208aba536,api_error,,0,0,2026-02-18T21:46:54.646380
986ace4f9425,api_error,,0,0,2026-02-18T21:46:55.403612
4d8a17eefd5e,api_error,,0,0,2026-02-18T21:46:56.186187
8682bab76cbd,api_error,,0,0,2026-02-18T21:46:57.032613
8682bab76cbd,api_error,,0,0,2026-02-18T21:46:57.780582
8936a27c1b0e,api_error,,0,0,2026-02-18T21:46:58.572459
45ce9f4ba2a1,api_error,,0,0,2026-02-18T21:46:59.349659
93140125b192,api_error,,0,0,2026-02-18T21:47:00.098479
0e42044d15b7,api_error,,0,0,2026-02-18T21:47:00.891649
157f00d291f0,ok,high,6,756,2026-02-18T21:47:01.619192
8f27b28c32bd,api_error,,0,0,2026-02-18T21:47:01.651400
ed1460b3698a,api_error,,0,0,2026-02-18T21:47:02.396883
053ac318d310,api_error,,0,0,2026-02-18T21:47:03.144756
e3a423ad61a3,api_error,,0,0,2026-02-18T21:47:03.887907
7bd0f02c38b8,api_error,,0,0,2026-02-18T21:47:04.700890
42ed200faf4b,api_error,,0,0,2026-02-18T21:47:05.461521
f06f14809061,api_error,,0,0,2026-02-18T21:47:06.218911
23a4a824f527,api_error,,0,0,2026-02-18T21:47:06.980885
6bac28d1df12,api_error,,0,0,2026-02-18T21:47:07.740926
6e22b768fa3c,api_error,,0,0,2026-02-18T21:47:08.552415
a8cb5cc15037,api_error,,0,0,2026-02-18T21:47:09.298171
5f3aeff1d5b0,api_error,,0,0,2026-02-18T21:47:10.050190
ff6a2696b328,api_error,,0,0,2026-02-18T21:47:10.862504
177a303d0e4f,api_error,,0,0,2026-02-18T21:47:11.622827
3cb32f743f1c,api_error,,0,0,2026-02-18T21:47:12.417524
cbb1ea6d969d,api_error,,0,0,2026-02-18T21:47:13.178500
9d51ac8841aa,api_error,,0,0,2026-02-18T21:47:13.945003
41faf6740876,api_error,,0,0,2026-02-18T21:47:14.709460
c1ba1cc1991b,json_error,,0,0,2026-02-18T21:47:15.492816
d696eeebfde5,api_error,,0,0,2026-02-18T21:47:15.526257
ba3e414784bd,api_error,,0,0,2026-02-18T21:47:16.310729
859e2aa1fcb7,api_error,,0,0,2026-02-18T21:47:17.075204
ba78f2d01202,api_error,,0,0,2026-02-18T21:47:17.829118
d8d5558df3a4,api_error,,0,0,2026-02-18T21:47:18.651590
f46aba88c11c,api_error,,0,0,2026-02-18T21:47:19.403030
8c97d7f1e4e6,api_error,,0,0,2026-02-18T21:47:20.139755
4e52227dfd86,api_error,,0,0,2026-02-18T21:47:20.916023
27fdc10a8c9f,api_error,,0,0,2026-02-18T21:47:21.668712
8811ea99c0a7,api_error,,0,0,2026-02-18T21:47:22.440232
3a21102f40dc,ok,high,4,1670,2026-02-18T21:47:22.621057
8811ea99c0a7,api_error,,0,0,2026-02-18T21:47:23.288105
1d713a58c347,api_error,,0,0,2026-02-18T21:47:24.037652
e0821fc49a0b,api_error,,0,0,2026-02-18T21:47:24.805183
7324ec6f1032,api_error,,0,0,2026-02-18T21:47:25.558048
27209ee780a0,api_error,,0,0,2026-02-18T21:47:26.347485
1ec073a5312b,api_error,,0,0,2026-02-18T21:47:27.121763
8eaedb2dbe45,api_error,,0,0,2026-02-18T21:47:27.993935
57bb1973ca52,api_error,,0,0,2026-02-18T21:47:28.758032
af92310e2172,api_error,,0,0,2026-02-18T21:47:29.516207
4385e8601ad4,ok,high,4,1700,2026-02-18T21:47:29.834765
79a68ab24a1d,api_error,,0,0,2026-02-18T21:47:30.285324
f1b0f4390d15,api_error,,0,0,2026-02-18T21:47:31.062170
09e8c661ee3e,api_error,,0,0,2026-02-18T21:47:31.815127
22e8511096f8,api_error,,0,0,2026-02-18T21:47:32.561628
48da479cc4a8,api_error,,0,0,2026-02-18T21:47:33.332058
eb92afdb4927,api_error,,0,0,2026-02-18T21:47:34.097358
08b135238073,ok,high,2,370,2026-02-18T21:47:34.536973
a9810d9aff15,api_error,,0,0,2026-02-18T21:47:34.888364
a9810d9aff15,api_error,,0,0,2026-02-18T21:47:35.631175
6fb439f2e937,api_error,,0,0,2026-02-18T21:47:36.420082
3397de56bbc4,api_error,,0,0,2026-02-18T21:47:37.235020
c0a63c97f3d3,api_error,,0,0,2026-02-18T21:47:38.062893
3814efbb8f2b,api_error,,0,0,2026-02-18T21:47:38.821449
c8eb023caf3d,api_error,,0,0,2026-02-18T21:47:39.653379
8f343d067ac4,api_error,,0,0,2026-02-18T21:47:40.463278
094c77b32807,api_error,,0,0,2026-02-18T21:47:41.243564
3f7146e40752,api_error,,0,0,2026-02-18T21:47:42.072555
632fbbb14402,ok,high,6,560,2026-02-18T21:47:42.376658
2b1d2b6751d6,api_error,,0,0,2026-02-18T21:47:42.826935
c139f1e1b51e,api_error,,0,0,2026-02-18T21:47:43.575865
1a6cb11dd970,api_error,,0,0,2026-02-18T21:47:44.411803
d01a1bb65cef,api_error,,0,0,2026-02-18T21:47:45.167535
97866c35869c,api_error,,0,0,2026-02-18T21:47:46.108434
f6f25f2785cd,api_error,,0,0,2026-02-18T21:47:46.965644
d864e01e2891,api_error,,0,0,2026-02-18T21:47:47.742928
eb5eb60f3b4c,api_error,,0,0,2026-02-18T21:47:48.511566
88bf65c3e05a,ok,high,4,1680,2026-02-18T21:47:48.652469
170dabfdc6ed,api_error,,0,0,2026-02-18T21:47:49.266189
2c5d0c3bede6,api_error,,0,0,2026-02-18T21:47:50.024052
f93ed1af3587,api_error,,0,0,2026-02-18T21:47:50.772547
e9eed20f79a2,api_error,,0,0,2026-02-18T21:47:51.609392
6b002f0f87ad,api_error,,0,0,2026-02-18T21:47:52.362524
bf23e1859e21,api_error,,0,0,2026-02-18T21:47:53.176616
27c284a57153,ok,high,3,850,2026-02-18T21:47:53.619139
a261d8736b91,api_error,,0,0,2026-02-18T21:47:53.934843
a261d8736b91,api_error,,0,0,2026-02-18T21:47:54.706310
4a31ff1909f5,api_error,,0,0,2026-02-18T21:47:55.554627
e8d02505a64f,api_error,,0,0,2026-02-18T21:47:56.304397
0c1789d1f958,api_error,,0,0,2026-02-18T21:47:57.072197
2f965ab444c5,ok,high,2,650,2026-02-18T21:47:57.627059
4038d3b85b78,api_error,,0,0,2026-02-18T21:47:57.878569
6cc83e273ae1,api_error,,0,0,2026-02-18T21:47:58.619678
6ae69b278903,api_error,,0,0,2026-02-18T21:47:59.391829
ff521fa0e0a5,api_error,,0,0,2026-02-18T21:48:00.151605
925ae0b59e2c,api_error,,0,0,2026-02-18T21:48:00.911601
5fd99cef6f67,api_error,,0,0,2026-02-18T21:48:01.677137
cd2f0e24f53f,ok,high,2,750,2026-02-18T21:48:02.310505
f1d4542c8824,api_error,,0,0,2026-02-18T21:48:02.433789
096428b19642,api_error,,0,0,2026-02-18T21:48:03.172302
b9a18447b8c6,api_error,,0,0,2026-02-18T21:48:03.937299
c0263ee18ccb,api_error,,0,0,2026-02-18T21:48:04.700705
a821ba9e205c,api_error,,0,0,2026-02-18T21:48:05.463991
478f3590988e,api_error,,0,0,2026-02-18T21:48:06.220430
256548e29168,api_error,,0,0,2026-02-18T21:48:06.966162
7b8449b042ff,api_error,,0,0,2026-02-18T21:48:07.801109
51259043718d,api_error,,0,0,2026-02-18T21:48:08.559365
abd2e53b09b8,ok,high,4,452,2026-02-18T21:48:08.690524
121116159c3b,api_error,,0,0,2026-02-18T21:48:09.332904
22f4bf7ccb7c,api_error,,0,0,2026-02-18T21:48:10.116389
7640c480391b,api_error,,0,0,2026-02-18T21:48:10.951618
84bbdddae3cb,api_error,,0,0,2026-02-18T21:48:11.704772
174b929e8903,api_error,,0,0,2026-02-18T21:48:12.657412
3077a32c0ac9,ok,high,2,880,2026-02-18T21:48:13.279027
174b929e8903,api_error,,0,0,2026-02-18T21:48:13.488781
ba387ee1d07f,api_error,,0,0,2026-02-18T21:48:14.251670
10ff979f5121,api_error,,0,0,2026-02-18T21:48:15.029945
1fdb489a1d70,api_error,,0,0,2026-02-18T21:48:15.824362
6e273c12c536,api_error,,0,0,2026-02-18T21:48:16.711014
5e96c577aa73,api_error,,0,0,2026-02-18T21:48:17.473351
85209c247fa6,ok,high,2,400,2026-02-18T21:48:17.506416
9f77e090bed1,api_error,,0,0,2026-02-18T21:48:18.260556
8d41f25e5a54,api_error,,0,0,2026-02-18T21:48:19.020713
bc503c37a933,api_error,,0,0,2026-02-18T21:48:19.795267
1d530b1654b2,api_error,,0,0,2026-02-18T21:48:20.560157
3ed5aa506885,api_error,,0,0,2026-02-18T21:48:21.348224
9540af597fc1,api_error,,0,0,2026-02-18T21:48:22.307767
2716db6fbf7e,api_error,,0,0,2026-02-18T21:48:23.116609
f5d2e5a0fa0f,api_error,,0,0,2026-02-18T21:48:23.873952
af712a0be584,ok,high,4,742,2026-02-18T21:48:24.264551
eb9d45d7f3eb,api_error,,0,0,2026-02-18T21:48:24.621880
f8fb7b2ddb86,api_error,,0,0,2026-02-18T21:48:25.363577
e288de423cc8,api_error,,0,0,2026-02-18T21:48:26.141927
ff6a6b3b68e4,api_error,,0,0,2026-02-18T21:48:26.907935
0b9b656c696e,api_error,,0,0,2026-02-18T21:48:27.708770
52c4f8b9a77f,api_error,,0,0,2026-02-18T21:48:28.528896
21b4ee20c378,api_error,,0,0,2026-02-18T21:48:29.301166
f1d6a002164e,ok,high,3,640,2026-02-18T21:48:29.626055
06586f0d8fc1,api_error,,0,0,2026-02-18T21:48:30.145078
b6419eeecff3,api_error,,0,0,2026-02-18T21:48:30.893120
3029c9651fd3,api_error,,0,0,2026-02-18T21:48:31.652375
1cf4ec966bc2,api_error,,0,0,2026-02-18T21:48:32.407280
9aea8ab00b5f,api_error,,0,0,2026-02-18T21:48:33.169883
7be63a75e066,api_error,,0,0,2026-02-18T21:48:33.973856
564e9f8278f5,ok,high,2,687,2026-02-18T21:48:34.742388
ff8ae8f5d78c,api_error,,0,0,2026-02-18T21:48:34.759173
600567871a48,api_error,,0,0,2026-02-18T21:48:35.552963
7ce604261f8f,api_error,,0,0,2026-02-18T21:48:36.314149
c638fa54c153,api_error,,0,0,2026-02-18T21:48:37.091385
359eb18f6b8f,api_error,,0,0,2026-02-18T21:48:37.982143
9d754c0d5435,api_error,,0,0,2026-02-18T21:48:38.762268
edc283220734,api_error,,0,0,2026-02-18T21:48:39.530560
e64f4b7d7565,api_error,,0,0,2026-02-18T21:48:40.314380
d8711a6ef65e,api_error,,0,0,2026-02-18T21:48:41.070152
fd1dea73d352,ok,high,4,1168,2026-02-18T21:48:41.688023
423ad6bbc0b6,api_error,,0,0,2026-02-18T21:48:41.840948
855534a683b7,api_error,,0,0,2026-02-18T21:48:42.589620
9988f311462a,api_error,,0,0,2026-02-18T21:48:43.339272
6912130b3965,api_error,,0,0,2026-02-18T21:48:44.477514
e2a97cd0e44d,api_error,,0,0,2026-02-18T21:48:45.254527
105eb5d145b1,api_error,,0,0,2026-02-18T21:48:46.021375
a51246094eef,ok,high,3,402,2026-02-18T21:48:46.653206
906cd8db3eb7,api_error,,0,0,2026-02-18T21:48:46.767203
d1df644c242d,api_error,,0,0,2026-02-18T21:48:47.751471
ec721bfe4ec0,api_error,,0,0,2026-02-18T21:48:48.513652
7307c41f0bb2,api_error,,0,0,2026-02-18T21:48:49.265446
34f25a424fc0,api_error,,0,0,2026-02-18T21:48:50.028566
c56d45166266,api_error,,0,0,2026-02-18T21:48:50.876448
41ef4cd88421,api_error,,0,0,2026-02-18T21:48:51.640630
877c61522644,ok,high,3,560,2026-02-18T21:48:52.241976
cf96c0c83aae,api_error,,0,0,2026-02-18T21:48:52.404833
c459dd2d9476,api_error,,0,0,2026-02-18T21:48:53.255439
e5e16fdd1df1,api_error,,0,0,2026-02-18T21:48:54.015962
e5e16fdd1df1,api_error,,0,0,2026-02-18T21:48:54.806834
6019d74d8c0c,api_error,,0,0,2026-02-18T21:48:55.571161
c8a78e01b11f,api_error,,0,0,2026-02-18T21:48:56.322389
f1793226046b,api_error,,0,0,2026-02-18T21:48:57.075847
191b53aab6c4,api_error,,0,0,2026-02-18T21:48:57.845742
88be5a9adb7f,api_error,,0,0,2026-02-18T21:48:58.617574
dea92c317bc8,ok,high,4,810,2026-02-18T21:48:58.710990
39897b995efc,api_error,,0,0,2026-02-18T21:48:59.412319
286134d1bf3b,api_error,,0,0,2026-02-18T21:49:00.203372
89678caa1aad,api_error,,0,0,2026-02-18T21:49:00.967856
f744dd26ed2b,api_error,,0,0,2026-02-18T21:49:01.767510
d4d4ee3f58cb,api_error,,0,0,2026-02-18T21:49:02.554098
1938b0e61aca,api_error,,0,0,2026-02-18T21:49:03.321764
c199be0e00db,api_error,,0,0,2026-02-18T21:49:04.093899
6b1162278f6f,api_error,,0,0,2026-02-18T21:49:04.861327
9c4a91adb3f0,api_error,,0,0,2026-02-18T21:49:05.638385
c1f7abf42b2c,api_error,,0,0,2026-02-18T21:49:06.408179
180a102a93f5,api_error,,0,0,2026-02-18T21:49:07.163963
c65bf2220b8e,api_error,,0,0,2026-02-18T21:49:07.932593
edea919f2bd5,api_error,,0,0,2026-02-18T21:49:08.786540
88047232d7d3,api_error,,0,0,2026-02-18T21:49:09.548315
a84aaa64d3ec,api_error,,0,0,2026-02-18T21:49:10.318523
7fff5269fc01,ok,high,8,1641,2026-02-18T21:49:10.346951
4e261ee4f343,api_error,,0,0,2026-02-18T21:49:11.078915
b000a9e429c6,api_error,,0,0,2026-02-18T21:49:11.841732
b70882e618e5,api_error,,0,0,2026-02-18T21:49:12.889565
a685775f7623,api_error,,0,0,2026-02-18T21:49:13.646678
6613e9634c73,api_error,,0,0,2026-02-18T21:49:14.447851
3cf3b32cacee,api_error,,0,0,2026-02-18T21:49:15.221592
3b6c2e9bba31,api_error,,0,0,2026-02-18T21:49:15.972394
36d6f416cb9d,api_error,,0,0,2026-02-18T21:49:16.737719
6387904076c5,ok,high,4,824,2026-02-18T21:49:17.215424
087eedf50b87,api_error,,0,0,2026-02-18T21:49:17.631308
71d1ac7a4106,api_error,,0,0,2026-02-18T21:49:18.414021
a68aa9c22600,api_error,,0,0,2026-02-18T21:49:19.314397
04fbe65e0e01,api_error,,0,0,2026-02-18T21:49:20.068465
940591e982c7,api_error,,0,0,2026-02-18T21:49:20.829382
eb67885e6b8e,api_error,,0,0,2026-02-18T21:49:21.576635
05928e41182d,api_error,,0,0,2026-02-18T21:49:22.335993
a95f9536ef5c,api_error,,0,0,2026-02-18T21:49:23.104217
e48b674ec43f,api_error,,0,0,2026-02-18T21:49:23.942782
3664783d2a37,api_error,,0,0,2026-02-18T21:49:24.703477
9fd02c71824a,api_error,,0,0,2026-02-18T21:49:25.467754
a0370b0a904a,api_error,,0,0,2026-02-18T21:49:26.293238
db8657c62b65,api_error,,0,0,2026-02-18T21:49:27.061650
0a519a2d7d2f,api_error,,0,0,2026-02-18T21:49:27.804476
9b789ce4fb8c,api_error,,0,0,2026-02-18T21:49:28.569964
b04a2b7cdb42,api_error,,0,0,2026-02-18T21:49:29.350822
16be76613dc7,ok,high,9,1908,2026-02-18T21:49:30.138274
f423071d7be8,api_error,,0,0,2026-02-18T21:49:30.142767
eb0138e7c51f,api_error,,0,0,2026-02-18T21:49:30.996691
7b7a57deef93,api_error,,0,0,2026-02-18T21:49:31.765103
79eba51c3f43,api_error,,0,0,2026-02-18T21:49:32.541456
431a6e4eae9d,api_error,,0,0,2026-02-18T21:49:33.294353
d4c9e658032f,api_error,,0,0,2026-02-18T21:49:34.060695
206e9f43f30b,api_error,,0,0,2026-02-18T21:49:34.893113
697caffefe72,ok,high,3,432,2026-02-18T21:49:35.168562
244d77bbc24b,api_error,,0,0,2026-02-18T21:49:35.661496
ee919e5ec92f,api_error,,0,0,2026-02-18T21:49:36.418242
cf622a378c0b,api_error,,0,0,2026-02-18T21:49:37.177016
42edc0ce0eb9,api_error,,0,0,2026-02-18T21:49:38.033742
97614622013f,api_error,,0,0,2026-02-18T21:49:38.785070
adab0c711d83,api_error,,0,0,2026-02-18T21:49:39.555384
c1de14b3fbfc,api_error,,0,0,2026-02-18T21:49:40.322245
0e719ecc46fa,ok,high,3,560,2026-02-18T21:49:40.747516
ea235cd97073,api_error,,0,0,2026-02-18T21:49:41.094886
4d7011cf69ac,api_error,,0,0,2026-02-18T21:49:41.852911
7803f5295b8a,api_error,,0,0,2026-02-18T21:49:42.743075
2bec14e765d9,api_error,,0,0,2026-02-18T21:49:43.499756
273c9693c489,api_error,,0,0,2026-02-18T21:49:44.276817
f48096df1d8a,api_error,,0,0,2026-02-18T21:49:45.059499
a03bd2cad7b2,api_error,,0,0,2026-02-18T21:49:45.924720
1308bba928b9,api_error,,0,0,2026-02-18T21:49:46.682671
324d62bb4a79,ok,high,4,770,2026-02-18T21:49:47.082917
9057209cfd3e,api_error,,0,0,2026-02-18T21:49:47.431318
5be0a19b77fa,api_error,,0,0,2026-02-18T21:49:48.250593
893a621f5a4a,api_error,,0,0,2026-02-18T21:49:49.008608
51e51d7f91d1,api_error,,0,0,2026-02-18T21:49:49.840492
0111fc0ed5f3,api_error,,0,0,2026-02-18T21:49:50.613449
b61bb788dbfc,api_error,,0,0,2026-02-18T21:49:51.372585
7ef2f6d3de2b,api_error,,0,0,2026-02-18T21:49:52.148941
3067900b279f,api_error,,0,0,2026-02-18T21:49:52.943670
ee7f049ce802,api_error,,0,0,2026-02-18T21:49:53.706493
8dba964a97ee,api_error,,0,0,2026-02-18T21:49:54.500327
87a6768ce082,ok,high,5,822,2026-02-18T21:49:55.110605
049eb8fcd1a5,api_error,,0,0,2026-02-18T21:49:55.312148
fe9d920d2c1f,api_error,,0,0,2026-02-18T21:49:56.072156
8ccdb094b153,api_error,,0,0,2026-02-18T21:49:56.831008
9feec22f08e1,api_error,,0,0,2026-02-18T21:49:57.589571
1852caaa54e9,api_error,,0,0,2026-02-18T21:49:58.357918
aee3fddacaff,api_error,,0,0,2026-02-18T21:49:59.109230
4e9edfa1b0b6,api_error,,0,0,2026-02-18T21:49:59.891187
6861c0c85e72,api_error,,0,0,2026-02-18T21:50:00.652372
83920d05c3ba,api_error,,0,0,2026-02-18T21:50:01.442660
8b60c70965b6,ok,high,4,850,2026-02-18T21:50:01.684988
f502aa47c081,api_error,,0,0,2026-02-18T21:50:02.204973
bccec00d5966,api_error,,0,0,2026-02-18T21:50:02.986302
608f283d1199,api_error,,0,0,2026-02-18T21:50:03.762601
ada330752d90,api_error,,0,0,2026-02-18T21:50:04.516149
16fd411bff6d,api_error,,0,0,2026-02-18T21:50:05.273847
7902b7154b3d,api_error,,0,0,2026-02-18T21:50:06.094413
655e0e75cb30,api_error,,0,0,2026-02-18T21:50:06.868975
2405560c3d31,api_error,,0,0,2026-02-18T21:50:07.633380
20893baa6f04,ok,high,4,1273,2026-02-18T21:50:08.371828
ba9a3b202823,api_error,,0,0,2026-02-18T21:50:08.422407
b1f398e537ec,api_error,,0,0,2026-02-18T21:50:09.246581
bf58184452b6,api_error,,0,0,2026-02-18T21:50:10.024042
0f38db27c34b,api_error,,0,0,2026-02-18T21:50:10.769615
96dd8d1faf7c,api_error,,0,0,2026-02-18T21:50:11.550553
0e4f5d954b51,api_error,,0,0,2026-02-18T21:50:12.412654
f43509d0a34d,api_error,,0,0,2026-02-18T21:50:13.170466
693a9ef98ef8,api_error,,0,0,2026-02-18T21:50:13.960087
bbb7fd585dc7,api_error,,0,0,2026-02-18T21:50:14.708929
f7dcf1a8ce2f,ok,high,4,730,2026-02-18T21:50:14.748858
c7cd9d5ea72f,api_error,,0,0,2026-02-18T21:50:15.490220
6c1c5eeb4402,api_error,,0,0,2026-02-18T21:50:16.345216
8bf42d4bc73b,api_error,,0,0,2026-02-18T21:50:17.125288
b0db3f9287c3,api_error,,0,0,2026-02-18T21:50:18.166856
a1aa13780c7b,api_error,,0,0,2026-02-18T21:50:19.007493
908aa3ae74ee,api_error,,0,0,2026-02-18T21:50:19.768330
00d2730b3cfb,api_error,,0,0,2026-02-18T21:50:20.549506
eaf2500f43c2,api_error,,0,0,2026-02-18T21:50:21.485618
2c9a945b1c86,api_error,,0,0,2026-02-18T21:50:22.247284
d58ebf6ee2db,api_error,,0,0,2026-02-18T21:50:22.994081
e01387f2c66f,ok,high,5,1220,2026-02-18T21:50:23.563746
f7c12adb3cfc,api_error,,0,0,2026-02-18T21:50:23.755565
1e8d2a692644,api_error,,0,0,2026-02-18T21:50:24.533417
116bf88d8574,api_error,,0,0,2026-02-18T21:50:25.300516
6835b913d42e,api_error,,0,0,2026-02-18T21:50:26.074554
2eda9432d933,api_error,,0,0,2026-02-18T21:50:26.869112
36e72992570c,api_error,,0,0,2026-02-18T21:50:27.623938
fa4d3a30a8ac,api_error,,0,0,2026-02-18T21:50:28.375976
f1980353636f,api_error,,0,0,2026-02-18T21:50:29.134869
e104e9659a3b,api_error,,0,0,2026-02-18T21:50:29.878804
778f353bb742,api_error,,0,0,2026-02-18T21:50:30.695062
1324ac3da6ec,api_error,,0,0,2026-02-18T21:50:31.459197
6e12d82d292a,api_error,,0,0,2026-02-18T21:50:32.214063
6ebed55adb4e,api_error,,0,0,2026-02-18T21:50:32.960192
f6da9006454c,api_error,,0,0,2026-02-18T21:50:33.713567
3d0a56e4a115,api_error,,0,0,2026-02-18T21:50:34.552790
ec4c0a53c444,api_error,,0,0,2026-02-18T21:50:35.303756
36d2cb013e05,ok,high,9,1731,2026-02-18T21:50:36.061701
2f01844fcf25,api_error,,0,0,2026-02-18T21:50:36.095718
bfdd7e2da03f,api_error,,0,0,2026-02-18T21:50:36.931333
d32693c23867,api_error,,0,0,2026-02-18T21:50:37.708517
72b463408cce,api_error,,0,0,2026-02-18T21:50:38.461509
47aec237a82f,api_error,,0,0,2026-02-18T21:50:39.229959
a0ade991e0fd,api_error,,0,0,2026-02-18T21:50:39.998238
6432ac77176a,api_error,,0,0,2026-02-18T21:50:40.770649
f0abf552e690,api_error,,0,0,2026-02-18T21:50:41.553193
358d1a2beb18,api_error,,0,0,2026-02-18T21:50:42.358803
2884506edeb3,ok,high,4,630,2026-02-18T21:50:42.912646
6b5941089560,api_error,,0,0,2026-02-18T21:50:43.186264
81ef3c4b3913,api_error,,0,0,2026-02-18T21:50:43.936004
6305ccbad935,api_error,,0,0,2026-02-18T21:50:44.704637
e57ae1a84589,api_error,,0,0,2026-02-18T21:50:45.480210
45dd0e2ddf45,api_error,,0,0,2026-02-18T21:50:46.395858
b1d982e8cc0e,api_error,,0,0,2026-02-18T21:50:47.287925
be6b376727bd,api_error,,0,0,2026-02-18T21:50:48.047518
cde978f26fd3,api_error,,0,0,2026-02-18T21:50:48.810232
e3e1fa67bd05,api_error,,0,0,2026-02-18T21:50:49.561529
f425d3bf87d0,api_error,,0,0,2026-02-18T21:50:50.393034
3a87827341a6,api_error,,0,0,2026-02-18T21:50:51.187362
9408eb3a0abf,api_error,,0,0,2026-02-18T21:50:51.955865
560b6e4c7c7e,api_error,,0,0,2026-02-18T21:50:52.712619
9b799083c40f,api_error,,0,0,2026-02-18T21:50:53.480010
1974d6c19fce,api_error,,0,0,2026-02-18T21:50:54.236000
775c9280cae2,api_error,,0,0,2026-02-18T21:50:54.995357
1e8d4cd6d92e,api_error,,0,0,2026-02-18T21:50:55.772415
fb4448cccebd,json_error,,0,0,2026-02-18T21:50:56.020684
0e6dfb6281be,api_error,,0,0,2026-02-18T21:50:56.554721
2484263786a1,api_error,,0,0,2026-02-18T21:50:57.473623
3f50212b3952,api_error,,0,0,2026-02-18T21:50:58.265253
50d72edaf8b2,api_error,,0,0,2026-02-18T21:50:59.082916
a9ad87772746,api_error,,0,0,2026-02-18T21:50:59.853448
59438d6eb79d,api_error,,0,0,2026-02-18T21:51:00.632916
838bf895ad9d,api_error,,0,0,2026-02-18T21:51:01.444338
1ac01779327c,api_error,,0,0,2026-02-18T21:51:02.236086
f52a697fe3ce,api_error,,0,0,2026-02-18T21:51:03.008409
46acb9f0a6f5,api_error,,0,0,2026-02-18T21:51:03.761169
852f2051a2bd,api_error,,0,0,2026-02-18T21:51:04.507518
e9d2cf56e7b6,api_error,,0,0,2026-02-18T21:51:05.267293
a573b19c3687,ok,high,5,760,2026-02-18T21:51:05.465186
11eed432540e,api_error,,0,0,2026-02-18T21:51:06.056267
9cf4b54d24da,api_error,,0,0,2026-02-18T21:51:06.799288
bfd3f3dbbe8c,api_error,,0,0,2026-02-18T21:51:07.549991
884c0e8af03a,api_error,,0,0,2026-02-18T21:51:08.354687
517ff1ffcf4f,api_error,,0,0,2026-02-18T21:51:09.159109
29ac7bce0088,api_error,,0,0,2026-02-18T21:51:09.920924
f48f8df84eb7,api_error,,0,0,2026-02-18T21:51:10.685950
5e989ad2c4de,api_error,,0,0,2026-02-18T21:51:11.447830
edc51b7014e8,api_error,,0,0,2026-02-18T21:51:12.190664
0d31b404fd09,api_error,,0,0,2026-02-18T21:51:12.976410
97cee0c9c53b,api_error,,0,0,2026-02-18T21:51:13.750874
935c26505723,api_error,,0,0,2026-02-18T21:51:14.503770
de74657045d9,api_error,,0,0,2026-02-18T21:51:15.348156
2f525e3b2685,api_error,,0,0,2026-02-18T21:51:16.132066
1122da5e9eed,ok,high,8,689,2026-02-18T21:51:16.163745
5aa0c0db1f25,api_error,,0,0,2026-02-18T21:51:16.889223
eb8252b1cedc,api_error,,0,0,2026-02-18T21:51:17.691058
dd0b34645a05,api_error,,0,0,2026-02-18T21:51:18.442154
495469b248df,api_error,,0,0,2026-02-18T21:51:19.309724
a5947217b7c4,api_error,,0,0,2026-02-18T21:51:20.075153
f936a1e0e8fa,api_error,,0,0,2026-02-18T21:51:20.972704
86e32b0aceab,api_error,,0,0,2026-02-18T21:51:21.760841
9c516c736e4b,api_error,,0,0,2026-02-18T21:51:22.521895
5ba3a70fbe1a,api_error,,0,0,2026-02-18T21:51:23.270677
0e32553b49bc,api_error,,0,0,2026-02-18T21:51:24.038065
9155c0b02622,api_error,,0,0,2026-02-18T21:51:24.962919
a9bf6639553e,api_error,,0,0,2026-02-18T21:51:25.712952
c886ebea1329,api_error,,0,0,2026-02-18T21:51:26.480130
047cd2197142,api_error,,0,0,2026-02-18T21:51:27.256689
f60404365e18,api_error,,0,0,2026-02-18T21:51:28.027200
67d1b15ba4a7,api_error,,0,0,2026-02-18T21:51:28.787228
b1ca6838e0ba,api_error,,0,0,2026-02-18T21:51:29.562417
f5bfaac75ea2,ok,high,9,698,2026-02-18T21:51:29.979270
3de1182119cb,api_error,,0,0,2026-02-18T21:51:30.323573
fceadd326f77,api_error,,0,0,2026-02-18T21:51:31.077892
0e63aee8953f,api_error,,0,0,2026-02-18T21:51:31.825368
71abd71b9389,api_error,,0,0,2026-02-18T21:51:32.601460
8765be506309,api_error,,0,0,2026-02-18T21:51:33.361180
d8713356b8ca,api_error,,0,0,2026-02-18T21:51:34.102487
50ab3318a703,api_error,,0,0,2026-02-18T21:51:34.867444
66eef13aada9,api_error,,0,0,2026-02-18T21:51:35.626500
3c1c3a27464d,api_error,,0,0,2026-02-18T21:51:36.431696
54a744e5ec58,api_error,,0,0,2026-02-18T21:51:37.281403
3019d4c6823d,api_error,,0,0,2026-02-18T21:51:38.096447
c85d64d62047,api_error,,0,0,2026-02-18T21:51:38.866344
89413fdcb1ee,api_error,,0,0,2026-02-18T21:51:39.628564
cb4169b5690b,api_error,,0,0,2026-02-18T21:51:40.395550
06adb386dc77,api_error,,0,0,2026-02-18T21:51:41.180920
942052615094,api_error,,0,0,2026-02-18T21:51:41.924537
7f815696b574,api_error,,0,0,2026-02-18T21:51:42.824106
cf33707733af,api_error,,0,0,2026-02-18T21:51:43.835766
dc902487407d,json_error,,0,0,2026-02-18T21:51:44.242307
4de18cd5d7ee,api_error,,0,0,2026-02-18T21:51:44.737194
be55c1df3b6d,api_error,,0,0,2026-02-18T21:51:45.621154
deb3540a3da8,api_error,,0,0,2026-02-18T21:51:46.505887
0d0738324f30,api_error,,0,0,2026-02-18T21:51:47.419346
c134a7980b57,api_error,,0,0,2026-02-18T21:51:48.269308
dd750c0235b2,api_error,,0,0,2026-02-18T21:51:49.231773
ce0b3f8ee805,api_error,,0,0,2026-02-18T21:51:50.185477
4643b37c2284,ok,high,3,862,2026-02-18T21:51:50.234258
efaa04c5289d,api_error,,0,0,2026-02-18T21:51:50.956937
ed369919f621,api_error,,0,0,2026-02-18T21:52:44.921475
23c30581a1dd,api_error,,0,0,2026-02-18T21:52:45.863415
c626bf9e9407,api_error,,0,0,2026-02-18T21:52:46.616622
c17ce401a93f,api_error,,0,0,2026-02-18T21:52:47.498588
8e60fa157286,api_error,,0,0,2026-02-18T21:52:48.421451
03c25806a595,api_error,,0,0,2026-02-18T21:52:49.291076
9dc24cb789c8,api_error,,0,0,2026-02-18T21:52:50.180790
b360d5065cba,api_error,,0,0,2026-02-18T21:52:50.978797
d6e2b2e6e24e,api_error,,0,0,2026-02-18T21:52:51.715571
ae858cc859b2,api_error,,0,0,2026-02-18T21:52:52.626055
71dd38aeaf6a,api_error,,0,0,2026-02-18T21:52:53.518324
af630b5a4550,api_error,,0,0,2026-02-18T21:52:54.263647
aeae3af82d9e,api_error,,0,0,2026-02-18T21:52:55.008846
d38a7c8cd96b,api_error,,0,0,2026-02-18T21:52:55.847730
753a0b174d4b,api_error,,0,0,2026-02-18T21:52:56.627227
c655f11b7cd2,api_error,,0,0,2026-02-18T21:52:57.398844
c7cf5f5b9807,api_error,,0,0,2026-02-18T21:52:58.177890
28da3a3c3fba,api_error,,0,0,2026-02-18T21:52:59.082299
02ec3b5bd959,ok,high,9,916,2026-02-18T21:52:59.274594
7299fa818d6d,api_error,,0,0,2026-02-18T21:52:59.927693
f31c8ea98bfa,api_error,,0,0,2026-02-18T21:53:00.690337
c85f8d971395,api_error,,0,0,2026-02-18T21:53:01.496563
f46deba730b0,api_error,,0,0,2026-02-18T21:53:02.363053
b1636fc831dc,api_error,,0,0,2026-02-18T21:53:03.122949
7efa05f84f89,api_error,,0,0,2026-02-18T21:53:04.106212
d27b62f1342a,api_error,,0,0,2026-02-18T21:53:04.847009
c88f8b18df51,ok,high,4,992,2026-02-18T21:53:05.495319
59d9140529ca,api_error,,0,0,2026-02-18T21:53:05.591317
6326719b9247,api_error,,0,0,2026-02-18T21:53:06.368538
282e3eacc484,api_error,,0,0,2026-02-18T21:53:07.141809
84f3770d74dc,api_error,,0,0,2026-02-18T21:53:07.906575
aec08d478999,api_error,,0,0,2026-02-18T21:53:08.659229
dd789b7e1eb8,api_error,,0,0,2026-02-18T21:53:09.450914
389ed981b1aa,api_error,,0,0,2026-02-18T21:53:10.187959
c5afefa8b87a,ok,high,3,1220,2026-02-18T21:53:10.857305
d2af509debc2,api_error,,0,0,2026-02-18T21:53:10.949045
39767c24c2f7,api_error,,0,0,2026-02-18T21:53:11.750868
38d0dabed80b,api_error,,0,0,2026-02-18T21:53:12.676476
d49cbad50060,api_error,,0,0,2026-02-18T21:53:13.606299
233e6cf3aa43,api_error,,0,0,2026-02-18T21:53:14.583456
25e25f334163,api_error,,0,0,2026-02-18T21:53:15.343503
9386bb72fa49,api_error,,0,0,2026-02-18T21:53:16.215002
d5b8485595b2,api_error,,0,0,2026-02-18T21:53:17.197397
6f390aa897c9,api_error,,0,0,2026-02-18T21:53:18.208853
09473575e9fb,api_error,,0,0,2026-02-18T21:53:19.016950
11a435a6cbd8,api_error,,0,0,2026-02-18T21:53:19.769817
89f396a31036,api_error,,0,0,2026-02-18T21:53:20.549135
631be423598c,api_error,,0,0,2026-02-18T21:53:21.336557
89f396a31036,api_error,,0,0,2026-02-18T21:53:22.127784
1ce2d4818c6b,api_error,,0,0,2026-02-18T21:53:22.872543
309435eb3a03,api_error,,0,0,2026-02-18T21:53:23.676142
d8deab4f9e83,ok,high,5,995,2026-02-18T21:53:23.696768
fc87ebb4c1cd,api_error,,0,0,2026-02-18T21:53:24.435267
7fd817ede0db,api_error,,0,0,2026-02-18T21:53:25.205241
cdcbace0c517,api_error,,0,0,2026-02-18T21:53:26.083548
8d6d11cee453,api_error,,0,0,2026-02-18T21:53:26.859827
62c464850274,api_error,,0,0,2026-02-18T21:53:27.621321
b36ed46a990b,ok,high,2,660,2026-02-18T21:53:28.142249
91f93167e115,api_error,,0,0,2026-02-18T21:53:28.367606
d8c80f6b5ca6,api_error,,0,0,2026-02-18T21:53:29.127078
750cecf31739,api_error,,0,0,2026-02-18T21:53:29.904699
04ff639c4078,api_error,,0,0,2026-02-18T21:53:30.664029
75c94594bf11,api_error,,0,0,2026-02-18T21:53:31.444636
bd2a1c6f7ae3,api_error,,0,0,2026-02-18T21:53:32.199354
b97aacf079fd,api_error,,0,0,2026-02-18T21:53:32.961304
fc8479aa19d0,api_error,,0,0,2026-02-18T21:53:33.711243
d51709ca8caf,api_error,,0,0,2026-02-18T21:53:34.459644
b9a64e10d4f0,api_error,,0,0,2026-02-18T21:53:35.268457
c47b1cbdf08e,ok,high,4,1325,2026-02-18T21:53:35.351651
1bd02f504dbb,api_error,,0,0,2026-02-18T21:53:36.025842
98de244b304e,api_error,,0,0,2026-02-18T21:53:36.868034
5d635556fc69,api_error,,0,0,2026-02-18T21:53:37.678642
68331aa56e51,api_error,,0,0,2026-02-18T21:53:38.457407
6fddef0bcf02,api_error,,0,0,2026-02-18T21:53:39.206739
0d9122c5e200,api_error,,0,0,2026-02-18T21:53:39.958472
60098cf0fe09,api_error,,0,0,2026-02-18T21:53:40.741022
d1b424895f8d,api_error,,0,0,2026-02-18T21:53:41.501365
626929766097,api_error,,0,0,2026-02-18T21:53:42.267019
2eb69bcc8af1,ok,high,4,1327,2026-02-18T21:53:42.819764
909bb5bc91cd,api_error,,0,0,2026-02-18T21:53:43.015981
b49662a9c8a2,api_error,,0,0,2026-02-18T21:53:43.760208
284d6f30a472,api_error,,0,0,2026-02-18T21:53:44.683271
7d14ca30384d,api_error,,0,0,2026-02-18T21:53:45.441284
5c69af34f2d3,api_error,,0,0,2026-02-18T21:53:46.194796
10eb0a6d5565,api_error,,0,0,2026-02-18T21:53:46.989921
0485afa577d6,api_error,,0,0,2026-02-18T21:53:47.740262
574caea1c5ee,api_error,,0,0,2026-02-18T21:53:48.573249
2350a97c7ec0,ok,high,4,775,2026-02-18T21:53:49.285051
365d8ebfdb9b,api_error,,0,0,2026-02-18T21:53:49.326888
a5de9673c633,api_error,,0,0,2026-02-18T21:53:50.155545
d8bd45fa2d84,api_error,,0,0,2026-02-18T21:53:50.943923
685e2dbfa98b,api_error,,0,0,2026-02-18T21:53:51.691446
c945703cbce6,api_error,,0,0,2026-02-18T21:53:52.447654
8fca14bcc89a,api_error,,0,0,2026-02-18T21:53:53.430499
0e0fce39b472,api_error,,0,0,2026-02-18T21:53:54.281423
6b13179d39b1,api_error,,0,0,2026-02-18T21:53:55.017241
69536670563d,ok,high,4,1272,2026-02-18T21:53:55.475591
2ea6acbc4c51,api_error,,0,0,2026-02-18T21:53:55.801110
455b27547192,api_error,,0,0,2026-02-18T21:53:56.563607
ca300f6cca02,api_error,,0,0,2026-02-18T21:53:57.327220
59ce53c6edbb,api_error,,0,0,2026-02-18T21:53:58.110494
1254c51571ec,api_error,,0,0,2026-02-18T21:53:58.903237
e6316194dd84,api_error,,0,0,2026-02-18T21:53:59.661565
78412783542d,api_error,,0,0,2026-02-18T21:54:00.475733
9e97d9cf1349,api_error,,0,0,2026-02-18T21:54:01.223907
d1d0baebc387,api_error,,0,0,2026-02-18T21:54:01.982654
29c6525a3407,api_error,,0,0,2026-02-18T21:54:02.741074
35633eef93ae,api_error,,0,0,2026-02-18T21:54:03.505165
bca1a8312dba,api_error,,0,0,2026-02-18T21:54:04.262836
b81ced340050,api_error,,0,0,2026-02-18T21:54:05.115662
ccacf957e204,api_error,,0,0,2026-02-18T21:54:05.868992
fa8bd4eba0d3,api_error,,0,0,2026-02-18T21:54:06.628994
b0eace3f2bc8,api_error,,0,0,2026-02-18T21:54:07.386669
fe22d7fb3737,api_error,,0,0,2026-02-18T21:54:08.136235
279ec61350f9,api_error,,0,0,2026-02-18T21:54:08.895915
681bec5731fd,api_error,,0,0,2026-02-18T21:54:09.683015
9e7be0b5d111,json_error,,0,0,2026-02-18T21:54:10.076879
7d5746894b02,api_error,,0,0,2026-02-18T21:54:10.512473
7d88f7615151,api_error,,0,0,2026-02-18T21:54:11.254773
3d052e3cb6ed,api_error,,0,0,2026-02-18T21:54:12.100621
009699e02655,api_error,,0,0,2026-02-18T21:54:12.863269
eb0cd8fb1feb,api_error,,0,0,2026-02-18T21:54:13.641555
077d0db45df0,api_error,,0,0,2026-02-18T21:54:14.406162
e92dc7c6c36d,ok,high,3,372,2026-02-18T21:54:15.141104
db0c95406ebe,api_error,,0,0,2026-02-18T21:54:15.154052
ddce56befee5,api_error,,0,0,2026-02-18T21:54:15.911405
e191beb49a09,api_error,,0,0,2026-02-18T21:54:16.666877
335838534bb4,api_error,,0,0,2026-02-18T21:54:17.525522
3deb015f00a9,api_error,,0,0,2026-02-18T21:54:18.278299
08b3aeb149c4,api_error,,0,0,2026-02-18T21:54:19.041048
7ea1a23f6a46,ok,high,2,840,2026-02-18T21:54:19.411692
1653943dbe0b,api_error,,0,0,2026-02-18T21:54:19.792732
1e6fad6dc14d,api_error,,0,0,2026-02-18T21:54:20.546336
0c593195ce09,api_error,,0,0,2026-02-18T21:54:21.337352
efb43230a877,api_error,,0,0,2026-02-18T21:54:22.091582
1b82d51df4b8,api_error,,0,0,2026-02-18T21:54:22.847067
c7b929d137c2,api_error,,0,0,2026-02-18T21:54:23.599005
3dff3db01e11,api_error,,0,0,2026-02-18T21:54:24.382066
9c9c7ab82cd9,api_error,,0,0,2026-02-18T21:54:25.164996
5d986670b4f7,api_error,,0,0,2026-02-18T21:54:25.989810
54b51121a1dd,ok,high,4,1422,2026-02-18T21:54:25.993097
4c464a1edddf,api_error,,0,0,2026-02-18T21:54:26.765316
d07f702603e2,api_error,,0,0,2026-02-18T21:54:27.522309
0c1e33bbf056,api_error,,0,0,2026-02-18T21:54:28.270092
9ed62afe192b,api_error,,0,0,2026-02-18T21:54:29.039721
7c677403be20,api_error,,0,0,2026-02-18T21:54:29.982136
b56380c0f672,api_error,,0,0,2026-02-18T21:54:30.727893
df1689ff1e5b,api_error,,0,0,2026-02-18T21:54:31.472269
0170e596f5c8,api_error,,0,0,2026-02-18T21:54:32.234696
5d32745b1600,api_error,,0,0,2026-02-18T21:54:33.024217
f0add59e4e58,api_error,,0,0,2026-02-18T21:54:33.775195
2c6a4f2ef22e,api_error,,0,0,2026-02-18T21:54:34.538088
a38e972ba7bf,ok,high,5,1180,2026-02-18T21:54:34.600945
23c1d2140e29,api_error,,0,0,2026-02-18T21:54:35.301899
5aeffd1ca052,api_error,,0,0,2026-02-18T21:54:36.053624
5e5cb0ac3c7a,api_error,,0,0,2026-02-18T21:54:36.824237
6fdd7f7d8784,api_error,,0,0,2026-02-18T21:54:37.582492
854359478ea4,api_error,,0,0,2026-02-18T21:54:38.350754
62223dfd2a80,api_error,,0,0,2026-02-18T21:54:39.143137
bc6d680e8261,api_error,,0,0,2026-02-18T21:54:39.906083
016a93ab8fa3,api_error,,0,0,2026-02-18T21:54:40.688491
5af00105cbc1,api_error,,0,0,2026-02-18T21:54:41.460322
c4118020a526,api_error,,0,0,2026-02-18T21:54:42.355499
687dfad5e451,api_error,,0,0,2026-02-18T21:54:43.120140
45a990a7de04,api_error,,0,0,2026-02-18T21:54:43.877346
3fafc65f001a,ok,high,6,578,2026-02-18T21:54:43.945969
a796251ccb6d,api_error,,0,0,2026-02-18T21:54:44.663178
39cb9aafba2a,api_error,,0,0,2026-02-18T21:54:45.432973
9ae3777bc631,api_error,,0,0,2026-02-18T21:54:46.173720
04554d3d8ff3,api_error,,0,0,2026-02-18T21:54:46.913675
4024bcaf60fc,api_error,,0,0,2026-02-18T21:54:47.655795
bd4cf86f1fe4,api_error,,0,0,2026-02-18T21:54:48.445931
7b729b44f1ab,api_error,,0,0,2026-02-18T21:54:49.199167
3b6f6e13928d,api_error,,0,0,2026-02-18T21:54:50.034591
40765ce657ab,api_error,,0,0,2026-02-18T21:54:50.814831
68dbb508d325,ok,high,5,1629,2026-02-18T21:54:51.607438
385cdcd1a026,api_error,,0,0,2026-02-18T21:54:51.662434
3b413acf3574,api_error,,0,0,2026-02-18T21:54:52.430479
4dfffc104cab,api_error,,0,0,2026-02-18T21:54:53.193352
62941fcd596a,api_error,,0,0,2026-02-18T21:54:53.953479
96261ea3f933,api_error,,0,0,2026-02-18T21:54:54.706010
63b7c1e1984d,api_error,,0,0,2026-02-18T21:54:55.464159
23a0cbd9f95c,api_error,,0,0,2026-02-18T21:54:56.244119
d4ea44139920,api_error,,0,0,2026-02-18T21:54:57.031679
4e6f87347252,api_error,,0,0,2026-02-18T21:54:57.832584
ca668c29e66f,api_error,,0,0,2026-02-18T21:54:58.633822
8a3036d60a8c,ok,high,5,706,2026-02-18T21:54:59.229721
b5fe3e49f23d,api_error,,0,0,2026-02-18T21:54:59.378836
ad68d401c579,api_error,,0,0,2026-02-18T21:55:00.150513
14a152992a3f,api_error,,0,0,2026-02-18T21:55:00.915328
62c3620b8ed0,api_error,,0,0,2026-02-18T21:55:01.688862
28bb5d74a08f,api_error,,0,0,2026-02-18T21:55:02.494078
63c40639c343,api_error,,0,0,2026-02-18T21:55:03.364058
72fff24720a5,api_error,,0,0,2026-02-18T21:55:04.162140
f6586342abe3,api_error,,0,0,2026-02-18T21:55:05.031934
e7edd1c3d5d2,ok,high,3,1080,2026-02-18T21:55:05.052900
fc8a516c51f0,api_error,,0,0,2026-02-18T21:55:05.821932
bf8d62d7ff64,api_error,,0,0,2026-02-18T21:55:06.689364
3be7efbf77e8,api_error,,0,0,2026-02-18T21:55:07.442356
dcf24ea58039,api_error,,0,0,2026-02-18T21:55:08.204423
2c2f2b7e2cc7,api_error,,0,0,2026-02-18T21:55:08.994872
2902f9f52723,api_error,,0,0,2026-02-18T21:55:09.810925
7c7028b27907,api_error,,0,0,2026-02-18T21:55:10.556021
273e2c549f1a,api_error,,0,0,2026-02-18T21:55:11.312884
84c02f99049f,ok,high,4,759,2026-02-18T21:55:11.600086
791bdee63300,api_error,,0,0,2026-02-18T21:55:12.280172
14527b9f8356,api_error,,0,0,2026-02-18T21:55:13.044443
16cec503a61b,api_error,,0,0,2026-02-18T21:55:13.796977
7411d028ab01,api_error,,0,0,2026-02-18T21:55:14.549291
1062f91225da,api_error,,0,0,2026-02-18T21:55:15.437092
2446c94d5013,api_error,,0,0,2026-02-18T21:55:16.211217
0a1c2165ae64,api_error,,0,0,2026-02-18T21:55:16.961335
b45296485871,ok,high,3,1000,2026-02-18T21:55:17.415096
5e11d3d20eca,api_error,,0,0,2026-02-18T21:55:17.711561
fe1f0f534b88,api_error,,0,0,2026-02-18T21:55:18.470578
fe1f0f534b88,api_error,,0,0,2026-02-18T21:55:19.266089
c2263b58424c,api_error,,0,0,2026-02-18T21:55:20.024076
cd95ad51e037,api_error,,0,0,2026-02-18T21:55:20.868979
902dc6b0e99c,api_error,,0,0,2026-02-18T21:55:21.606857
ee05031c2c25,api_error,,0,0,2026-02-18T21:55:22.365698
1d72bbb223da,ok,high,3,840,2026-02-18T21:55:22.695141
067073bcf395,api_error,,0,0,2026-02-18T21:55:23.134637
7cb3d378e81b,api_error,,0,0,2026-02-18T21:55:23.904490
1ac355908ccc,api_error,,0,0,2026-02-18T21:55:24.668223
0625ff237bd4,api_error,,0,0,2026-02-18T21:55:25.444258
023a52ac4ee2,api_error,,0,0,2026-02-18T21:55:26.200196
822f5b1869a8,api_error,,0,0,2026-02-18T21:55:26.945232
b8439c3955ce,api_error,,0,0,2026-02-18T21:55:27.695125
95cf45dacc24,api_error,,0,0,2026-02-18T21:55:28.451766
addb9c951b01,api_error,,0,0,2026-02-18T21:55:29.271480
400ec3fa743a,api_error,,0,0,2026-02-18T21:55:30.017565
a59e3a948924,api_error,,0,0,2026-02-18T21:55:30.777442
010778423b60,api_error,,0,0,2026-02-18T21:55:31.702532
479c61144fac,ok,high,4,631,2026-02-18T21:55:32.241389
1ab284f33193,api_error,,0,0,2026-02-18T21:55:32.447321
43ca4cfcc67f,api_error,,0,0,2026-02-18T21:55:33.197445
2409d72f03ca,api_error,,0,0,2026-02-18T21:55:33.965278
7af37307817d,api_error,,0,0,2026-02-18T21:55:34.860784
a126c0fedf1e,api_error,,0,0,2026-02-18T21:55:35.729513
4be00912f5ca,api_error,,0,0,2026-02-18T21:55:36.497323
900afa7ea52e,api_error,,0,0,2026-02-18T21:55:37.269053
041dfb5c9d23,api_error,,0,0,2026-02-18T21:55:38.043356
d3abddab39b9,api_error,,0,0,2026-02-18T21:55:38.912589
7cbb656c9865,api_error,,0,0,2026-02-18T21:55:39.692638
5f4f607db763,api_error,,0,0,2026-02-18T21:55:40.463344
170647c54888,api_error,,0,0,2026-02-18T21:55:41.324562
6f40b5267093,api_error,,0,0,2026-02-18T21:55:42.073109
b722f0932225,api_error,,0,0,2026-02-18T21:55:42.816255
c59247e861d3,ok,high,9,1293,2026-02-18T21:55:43.283985
53bdc9ab3d5b,api_error,,0,0,2026-02-18T21:55:43.564252
3e1fdd17c582,api_error,,0,0,2026-02-18T21:55:44.319443
17ce99f36e76,api_error,,0,0,2026-02-18T21:55:45.082340
238b52750f38,api_error,,0,0,2026-02-18T21:55:45.871045
05d5db7410a8,api_error,,0,0,2026-02-18T21:55:46.685249
5efcc10b0849,api_error,,0,0,2026-02-18T21:55:47.493735
deb7d56f604f,api_error,,0,0,2026-02-18T21:55:48.262111
6e49a85be05d,ok,high,3,840,2026-02-18T21:55:48.345347
54390b807f6f,api_error,,0,0,2026-02-18T21:55:49.017422
26cec0ddbec9,api_error,,0,0,2026-02-18T21:55:49.798144
274218825ad0,api_error,,0,0,2026-02-18T21:55:50.549347
d82a1bc5ee0a,api_error,,0,0,2026-02-18T21:55:51.311847
80e931e46302,api_error,,0,0,2026-02-18T21:55:52.072873
06fceb46f432,api_error,,0,0,2026-02-18T21:55:52.829922
945c05366435,api_error,,0,0,2026-02-18T21:55:53.603987
0b3f93f14482,ok,high,3,840,2026-02-18T21:55:53.911707
6b27b00a0649,api_error,,0,0,2026-02-18T21:55:54.381765
5157b9e9a2bb,api_error,,0,0,2026-02-18T21:55:55.146164
2f8e5e44fa93,api_error,,0,0,2026-02-18T21:55:56.006152
cbb41797570e,api_error,,0,0,2026-02-18T21:55:56.850080
e456cf038e2f,api_error,,0,0,2026-02-18T21:55:57.605441
95f9e09776ae,api_error,,0,0,2026-02-18T21:55:58.350079
5b7bec4de2bb,api_error,,0,0,2026-02-18T21:55:59.091712
edf4f6154674,api_error,,0,0,2026-02-18T21:55:59.860038
3398b21a5104,api_error,,0,0,2026-02-18T21:56:00.602891
df08512c2da6,api_error,,0,0,2026-02-18T21:56:01.361796
794ab7d26126,api_error,,0,0,2026-02-18T21:56:02.100051
133023e408bb,api_error,,0,0,2026-02-18T21:56:02.851228
f9687565a362,api_error,,0,0,2026-02-18T21:56:03.624583
50f0ddb3832a,api_error,,0,0,2026-02-18T21:56:04.372844
69e14e3c0ef3,ok,high,6,1249,2026-02-18T21:56:04.518712
410d319e58a5,api_error,,0,0,2026-02-18T21:56:05.133000
299502e13b41,api_error,,0,0,2026-02-18T21:56:05.898409
1965017ca8ca,api_error,,0,0,2026-02-18T21:56:06.661639
9860af15dac7,api_error,,0,0,2026-02-18T21:56:07.430987
3f1c20642e85,api_error,,0,0,2026-02-18T21:56:08.187839
a75b5f73e260,api_error,,0,0,2026-02-18T21:56:08.933017
da3b35b2f6a2,api_error,,0,0,2026-02-18T21:56:09.684168
01d1efd0cb0f,api_error,,0,0,2026-02-18T21:56:10.446603
f7c83fef4374,ok,high,4,630,2026-02-18T21:56:11.125211
6dd4fe8165ff,api_error,,0,0,2026-02-18T21:56:11.192424
a26fad2441e4,api_error,,0,0,2026-02-18T21:56:11.945269
c510cadef328,api_error,,0,0,2026-02-18T21:56:12.701961
9cc9f9d85195,api_error,,0,0,2026-02-18T21:56:13.467883
82b600858b2f,api_error,,0,0,2026-02-18T21:56:14.237278
db67c912dd85,api_error,,0,0,2026-02-18T21:56:15.000011
7015fe26f17c,api_error,,0,0,2026-02-18T21:56:15.840908
ae56509ccee8,api_error,,0,0,2026-02-18T21:56:16.610648
efd89c6983f6,api_error,,0,0,2026-02-18T21:56:17.375811
2ed25dc09293,api_error,,0,0,2026-02-18T21:56:18.164925
a8bee49291d6,ok,high,4,1260,2026-02-18T21:56:18.168570
f608103a2144,api_error,,0,0,2026-02-18T21:56:18.923019
2e07d82433d3,api_error,,0,0,2026-02-18T21:56:19.731399
36a933e2892d,api_error,,0,0,2026-02-18T21:56:20.482300
8729cc24d5a9,api_error,,0,0,2026-02-18T21:56:21.238769
c67d9f83ef98,api_error,,0,0,2026-02-18T21:56:21.990558
da48d2658b46,api_error,,0,0,2026-02-18T21:56:22.779665
fb61c334490e,ok,high,3,677,2026-02-18T21:56:23.470446
8a34f0d1ad34,api_error,,0,0,2026-02-18T21:56:23.532383
baf41c1b123a,api_error,,0,0,2026-02-18T21:56:24.290557
4bb54b86a71b,api_error,,0,0,2026-02-18T21:56:25.094817
0da31d226ec9,api_error,,0,0,2026-02-18T21:56:25.861125
badafea2b325,api_error,,0,0,2026-02-18T21:56:26.599578
6d818aee53dd,api_error,,0,0,2026-02-18T21:56:27.399752
4a15900ebbdc,api_error,,0,0,2026-02-18T21:56:28.150252
593bb067047c,ok,high,3,840,2026-02-18T21:56:28.739082
e8856ac5cd25,api_error,,0,0,2026-02-18T21:56:28.999644
9eed974463fe,api_error,,0,0,2026-02-18T21:56:29.862048
c1ba3e27ee69,api_error,,0,0,2026-02-18T21:56:30.646529
f75c4ae2c7f6,api_error,,0,0,2026-02-18T21:56:31.456023
823b626a4068,api_error,,0,0,2026-02-18T21:56:32.349761
725dc525fbfd,api_error,,0,0,2026-02-18T21:56:33.113421
84f5afa456db,api_error,,0,0,2026-02-18T21:56:33.876998
eb82b4e0ec72,ok,high,3,521,2026-02-18T21:56:34.412021
db0ca0021b69,api_error,,0,0,2026-02-18T21:56:34.623275
9db48e0aa1b2,api_error,,0,0,2026-02-18T21:56:35.381005
f53ffc666cb6,api_error,,0,0,2026-02-18T21:56:36.140809
6f21ae85bae9,api_error,,0,0,2026-02-18T21:56:36.905224
b434a8b87f78,api_error,,0,0,2026-02-18T21:56:37.656368
5ec502cedeee,api_error,,0,0,2026-02-18T21:56:38.457750
26ab00bb0253,api_error,,0,0,2026-02-18T21:56:39.272348
b82c78a20648,api_error,,0,0,2026-02-18T21:56:40.016762
e30e696c4ad7,api_error,,0,0,2026-02-18T21:56:40.765844
db9a4c41c572,api_error,,0,0,2026-02-18T21:56:41.521992
cabee0e77fd4,ok,high,5,1101,2026-02-18T21:56:42.265209
f0af4b1f1f15,api_error,,0,0,2026-02-18T21:56:42.281912
fa0019182e8f,api_error,,0,0,2026-02-18T21:56:43.050269
334484162e3d,api_error,,0,0,2026-02-18T21:56:43.847198
0f4bafbea13c,api_error,,0,0,2026-02-18T21:56:44.655730
287446224784,api_error,,0,0,2026-02-18T21:56:45.449132
11fc9333657c,api_error,,0,0,2026-02-18T21:56:46.206142
287446224784,api_error,,0,0,2026-02-18T21:56:46.973690
1d293f1ef2ce,api_error,,0,0,2026-02-18T21:56:47.721901
2ec8ad9e7e95,api_error,,0,0,2026-02-18T21:56:48.484394
6e3e7799ab0e,ok,high,4,417,2026-02-18T21:56:48.843912
04bf6e371301,api_error,,0,0,2026-02-18T21:56:49.235701
047b87e90354,api_error,,0,0,2026-02-18T21:56:50.030151
5fad559b6a7e,api_error,,0,0,2026-02-18T21:56:50.791908
6950ff7ded2a,api_error,,0,0,2026-02-18T21:56:51.551229
e74ae0f72f54,api_error,,0,0,2026-02-18T21:56:52.302490
23ae8bba787f,api_error,,0,0,2026-02-18T21:56:53.073498
64283515e67f,api_error,,0,0,2026-02-18T21:56:53.818294
69956ae780fb,api_error,,0,0,2026-02-18T21:56:54.576337
24ed1db3edd1,api_error,,0,0,2026-02-18T21:56:55.336536
07a60d9f78ee,api_error,,0,0,2026-02-18T21:56:56.083069
7bb91fe7cb81,ok,high,6,1312,2026-02-18T21:56:56.720617
80ad0572c1fe,api_error,,0,0,2026-02-18T21:56:56.842867
157f00d291f0,api_error,,0,0,2026-02-18T21:56:57.611919
c1ba1cc1991b,api_error,,0,0,2026-02-18T21:56:58.369101
3a21102f40dc,api_error,,0,0,2026-02-18T21:56:59.171701
4385e8601ad4,api_error,,0,0,2026-02-18T21:56:59.926284
08b135238073,api_error,,0,0,2026-02-18T21:57:00.678666
632fbbb14402,api_error,,0,0,2026-02-18T21:57:01.529686
c748d103b609,ok,high,3,542,2026-02-18T21:57:02.028010
88bf65c3e05a,api_error,,0,0,2026-02-18T21:57:02.357875
27c284a57153,api_error,,0,0,2026-02-18T21:57:03.091501
2f965ab444c5,api_error,,0,0,2026-02-18T21:57:03.863237
cd2f0e24f53f,api_error,,0,0,2026-02-18T21:57:04.623611
abd2e53b09b8,api_error,,0,0,2026-02-18T21:57:05.377977
3077a32c0ac9,api_error,,0,0,2026-02-18T21:57:06.151619
85209c247fa6,api_error,,0,0,2026-02-18T21:57:06.920785
af712a0be584,api_error,,0,0,2026-02-18T21:57:07.676928
f1d6a002164e,api_error,,0,0,2026-02-18T21:57:08.473292
9c79ccc5a27b,ok,high,5,466,2026-02-18T21:57:09.079191
f1d6a002164e,api_error,,0,0,2026-02-18T21:57:09.224041
564e9f8278f5,api_error,,0,0,2026-02-18T21:57:10.004014
fd1dea73d352,api_error,,0,0,2026-02-18T21:57:10.764294
a51246094eef,api_error,,0,0,2026-02-18T21:57:11.558759
877c61522644,api_error,,0,0,2026-02-18T21:57:12.309994
dea92c317bc8,api_error,,0,0,2026-02-18T21:57:13.081248
06ede7cd2ff6,ok,high,2,572,2026-02-18T21:57:13.381246
7fff5269fc01,api_error,,0,0,2026-02-18T21:57:13.830964
6387904076c5,api_error,,0,0,2026-02-18T21:57:14.586325
16be76613dc7,api_error,,0,0,2026-02-18T21:57:15.381221
697caffefe72,api_error,,0,0,2026-02-18T21:57:16.138831
0e719ecc46fa,api_error,,0,0,2026-02-18T21:57:16.913298
324d62bb4a79,api_error,,0,0,2026-02-18T21:57:17.660794
b0f701720b9f,ok,high,3,679,2026-02-18T21:57:18.383104
87a6768ce082,api_error,,0,0,2026-02-18T21:57:18.422229
8b60c70965b6,api_error,,0,0,2026-02-18T21:57:19.192064
20893baa6f04,api_error,,0,0,2026-02-18T21:57:20.026231
f7dcf1a8ce2f,api_error,,0,0,2026-02-18T21:57:20.850800
e01387f2c66f,api_error,,0,0,2026-02-18T21:57:21.605037
36d2cb013e05,api_error,,0,0,2026-02-18T21:57:22.391227
2884506edeb3,api_error,,0,0,2026-02-18T21:57:23.245184
fb4448cccebd,api_error,,0,0,2026-02-18T21:57:24.016387
a573b19c3687,api_error,,0,0,2026-02-18T21:57:24.783743
1122da5e9eed,api_error,,0,0,2026-02-18T21:57:25.561381
f5bfaac75ea2,api_error,,0,0,2026-02-18T21:57:26.330772
dc902487407d,api_error,,0,0,2026-02-18T21:57:27.091184
4643b37c2284,api_error,,0,0,2026-02-18T21:57:27.844770
94cb9026ec01,ok,high,7,1785,2026-02-18T21:57:28.075291
02ec3b5bd959,api_error,,0,0,2026-02-18T21:57:28.597796
c88f8b18df51,api_error,,0,0,2026-02-18T21:57:29.350287
c5afefa8b87a,api_error,,0,0,2026-02-18T21:57:30.158198
d8deab4f9e83,api_error,,0,0,2026-02-18T21:57:30.927846
b36ed46a990b,api_error,,0,0,2026-02-18T21:57:31.727394
c47b1cbdf08e,api_error,,0,0,2026-02-18T21:57:32.508066
2f60546ae453,ok,high,3,945,2026-02-18T21:57:33.223179
2eb69bcc8af1,api_error,,0,0,2026-02-18T21:57:33.265347
2350a97c7ec0,api_error,,0,0,2026-02-18T21:57:34.014467
69536670563d,api_error,,0,0,2026-02-18T21:57:34.767202
9e7be0b5d111,api_error,,0,0,2026-02-18T21:57:35.523574
e92dc7c6c36d,api_error,,0,0,2026-02-18T21:57:36.402756
7ea1a23f6a46,api_error,,0,0,2026-02-18T21:57:37.179223
54b51121a1dd,api_error,,0,0,2026-02-18T21:57:37.949325
a38e972ba7bf,api_error,,0,0,2026-02-18T21:57:38.691727
3fafc65f001a,api_error,,0,0,2026-02-18T21:57:39.447705
f58ee66c44c4,ok,high,5,805,2026-02-18T21:57:40.208595
68dbb508d325,api_error,,0,0,2026-02-18T21:57:40.242778
8a3036d60a8c,api_error,,0,0,2026-02-18T21:57:41.012170
e7edd1c3d5d2,api_error,,0,0,2026-02-18T21:57:41.762624
84c02f99049f,api_error,,0,0,2026-02-18T21:57:42.517991
b45296485871,api_error,,0,0,2026-02-18T21:57:43.347041
1d72bbb223da,api_error,,0,0,2026-02-18T21:57:44.117481
479c61144fac,api_error,,0,0,2026-02-18T21:57:44.878414
c59247e861d3,api_error,,0,0,2026-02-18T21:57:45.622298
6e49a85be05d,api_error,,0,0,2026-02-18T21:57:46.372934
141ba3841dfd,ok,high,3,813,2026-02-18T21:57:46.444185
0b3f93f14482,api_error,,0,0,2026-02-18T21:57:47.135268
69e14e3c0ef3,api_error,,0,0,2026-02-18T21:57:47.938083
f7c83fef4374,api_error,,0,0,2026-02-18T21:57:48.708002
a8bee49291d6,api_error,,0,0,2026-02-18T21:57:49.469821
fb61c334490e,api_error,,0,0,2026-02-18T21:57:50.216403
593bb067047c,api_error,,0,0,2026-02-18T21:57:50.974846
eb82b4e0ec72,api_error,,0,0,2026-02-18T21:57:51.819180
cabee0e77fd4,api_error,,0,0,2026-02-18T21:57:52.572567
6e3e7799ab0e,api_error,,0,0,2026-02-18T21:57:53.331176
60793f0303ae,ok,high,5,692,2026-02-18T21:57:54.012227
7bb91fe7cb81,api_error,,0,0,2026-02-18T21:57:54.128739
c748d103b609,api_error,,0,0,2026-02-18T21:57:54.903536
9c79ccc5a27b,api_error,,0,0,2026-02-18T21:57:55.648732
06ede7cd2ff6,api_error,,0,0,2026-02-18T21:57:56.491936
b0f701720b9f,api_error,,0,0,2026-02-18T21:57:57.240691
94cb9026ec01,api_error,,0,0,2026-02-18T21:57:58.111486
2f60546ae453,api_error,,0,0,2026-02-18T21:57:58.867256
f58ee66c44c4,api_error,,0,0,2026-02-18T21:57:59.669030
141ba3841dfd,api_error,,0,0,2026-02-18T21:58:00.430556
60793f0303ae,api_error,,0,0,2026-02-18T21:58:01.260033
b5975212b6f8,api_error,,0,0,2026-02-18T21:58:02.015048
e8865241756a,api_error,,0,0,2026-02-18T21:58:02.762510
5fa0c581966e,api_error,,0,0,2026-02-18T21:58:03.521237
48f28bb26802,api_error,,0,0,2026-02-18T21:58:04.287820
b6f34933cfb9,api_error,,0,0,2026-02-18T21:58:05.032678
6cab040f163c,api_error,,0,0,2026-02-18T21:58:05.786540
996f950a447c,api_error,,0,0,2026-02-18T21:58:06.554655
b5975212b6f8,ok,high,9,416,2026-02-18T21:58:06.967855
e5f8cacfe8be,api_error,,0,0,2026-02-18T21:58:07.378880
e07d33e0de71,api_error,,0,0,2026-02-18T21:58:08.133550
88dca5783866,api_error,,0,0,2026-02-18T21:58:08.921767
eed0e180c36d,api_error,,0,0,2026-02-18T21:58:09.677661
335e3cca9c7e,api_error,,0,0,2026-02-18T21:58:10.535268
96ee69af4846,api_error,,0,0,2026-02-18T21:58:11.298424
d3dd1f222776,api_error,,0,0,2026-02-18T21:58:12.076222
eb8039f8c0b5,api_error,,0,0,2026-02-18T21:58:12.813356
6edf761c505a,api_error,,0,0,2026-02-18T21:58:13.551357
f35dc741b701,api_error,,0,0,2026-02-18T21:58:14.302647
b4f38aff2f50,api_error,,0,0,2026-02-18T21:58:15.044240
10062ff43408,api_error,,0,0,2026-02-18T21:58:15.786637
8dc1af3d4bbb,api_error,,0,0,2026-02-18T21:58:16.554544
4ce4daef182d,api_error,,0,0,2026-02-18T21:58:17.340362
b481f817300d,api_error,,0,0,2026-02-18T21:58:18.133195
e8865241756a,ok,high,8,997,2026-02-18T21:58:18.458540
b335a4d3770e,api_error,,0,0,2026-02-18T21:58:18.903358
ee6439c1e650,api_error,,0,0,2026-02-18T21:58:19.719957
1011461047d7,api_error,,0,0,2026-02-18T21:58:20.546568
6d56b5589529,api_error,,0,0,2026-02-18T21:58:21.344532
6bac638f6141,api_error,,0,0,2026-02-18T21:58:22.109080
ad48896b9400,api_error,,0,0,2026-02-18T21:58:22.864921
4d25f1091047,api_error,,0,0,2026-02-18T21:58:23.621335
4d25f1091047,api_error,,0,0,2026-02-18T21:58:24.455311
f3b7cae53176,api_error,,0,0,2026-02-18T21:58:25.221008
43c40bd60242,api_error,,0,0,2026-02-18T21:58:25.994490
c23f718dbb31,api_error,,0,0,2026-02-18T21:58:26.753897
aef0cec89863,api_error,,0,0,2026-02-18T21:58:27.512220
330880330d02,api_error,,0,0,2026-02-18T21:58:28.297520
5fa0c581966e,ok,high,8,962,2026-02-18T21:58:28.431128
cb744432f667,api_error,,0,0,2026-02-18T21:58:29.056318
0c1fb286c63b,api_error,,0,0,2026-02-18T21:58:29.829651
774febdeadc0,api_error,,0,0,2026-02-18T21:58:30.599087
d6f659d753e6,api_error,,0,0,2026-02-18T21:58:31.352764
ab370387386b,api_error,,0,0,2026-02-18T21:58:32.116103
c07a234941c7,api_error,,0,0,2026-02-18T21:58:32.897639
65e5599acaed,api_error,,0,0,2026-02-18T21:58:33.661558
7cea389620c0,api_error,,0,0,2026-02-18T21:58:34.420487
0bcd4dc43ae2,api_error,,0,0,2026-02-18T21:58:35.174262
48f28bb26802,ok,high,5,1040,2026-02-18T21:58:35.594076
06387d58074b,api_error,,0,0,2026-02-18T21:58:35.916856
2e5e0bda5da2,api_error,,0,0,2026-02-18T21:58:36.672269
ef67c3ed0b96,api_error,,0,0,2026-02-18T21:58:37.422988
65787426f09c,api_error,,0,0,2026-02-18T21:58:38.180095
cca51ecb50f1,api_error,,0,0,2026-02-18T21:58:38.923176
692ebc7f913c,api_error,,0,0,2026-02-18T21:58:39.693586
97b2cd19859a,api_error,,0,0,2026-02-18T21:58:40.446630
49a7f7605e70,api_error,,0,0,2026-02-18T21:58:41.209870
e289b578dc0f,api_error,,0,0,2026-02-18T21:58:41.957631
0ef01c2b9627,api_error,,0,0,2026-02-18T21:58:42.712968
fe8b7afb4ed4,api_error,,0,0,2026-02-18T21:58:43.458677
9b8011de8d23,api_error,,0,0,2026-02-18T21:58:44.228749
0b488958c1af,api_error,,0,0,2026-02-18T21:58:45.208804
b6f34933cfb9,ok,high,8,778,2026-02-18T21:58:45.869996
66519a024168,api_error,,0,0,2026-02-18T21:58:45.975746
d869a681c085,api_error,,0,0,2026-02-18T21:58:46.738192
89a6c940b875,api_error,,0,0,2026-02-18T21:58:47.505768
ae5df81bfd5d,api_error,,0,0,2026-02-18T21:58:48.251545
44cd52000510,api_error,,0,0,2026-02-18T21:58:48.997834
1ea1c7172a3f,api_error,,0,0,2026-02-18T21:58:49.771383
2ef651a37838,api_error,,0,0,2026-02-18T21:58:50.696813
cde088ca1181,api_error,,0,0,2026-02-18T21:58:51.434220
dc2645afeffa,api_error,,0,0,2026-02-18T21:58:52.200279
7d0f7db5da42,api_error,,0,0,2026-02-18T21:58:52.938613
cbd116f0a39c,api_error,,0,0,2026-02-18T21:58:53.697338
ce09a492c9c5,api_error,,0,0,2026-02-18T21:58:54.431304
224d4b280718,api_error,,0,0,2026-02-18T21:58:55.207925
d0f274d46293,api_error,,0,0,2026-02-18T21:58:55.979277
4e21a26f6928,api_error,,0,0,2026-02-18T21:58:56.743680
c337bcffae1f,api_error,,0,0,2026-02-18T21:58:57.497065
91eeec88f1c1,api_error,,0,0,2026-02-18T21:58:58.257032
6cab040f163c,ok,high,9,790,2026-02-18T21:58:58.542201
90c35b6b870f,api_error,,0,0,2026-02-18T21:58:59.018950
2cc19c970500,api_error,,0,0,2026-02-18T21:58:59.774228
5b62b3057996,api_error,,0,0,2026-02-18T21:59:00.535344
4f7dce96707e,api_error,,0,0,2026-02-18T21:59:01.315368
b67d49c01aae,api_error,,0,0,2026-02-18T21:59:02.062886
8a80832532a3,api_error,,0,0,2026-02-18T21:59:02.815083
fbc01fbbd563,api_error,,0,0,2026-02-18T21:59:03.574961
2da66f231379,api_error,,0,0,2026-02-18T21:59:04.311117
40ad952c6283,api_error,,0,0,2026-02-18T21:59:05.065493
cc662034c689,api_error,,0,0,2026-02-18T21:59:05.830841
f8f2b3840713,api_error,,0,0,2026-02-18T21:59:06.601146
49e08e7e6394,api_error,,0,0,2026-02-18T21:59:07.362380
4c34c711b9b3,api_error,,0,0,2026-02-18T21:59:08.250692
996f950a447c,ok,high,7,877,2026-02-18T21:59:08.929529
f4f10688219c,api_error,,0,0,2026-02-18T21:59:09.074110
43418c4f1df3,api_error,,0,0,2026-02-18T21:59:09.819904
0d58ab398306,api_error,,0,0,2026-02-18T21:59:10.570734
0780ac7a42f2,api_error,,0,0,2026-02-18T21:59:11.349790
d5c4c774858e,api_error,,0,0,2026-02-18T21:59:12.142662
c3560a720b4e,api_error,,0,0,2026-02-18T21:59:12.904500
74620f3a9d9e,api_error,,0,0,2026-02-18T21:59:13.704278
74620f3a9d9e,api_error,,0,0,2026-02-18T21:59:14.455457
e5f8cacfe8be,ok,high,3,1080,2026-02-18T21:59:14.520204
2d857affde54,api_error,,0,0,2026-02-18T21:59:15.229361
bc4a8a362c2b,api_error,,0,0,2026-02-18T21:59:15.966388
bc4a8a362c2b,api_error,,0,0,2026-02-18T21:59:16.755163
7b8008ea1198,api_error,,0,0,2026-02-18T21:59:17.512542
ccd3bedbfc06,api_error,,0,0,2026-02-18T21:59:18.752603
f2c4166cf66c,api_error,,0,0,2026-02-18T21:59:19.525026
e07d33e0de71,ok,high,3,258,2026-02-18T21:59:20.240763
844c27ccbe54,api_error,,0,0,2026-02-18T21:59:20.301554
f403b6489d93,api_error,,0,0,2026-02-18T21:59:21.111879
df203d492322,api_error,,0,0,2026-02-18T21:59:21.859516
b8673b819b4a,api_error,,0,0,2026-02-18T21:59:22.606994
4e79f1820d7a,api_error,,0,0,2026-02-18T21:59:23.376799
aa2b8b3acd52,api_error,,0,0,2026-02-18T21:59:24.130019
f5484d3838c3,api_error,,0,0,2026-02-18T21:59:24.898562
5829b9380bc8,api_error,,0,0,2026-02-18T21:59:25.642792
2488469fa33e,api_error,,0,0,2026-02-18T21:59:26.389660
41b57d4e3060,api_error,,0,0,2026-02-18T21:59:27.128489
0b1176fb835d,api_error,,0,0,2026-02-18T21:59:27.888363
4760507b2aef,api_error,,0,0,2026-02-18T21:59:28.649348
ee2dbe4923a4,api_error,,0,0,2026-02-18T21:59:29.476630
3d45af3580d0,api_error,,0,0,2026-02-18T21:59:30.273861
3adf62c895e3,api_error,,0,0,2026-02-18T21:59:31.042544
2e1183ab716e,api_error,,0,0,2026-02-18T21:59:31.794839
7df782aee405,api_error,,0,0,2026-02-18T21:59:32.572204
88dca5783866,ok,high,8,398,2026-02-18T21:59:32.723530
f583b6e662ea,api_error,,0,0,2026-02-18T21:59:33.334539
928fae11a2fd,api_error,,0,0,2026-02-18T21:59:34.090860
9172650286d3,api_error,,0,0,2026-02-18T21:59:34.843164
88743e2059fe,api_error,,0,0,2026-02-18T21:59:35.607851
a019a3aea98d,api_error,,0,0,2026-02-18T21:59:36.391907
49b0d4fec066,api_error,,0,0,2026-02-18T21:59:37.179585
c73a781f43af,api_error,,0,0,2026-02-18T21:59:37.935239
4b0d86e9af40,api_error,,0,0,2026-02-18T21:59:38.773268
b3104d88ab18,api_error,,0,0,2026-02-18T21:59:39.527067
dd57dba33298,api_error,,0,0,2026-02-18T21:59:40.288100
02c9ac07054f,api_error,,0,0,2026-02-18T21:59:41.044075
b5f91d21019e,api_error,,0,0,2026-02-18T21:59:41.810517
cbe1380c643a,api_error,,0,0,2026-02-18T21:59:42.556005
cbe1380c643a,api_error,,0,0,2026-02-18T21:59:43.317048
eed0e180c36d,ok,high,7,944,2026-02-18T21:59:43.601082
a203118b753c,api_error,,0,0,2026-02-18T21:59:44.105124
1e6c7b225935,api_error,,0,0,2026-02-18T21:59:44.851603
c3e95e83a9e0,api_error,,0,0,2026-02-18T21:59:45.646992
2de2452eb214,api_error,,0,0,2026-02-18T21:59:46.399499
371d9f77a9da,api_error,,0,0,2026-02-18T21:59:47.151372
68e0c173a399,api_error,,0,0,2026-02-18T21:59:47.909925
c4c39febf854,api_error,,0,0,2026-02-18T21:59:48.682031
dd8922d5b586,api_error,,0,0,2026-02-18T21:59:49.444670
50994ecad2ad,api_error,,0,0,2026-02-18T21:59:50.185816
44429fa16d23,api_error,,0,0,2026-02-18T21:59:50.934639
39f438382bd7,api_error,,0,0,2026-02-18T21:59:51.686783
9fe0e1301c0e,api_error,,0,0,2026-02-18T21:59:52.422252
cbee610327f2,api_error,,0,0,2026-02-18T21:59:53.185537
335e3cca9c7e,ok,high,6,964,2026-02-18T21:59:53.426172
537375da8ea9,api_error,,0,0,2026-02-18T21:59:54.005614
b13fb78c6c32,api_error,,0,0,2026-02-18T21:59:54.777649
d0f71eadb792,api_error,,0,0,2026-02-18T21:59:55.537655
1ba832e9165d,api_error,,0,0,2026-02-18T21:59:56.293124
4bd66ccc3d70,api_error,,0,0,2026-02-18T21:59:57.064389
c324eb7d7e6c,api_error,,0,0,2026-02-18T21:59:57.924129
eb0dfc37b71c,api_error,,0,0,2026-02-18T21:59:58.723489
124e24b6cae8,api_error,,0,0,2026-02-18T21:59:59.524044
c5f9d9a1ea45,api_error,,0,0,2026-02-18T22:00:00.313731
124e24b6cae8,api_error,,0,0,2026-02-18T22:00:01.096322
0bcb031bc4e8,api_error,,0,0,2026-02-18T22:00:01.934284
41e94375096e,api_error,,0,0,2026-02-18T22:00:02.737898
96ee69af4846,ok,high,7,1062,2026-02-18T22:00:02.867454
ed1a3e57509f,api_error,,0,0,2026-02-18T22:00:03.507951
227ef4395631,api_error,,0,0,2026-02-18T22:00:04.267574
4d83b3d743c6,api_error,,0,0,2026-02-18T22:00:05.040676
67f68e881f13,api_error,,0,0,2026-02-18T22:00:05.795128
057427d146e8,api_error,,0,0,2026-02-18T22:00:06.532805
5ca2d7450377,api_error,,0,0,2026-02-18T22:00:07.290663
be7ab355bb8a,api_error,,0,0,2026-02-18T22:00:08.061238
56dc64a46d88,api_error,,0,0,2026-02-18T22:00:08.822230
d3dd1f222776,ok,high,3,651,2026-02-18T22:00:09.479561
67808a521333,api_error,,0,0,2026-02-18T22:00:09.581639
5219c45d22b1,api_error,,0,0,2026-02-18T22:00:10.365890
1e2916417a3d,api_error,,0,0,2026-02-18T22:00:11.122252
1bbaecbb66dc,api_error,,0,0,2026-02-18T22:00:11.891748
c73b9943c421,api_error,,0,0,2026-02-18T22:00:12.640620
05dbd6073300,api_error,,0,0,2026-02-18T22:00:13.394089
2a31a5bbc366,api_error,,0,0,2026-02-18T22:00:14.148780
4c0f324d4763,api_error,,0,0,2026-02-18T22:00:14.918234
1ca7b1d3ed6b,api_error,,0,0,2026-02-18T22:00:15.674788
bd25a1b05a14,api_error,,0,0,2026-02-18T22:00:16.526366
eb8039f8c0b5,ok,high,5,272,2026-02-18T22:00:16.615712
e0382c35202b,api_error,,0,0,2026-02-18T22:00:17.298715
724634e047b7,api_error,,0,0,2026-02-18T22:00:18.053298
d4b34f052398,api_error,,0,0,2026-02-18T22:00:18.807758
2768686538ef,api_error,,0,0,2026-02-18T22:00:19.553193
bcf360246b86,api_error,,0,0,2026-02-18T22:00:20.317942
02b0e6b63041,api_error,,0,0,2026-02-18T22:00:21.095459
a29cfa596132,api_error,,0,0,2026-02-18T22:00:21.861682
4bb58da593dc,api_error,,0,0,2026-02-18T22:00:22.637512
bf1d7fbad00a,api_error,,0,0,2026-02-18T22:00:23.517479
a6d020a5a03b,api_error,,0,0,2026-02-18T22:00:24.280434
12f694055bda,api_error,,0,0,2026-02-18T22:00:25.050645
4f1891d84332,api_error,,0,0,2026-02-18T22:00:25.835519
1dec407372d4,api_error,,0,0,2026-02-18T22:00:26.672304
0948fc353369,api_error,,0,0,2026-02-18T22:00:27.430306
78a6e0841149,api_error,,0,0,2026-02-18T22:00:28.179234
73f0f32bb5e8,api_error,,0,0,2026-02-18T22:00:28.920285
fd1869de207b,api_error,,0,0,2026-02-18T22:00:29.730325
a1d068570a53,api_error,,0,0,2026-02-18T22:00:30.662033
c5f304f8b0a2,api_error,,0,0,2026-02-18T22:00:31.465345
f6ac07ec9f8e,api_error,,0,0,2026-02-18T22:00:32.232847
6edf761c505a,json_error,,0,0,2026-02-18T22:00:32.489712
38ed370cfc40,api_error,,0,0,2026-02-18T22:00:32.993222
3fe24e9bf55d,api_error,,0,0,2026-02-18T22:00:33.918025
b8e60f30f12c,api_error,,0,0,2026-02-18T22:00:34.725108
d1dcbd40e568,api_error,,0,0,2026-02-18T22:00:35.628818
d5338b3711b2,api_error,,0,0,2026-02-18T22:00:36.385855
f35dc741b701,ok,high,2,392,2026-02-18T22:00:36.953853
6ebab65baeae,api_error,,0,0,2026-02-18T22:00:37.154414
70dd85929f46,api_error,,0,0,2026-02-18T22:00:37.912060
70dd85929f46,api_error,,0,0,2026-02-18T22:00:38.681514
00dfe17612cd,api_error,,0,0,2026-02-18T22:00:39.430404
daf21bad997f,api_error,,0,0,2026-02-18T22:00:40.209347
c830c65d40df,api_error,,0,0,2026-02-18T22:00:40.982990
57ed09419a4f,api_error,,0,0,2026-02-18T22:00:41.729300
0f96989dfc64,api_error,,0,0,2026-02-18T22:00:42.541648
ecaf5955fbde,api_error,,0,0,2026-02-18T22:00:43.302172
15839171c585,api_error,,0,0,2026-02-18T22:00:44.100845
df4a9eda59ff,api_error,,0,0,2026-02-18T22:00:44.861400
b41e30898e43,api_error,,0,0,2026-02-18T22:00:45.631592
70728b7f71cd,api_error,,0,0,2026-02-18T22:00:46.513792
6f81b6707586,api_error,,0,0,2026-02-18T22:00:47.293115
341d27b8e1a0,api_error,,0,0,2026-02-18T22:00:48.043215
87d28bf0943b,api_error,,0,0,2026-02-18T22:00:48.805100
e78a118d3d48,api_error,,0,0,2026-02-18T22:00:49.555649
960523e8b1a2,api_error,,0,0,2026-02-18T22:00:50.316433
8a1ba75bab77,api_error,,0,0,2026-02-18T22:00:51.067698
b4f38aff2f50,json_error,,0,0,2026-02-18T22:00:51.438593
a1b23a980bc1,api_error,,0,0,2026-02-18T22:00:51.865336
b7abea023564,api_error,,0,0,2026-02-18T22:00:52.710803
f1d4fba48994,api_error,,0,0,2026-02-18T22:00:53.456242
a782dce985fd,api_error,,0,0,2026-02-18T22:00:54.214372
3c6a419b1500,api_error,,0,0,2026-02-18T22:00:54.969808
6d155652e073,api_error,,0,0,2026-02-18T22:00:55.774095
3eeb92aa862c,api_error,,0,0,2026-02-18T22:00:56.516632
8ea38e02db15,api_error,,0,0,2026-02-18T22:00:57.296757
6fcb571132fc,api_error,,0,0,2026-02-18T22:00:58.050162
0a31f386266e,api_error,,0,0,2026-02-18T22:00:58.804530
fea866b6f796,api_error,,0,0,2026-02-18T22:00:59.554749
3e54ce2e82f5,api_error,,0,0,2026-02-18T22:01:00.319631
532ad2a08469,api_error,,0,0,2026-02-18T22:01:01.060211
3e54ce2e82f5,api_error,,0,0,2026-02-18T22:01:01.808961
7ddfc0e3ba5d,api_error,,0,0,2026-02-18T22:01:02.612874
ec0374bd1a26,api_error,,0,0,2026-02-18T22:01:03.373406
922cfc5fcec1,api_error,,0,0,2026-02-18T22:01:04.181544
383d2ced85ee,api_error,,0,0,2026-02-18T22:01:04.961599
fe1bffbcb344,api_error,,0,0,2026-02-18T22:01:05.937307
10062ff43408,json_error,,0,0,2026-02-18T22:01:06.596244
6b4e9a46b1fc,api_error,,0,0,2026-02-18T22:01:06.715579
ea4eea73adae,api_error,,0,0,2026-02-18T22:01:07.472671
db80f9fcc3ae,api_error,,0,0,2026-02-18T22:01:08.226073
c19569365be9,api_error,,0,0,2026-02-18T22:01:08.993649
e6cff383dbb0,api_error,,0,0,2026-02-18T22:01:09.738450
197fb1c93180,api_error,,0,0,2026-02-18T22:01:10.481807
159120986e53,api_error,,0,0,2026-02-18T22:01:11.306887
554225b2b6ef,api_error,,0,0,2026-02-18T22:01:12.059795
8dc1af3d4bbb,ok,high,3,706,2026-02-18T22:01:12.116721
e76ea3a991f5,api_error,,0,0,2026-02-18T22:01:12.813497
c5a58d71a1ee,api_error,,0,0,2026-02-18T22:01:13.558909
9585cd840009,api_error,,0,0,2026-02-18T22:01:14.314422
c75f5530fcfd,api_error,,0,0,2026-02-18T22:01:15.068426
75d800e142d1,api_error,,0,0,2026-02-18T22:01:15.841302
fe57ea67919f,api_error,,0,0,2026-02-18T22:01:16.593844
d26d1cf66e67,api_error,,0,0,2026-02-18T22:01:17.354088
bc270f7057ee,api_error,,0,0,2026-02-18T22:01:18.109862
ccf12e818b9a,api_error,,0,0,2026-02-18T22:01:18.868812
d3d3e3ab8026,api_error,,0,0,2026-02-18T22:01:19.612780
d9043978f75e,api_error,,0,0,2026-02-18T22:01:20.362273
71c74cd9781f,api_error,,0,0,2026-02-18T22:01:21.183974
b406cd355935,api_error,,0,0,2026-02-18T22:01:21.969812
5f324143712f,api_error,,0,0,2026-02-18T22:01:22.753130
3d76bfafceab,api_error,,0,0,2026-02-18T22:01:23.668080
3d76bfafceab,api_error,,0,0,2026-02-18T22:01:24.629097
a9e97bf6fbba,api_error,,0,0,2026-02-18T22:01:25.382892
4ce4daef182d,json_error,,0,0,2026-02-18T22:01:25.938647
3d7a9cb1169e,api_error,,0,0,2026-02-18T22:01:26.150955
94d3e9526d99,api_error,,0,0,2026-02-18T22:01:26.908926
6e0e880cb286,api_error,,0,0,2026-02-18T22:01:27.673479
fc328c95f3a3,api_error,,0,0,2026-02-18T22:01:28.425275
f0857c55162f,api_error,,0,0,2026-02-18T22:01:29.201446
a6a9214d9337,api_error,,0,0,2026-02-18T22:01:29.954169
99d6d7d02a08,api_error,,0,0,2026-02-18T22:01:30.699312
125e4b9d48be,api_error,,0,0,2026-02-18T22:01:31.506823
b481f817300d,ok,high,3,570,2026-02-18T22:01:31.615776
8b85967ef2d0,api_error,,0,0,2026-02-18T22:01:32.330483
f3a5384a5eb3,api_error,,0,0,2026-02-18T22:01:33.083606
1b2335e3e6b1,api_error,,0,0,2026-02-18T22:01:34.030895
572361835a9a,api_error,,0,0,2026-02-18T22:01:34.836243
74743c5201d5,api_error,,0,0,2026-02-18T22:01:35.595453
61c8c527a551,api_error,,0,0,2026-02-18T22:01:36.341445
28cae60d2db4,api_error,,0,0,2026-02-18T22:01:37.099979
b335a4d3770e,ok,high,3,440,2026-02-18T22:01:37.362094
34cf6781e2a4,api_error,,0,0,2026-02-18T22:01:37.886110
c13a3012b2e6,api_error,,0,0,2026-02-18T22:01:38.674765
5114653ddb71,api_error,,0,0,2026-02-18T22:01:39.434005
5114653ddb71,api_error,,0,0,2026-02-18T22:01:40.183208
e1b5529075fb,api_error,,0,0,2026-02-18T22:01:41.081521
44c579509799,api_error,,0,0,2026-02-18T22:01:41.834005
d312121edd8b,api_error,,0,0,2026-02-18T22:01:42.614414
cef212a9b91d,api_error,,0,0,2026-02-18T22:01:43.388086
1d6deb725d0e,api_error,,0,0,2026-02-18T22:01:44.157879
ee15602c6da6,api_error,,0,0,2026-02-18T22:01:44.907225
eade7709a2b4,api_error,,0,0,2026-02-18T22:01:45.659958
f04ea89e8071,api_error,,0,0,2026-02-18T22:01:46.419454
b3c6be360cfd,api_error,,0,0,2026-02-18T22:01:47.193718
b801a07ff22f,api_error,,0,0,2026-02-18T22:01:47.964559
cfcd97a39081,api_error,,0,0,2026-02-18T22:01:48.772318
ecd93a7f9e1a,api_error,,0,0,2026-02-18T22:01:49.523296
ba08e9b3b77d,api_error,,0,0,2026-02-18T22:01:50.311046
ee6439c1e650,ok,high,10,1036,2026-02-18T22:01:50.316622
def9cff62423,api_error,,0,0,2026-02-18T22:01:51.092620
14510aa6568a,api_error,,0,0,2026-02-18T22:01:51.847964
101d641498b3,api_error,,0,0,2026-02-18T22:01:53.174232
6b0934531c43,api_error,,0,0,2026-02-18T22:01:53.944826
537f1e838bf3,api_error,,0,0,2026-02-18T22:01:54.694219
b9b293156bfb,api_error,,0,0,2026-02-18T22:01:55.466648
22bea8b25520,api_error,,0,0,2026-02-18T22:01:56.221905
5adcff400bfb,api_error,,0,0,2026-02-18T22:01:57.007274
072b689a4fbe,api_error,,0,0,2026-02-18T22:01:57.742600
ca3ca78689db,api_error,,0,0,2026-02-18T22:01:58.550864
212e283d53e9,api_error,,0,0,2026-02-18T22:01:59.309070
64988525733e,api_error,,0,0,2026-02-18T22:02:00.067573
e59083827d73,api_error,,0,0,2026-02-18T22:02:00.828944
8f8303e272ff,api_error,,0,0,2026-02-18T22:02:01.586316
8008059c7a44,api_error,,0,0,2026-02-18T22:02:02.365157
7a549f161664,api_error,,0,0,2026-02-18T22:02:03.124745
96b8b3dc1dcc,api_error,,0,0,2026-02-18T22:02:03.884407
26845912d79b,api_error,,0,0,2026-02-18T22:02:04.643810
1011461047d7,ok,high,10,1109,2026-02-18T22:02:04.890650
bb69ca71c097,api_error,,0,0,2026-02-18T22:02:05.396288
9bfeffed5394,api_error,,0,0,2026-02-18T22:02:06.349436
4b5f934f74d6,api_error,,0,0,2026-02-18T22:02:07.115799
1d73fe9f91b1,api_error,,0,0,2026-02-18T22:02:07.876579
2cc22347819c,api_error,,0,0,2026-02-18T22:02:08.631394
04940c67adf1,api_error,,0,0,2026-02-18T22:02:09.401603
6ccf426a46b4,api_error,,0,0,2026-02-18T22:02:10.177490
b738d39a8b37,api_error,,0,0,2026-02-18T22:02:10.992101
0044e330d93c,api_error,,0,0,2026-02-18T22:02:11.742833
b82b1b86597d,api_error,,0,0,2026-02-18T22:02:12.484018
4c75f18fa2d6,api_error,,0,0,2026-02-18T22:02:13.236269
d281cb4c9e4d,api_error,,0,0,2026-02-18T22:02:14.040647
7f64241a8964,api_error,,0,0,2026-02-18T22:02:14.787627
a6fea34409b9,api_error,,0,0,2026-02-18T22:02:15.507405
f0fea9f036fc,api_error,,0,0,2026-02-18T22:02:16.258158
6d56b5589529,ok,high,9,886,2026-02-18T22:02:16.924440
fbce624620db,api_error,,0,0,2026-02-18T22:02:17.032882
feff1b16f5ba,api_error,,0,0,2026-02-18T22:02:17.791527
03d759b396c0,api_error,,0,0,2026-02-18T22:02:18.574259
f95f66245a17,api_error,,0,0,2026-02-18T22:02:19.336389
48bbb6143b5b,api_error,,0,0,2026-02-18T22:02:20.123831
b1d7ea6df8d7,api_error,,0,0,2026-02-18T22:02:20.909745
77ed177e3334,api_error,,0,0,2026-02-18T22:02:21.647561
c41c21bf1136,api_error,,0,0,2026-02-18T22:02:22.407562
cea514abe958,api_error,,0,0,2026-02-18T22:02:23.174767
e4fb12cf0b05,api_error,,0,0,2026-02-18T22:02:23.949593
e4fb12cf0b05,api_error,,0,0,2026-02-18T22:02:24.713878
998e59afcff0,api_error,,0,0,2026-02-18T22:02:25.475114
0f96b22958d2,api_error,,0,0,2026-02-18T22:02:26.242329
06ed5162b0dc,api_error,,0,0,2026-02-18T22:02:26.997637
c246f42ef404,api_error,,0,0,2026-02-18T22:02:27.743354
b342a6fe4a12,api_error,,0,0,2026-02-18T22:02:28.512311
fff7ff865b17,api_error,,0,0,2026-02-18T22:02:29.278216
46f78b8b6333,api_error,,0,0,2026-02-18T22:02:30.044289
6bac638f6141,ok,high,10,1056,2026-02-18T22:02:30.655969
b95a395c8603,api_error,,0,0,2026-02-18T22:02:30.788820
69aaf137cfa3,api_error,,0,0,2026-02-18T22:02:31.549766
1371c0d0b0bc,api_error,,0,0,2026-02-18T22:02:32.294755
4b9b0b231cdb,api_error,,0,0,2026-02-18T22:02:33.108566
8640a19a540b,api_error,,0,0,2026-02-18T22:02:33.901575
7ec9934fdddf,api_error,,0,0,2026-02-18T22:02:34.660584
d11872e95c65,api_error,,0,0,2026-02-18T22:02:35.538990
52604ac97bbe,api_error,,0,0,2026-02-18T22:02:36.292209
9dfef4c343b5,api_error,,0,0,2026-02-18T22:02:37.252237
8dab5398b7e6,api_error,,0,0,2026-02-18T22:02:38.031300
cd5c7ddae160,api_error,,0,0,2026-02-18T22:02:38.872309
742b3df7f37d,api_error,,0,0,2026-02-18T22:02:39.678428
47ca0be2d1e3,api_error,,0,0,2026-02-18T22:02:40.431409
123628fe015e,api_error,,0,0,2026-02-18T22:02:41.206210
61e2963b2461,api_error,,0,0,2026-02-18T22:02:41.962913
75e7f729f9f9,api_error,,0,0,2026-02-18T22:02:42.784594
09d8214c9e51,api_error,,0,0,2026-02-18T22:02:43.558101
653ad54cd776,api_error,,0,0,2026-02-18T22:02:44.312264
ad48896b9400,json_error,,0,0,2026-02-18T22:02:44.945390
5220ba9aba12,api_error,,0,0,2026-02-18T22:02:45.061294
ceabff095e09,api_error,,0,0,2026-02-18T22:02:45.814296
3f75bc194e61,api_error,,0,0,2026-02-18T22:02:46.642492
3c7ebc9b4352,api_error,,0,0,2026-02-18T22:02:47.410075
6d4d75d18110,api_error,,0,0,2026-02-18T22:02:48.270672
bb348b9e16ea,api_error,,0,0,2026-02-18T22:02:49.008852
63ead01cd546,api_error,,0,0,2026-02-18T22:02:49.772677
079f4950a6e4,api_error,,0,0,2026-02-18T22:02:50.601733
7002788bed3c,api_error,,0,0,2026-02-18T22:02:51.365159
cc8857b158a8,api_error,,0,0,2026-02-18T22:02:52.129388
7aa160941feb,api_error,,0,0,2026-02-18T22:02:52.878083
591ceb2dac0f,api_error,,0,0,2026-02-18T22:02:53.633776
47cf359934ce,api_error,,0,0,2026-02-18T22:02:54.378847
a3b814bac044,api_error,,0,0,2026-02-18T22:02:55.144707
2da1a485879c,api_error,,0,0,2026-02-18T22:02:55.924924
1a906c22e5c2,api_error,,0,0,2026-02-18T22:02:56.748045
03a443e006de,api_error,,0,0,2026-02-18T22:02:57.489308
4208a226dbea,api_error,,0,0,2026-02-18T22:02:58.247687
4d25f1091047,json_error,,0,0,2026-02-18T22:02:58.847494
da78232eaf3d,api_error,,0,0,2026-02-18T22:02:59.016741
da78232eaf3d,api_error,,0,0,2026-02-18T22:02:59.770725
c6e2a2dfbf37,api_error,,0,0,2026-02-18T22:03:00.527215
2a7fc0742928,api_error,,0,0,2026-02-18T22:03:01.339946
a8ef34510f52,api_error,,0,0,2026-02-18T22:03:02.151575
62115197f776,api_error,,0,0,2026-02-18T22:03:02.917500
c46e0f72c8cb,api_error,,0,0,2026-02-18T22:03:03.670593
7cdaf887cd3e,api_error,,0,0,2026-02-18T22:03:04.430060
f80d968f97ba,api_error,,0,0,2026-02-18T22:03:05.210162
ea669305fbfa,api_error,,0,0,2026-02-18T22:03:05.979442
f73c84e64954,api_error,,0,0,2026-02-18T22:03:06.722559
912b221bbb29,api_error,,0,0,2026-02-18T22:03:07.478900
3b491dabaccb,api_error,,0,0,2026-02-18T22:03:08.312351
6d6464abd854,api_error,,0,0,2026-02-18T22:03:09.070421
6662809b6c91,api_error,,0,0,2026-02-18T22:03:09.838401
d05a4b3aaf52,api_error,,0,0,2026-02-18T22:03:10.596948
c51bbe048891,api_error,,0,0,2026-02-18T22:03:11.354695
53a40b70df27,api_error,,0,0,2026-02-18T22:03:12.143617
de544124c431,api_error,,0,0,2026-02-18T22:03:12.896083
913bb03bb8bb,api_error,,0,0,2026-02-18T22:03:13.778116
a5d69f208e0a,api_error,,0,0,2026-02-18T22:03:14.534193
8f3f522edfa2,api_error,,0,0,2026-02-18T22:03:15.303178
e1c4f97f1788,api_error,,0,0,2026-02-18T22:03:16.060209
4d25f1091047,json_error,,0,0,2026-02-18T22:03:16.751810
180ce0b77304,api_error,,0,0,2026-02-18T22:03:16.912039
3aa52364c863,api_error,,0,0,2026-02-18T22:03:17.763976
9783af12c4fe,api_error,,0,0,2026-02-18T22:03:18.521473
ef28dcd0050f,api_error,,0,0,2026-02-18T22:03:19.276464
0dbcb4a89df1,api_error,,0,0,2026-02-18T22:03:20.036134
61e4b8363660,api_error,,0,0,2026-02-18T22:03:20.789070
914db523ec5f,api_error,,0,0,2026-02-18T22:03:21.554228
dbc9803036c8,api_error,,0,0,2026-02-18T22:03:22.308172
0f31ed05d220,api_error,,0,0,2026-02-18T22:03:23.159436
c5d3c7a0c0b3,api_error,,0,0,2026-02-18T22:03:23.913976
de5afb0ed1d7,api_error,,0,0,2026-02-18T22:03:24.711258
ecee22cfdb75,api_error,,0,0,2026-02-18T22:03:25.481862
f3b7cae53176,ok,high,6,1091,2026-02-18T22:03:25.845700
121e7b909a05,api_error,,0,0,2026-02-18T22:03:26.222470
36d3cc760167,api_error,,0,0,2026-02-18T22:03:27.065425
e0023956f3ab,api_error,,0,0,2026-02-18T22:03:27.824549
342f08da584e,api_error,,0,0,2026-02-18T22:03:28.594861
b8525302b291,api_error,,0,0,2026-02-18T22:03:29.354504
7857fe0beea0,api_error,,0,0,2026-02-18T22:03:30.105985
04bc0e883ee1,api_error,,0,0,2026-02-18T22:03:30.894601
8b04ed82cd86,api_error,,0,0,2026-02-18T22:03:31.649829
f8a9a4d8916a,api_error,,0,0,2026-02-18T22:03:32.420722
8d680436ed4b,api_error,,0,0,2026-02-18T22:03:33.197495
6ae166a105b4,api_error,,0,0,2026-02-18T22:03:33.947005
4b05b97e273a,api_error,,0,0,2026-02-18T22:03:34.732926
5c4a9324f784,api_error,,0,0,2026-02-18T22:03:35.483209
2b9c0cb2c746,api_error,,0,0,2026-02-18T22:03:36.317169
43c40bd60242,ok,high,8,1010,2026-02-18T22:03:36.719456
c2898994bb89,api_error,,0,0,2026-02-18T22:03:37.146348
b09c0c15a169,api_error,,0,0,2026-02-18T22:03:38.000585
9f8cc1e6ddda,api_error,,0,0,2026-02-18T22:03:38.882561
81a15bc6d606,api_error,,0,0,2026-02-18T22:03:39.661515
81a15bc6d606,api_error,,0,0,2026-02-18T22:03:40.415030
c23f718dbb31,ok,high,2,280,2026-02-18T22:03:40.797026
71465cf599f0,api_error,,0,0,2026-02-18T22:03:41.205941
1f0107f9dfbb,api_error,,0,0,2026-02-18T22:03:42.025472
a098d5886f01,api_error,,0,0,2026-02-18T22:03:42.796434
ce73071882b4,api_error,,0,0,2026-02-18T22:03:43.597480
1ff48053b56c,api_error,,0,0,2026-02-18T22:03:44.361221
b4d4bdc06e5c,api_error,,0,0,2026-02-18T22:03:45.130974
1ed37c50f132,api_error,,0,0,2026-02-18T22:03:45.868496
e1b10a28a613,api_error,,0,0,2026-02-18T22:03:46.630085
aef0cec89863,ok,high,3,849,2026-02-18T22:03:46.653224
db5449612232,api_error,,0,0,2026-02-18T22:03:47.376784
a483e64f9f0d,api_error,,0,0,2026-02-18T22:03:48.184773
581fa038a7c6,api_error,,0,0,2026-02-18T22:03:48.946323
84b2d6d11403,api_error,,0,0,2026-02-18T22:03:49.715938
b8d637479ed6,api_error,,0,0,2026-02-18T22:03:50.474217
b61444d2333c,api_error,,0,0,2026-02-18T22:03:51.250386
de78e6d3db7d,api_error,,0,0,2026-02-18T22:03:52.006748
6e8ddbcb00e2,api_error,,0,0,2026-02-18T22:03:52.776664
330880330d02,ok,high,3,719,2026-02-18T22:03:52.880544
65e8c48ae521,api_error,,0,0,2026-02-18T22:03:53.551785
f1b9b95aa042,api_error,,0,0,2026-02-18T22:03:54.371817
891bf2ec1727,api_error,,0,0,2026-02-18T22:03:55.135290
ba8c8a0bc7c7,api_error,,0,0,2026-02-18T22:03:55.889167
e15d0ec2fd84,api_error,,0,0,2026-02-18T22:03:56.640884
c08c4a09f501,api_error,,0,0,2026-02-18T22:03:57.392493
a37115326f05,api_error,,0,0,2026-02-18T22:03:58.159829
fa0ff453b878,api_error,,0,0,2026-02-18T22:03:58.918942
cb744432f667,ok,high,4,830,2026-02-18T22:03:59.110910
95d95b889a25,api_error,,0,0,2026-02-18T22:03:59.674490
096bb2dae496,api_error,,0,0,2026-02-18T22:04:00.434692
b65fd270b900,api_error,,0,0,2026-02-18T22:04:01.300859
c900d4a63b53,api_error,,0,0,2026-02-18T22:04:02.046434
f0f051f939e4,api_error,,0,0,2026-02-18T22:04:03.143600
c65859952645,api_error,,0,0,2026-02-18T22:04:03.906210
751e6935b21e,api_error,,0,0,2026-02-18T22:04:04.662546
4845811e705c,api_error,,0,0,2026-02-18T22:04:05.433661
3198924e43a6,api_error,,0,0,2026-02-18T22:04:06.202045
e1ba4400ca31,api_error,,0,0,2026-02-18T22:04:07.023872
4afc73314685,api_error,,0,0,2026-02-18T22:04:07.880528
9584df3419ea,api_error,,0,0,2026-02-18T22:04:08.628636
c47b2745f2ed,api_error,,0,0,2026-02-18T22:04:09.389655
faddde12a86f,api_error,,0,0,2026-02-18T22:04:10.145168
408355b19584,api_error,,0,0,2026-02-18T22:04:10.898560
27bb98c3c339,api_error,,0,0,2026-02-18T22:04:11.741134
877a47ad552d,api_error,,0,0,2026-02-18T22:04:12.508146
0c1fb286c63b,json_error,,0,0,2026-02-18T22:04:12.957709
530dcddbad43,api_error,,0,0,2026-02-18T22:04:13.272603
1177f5ad424a,api_error,,0,0,2026-02-18T22:04:14.041218
e1f222af5ded,api_error,,0,0,2026-02-18T22:04:14.790600
eecae04efcf9,api_error,,0,0,2026-02-18T22:04:15.561832
5f913daf4922,api_error,,0,0,2026-02-18T22:04:16.320718
10d373a8173e,api_error,,0,0,2026-02-18T22:04:17.114931
a9f56a634f06,api_error,,0,0,2026-02-18T22:04:18.037805
752093dceb0f,api_error,,0,0,2026-02-18T22:04:18.827234
5f37cd188570,api_error,,0,0,2026-02-18T22:04:19.592825
322ac95ba6a1,api_error,,0,0,2026-02-18T22:04:20.340082
994ef5bdeb9a,api_error,,0,0,2026-02-18T22:04:21.149810
1b941444e628,api_error,,0,0,2026-02-18T22:04:22.180750
a7b06d52afdd,api_error,,0,0,2026-02-18T22:04:22.960201
4e709bd51a16,api_error,,0,0,2026-02-18T22:04:23.729160
0dc1797228e7,api_error,,0,0,2026-02-18T22:04:24.508711
46ab47d29a07,api_error,,0,0,2026-02-18T22:04:25.255771
bb550cca7019,api_error,,0,0,2026-02-18T22:04:26.023206
774febdeadc0,json_error,,0,0,2026-02-18T22:04:26.127482
d2e10093da3f,api_error,,0,0,2026-02-18T22:04:27.053294
ffa665f4a41c,api_error,,0,0,2026-02-18T22:04:27.886524
90dcc2007ee6,api_error,,0,0,2026-02-18T22:04:28.648374
4a37062eed92,api_error,,0,0,2026-02-18T22:04:29.462796
2a4b29506a1b,api_error,,0,0,2026-02-18T22:04:30.280750
54e7b4108bfc,api_error,,0,0,2026-02-18T22:04:31.197113
9b1123ba94f7,api_error,,0,0,2026-02-18T22:04:31.962577
9e25dc0f4914,api_error,,0,0,2026-02-18T22:04:32.735767
4f45cb550332,api_error,,0,0,2026-02-18T22:04:33.520951
2176422aa9c9,api_error,,0,0,2026-02-18T22:04:34.289035
7777dcb4f73c,api_error,,0,0,2026-02-18T22:04:35.066069
dd785c15932b,api_error,,0,0,2026-02-18T22:04:35.827250
c6c32103f1d3,api_error,,0,0,2026-02-18T22:04:36.602750
9318657e7e22,api_error,,0,0,2026-02-18T22:04:37.466165
a8efc882982c,api_error,,0,0,2026-02-18T22:04:38.247441
d6f659d753e6,json_error,,0,0,2026-02-18T22:04:38.798784
7f0bee48cec7,api_error,,0,0,2026-02-18T22:04:39.011369
cb40e1a08222,api_error,,0,0,2026-02-18T22:04:39.802529
24b83d224bc3,api_error,,0,0,2026-02-18T22:04:40.549377
8e0f95cb1a54,api_error,,0,0,2026-02-18T22:04:41.316588
03a712765d21,api_error,,0,0,2026-02-18T22:04:42.074312
4aa41a8b7903,api_error,,0,0,2026-02-18T22:04:42.862235
bfcf5bddc3e9,api_error,,0,0,2026-02-18T22:04:43.602671
a7f4c8ac3e57,api_error,,0,0,2026-02-18T22:04:44.511209
ea700efefbfc,api_error,,0,0,2026-02-18T22:04:45.336071
ab370387386b,ok,high,5,1172,2026-02-18T22:04:45.850101
1515f11e1002,api_error,,0,0,2026-02-18T22:04:46.106449
2d0b17810f00,api_error,,0,0,2026-02-18T22:04:46.959525
c1f1ee2d9d06,api_error,,0,0,2026-02-18T22:04:47.940013
bee0c8a69c08,api_error,,0,0,2026-02-18T22:04:48.695855
0e816fcc0acf,api_error,,0,0,2026-02-18T22:04:49.510088
afd6e301de21,api_error,,0,0,2026-02-18T22:04:50.310904
46ab8f32969e,api_error,,0,0,2026-02-18T22:04:51.113791
afff3c952e5b,api_error,,0,0,2026-02-18T22:04:51.869531
c07a234941c7,ok,high,5,1082,2026-02-18T22:04:52.674734
6778e4fde46f,api_error,,0,0,2026-02-18T22:04:52.841766
849f84d6d1d4,api_error,,0,0,2026-02-18T22:04:53.623281
af4cfda32948,api_error,,0,0,2026-02-18T22:04:54.386934
07850b53431c,api_error,,0,0,2026-02-18T22:04:55.137053
251ea85780b4,api_error,,0,0,2026-02-18T22:04:55.962199
7c9f5e62a855,api_error,,0,0,2026-02-18T22:04:56.746808
da6dacde41d0,api_error,,0,0,2026-02-18T22:04:57.502045
65e5599acaed,ok,high,3,390,2026-02-18T22:04:57.935393
4c0a443d5488,api_error,,0,0,2026-02-18T22:04:58.250110
60e8c216bdef,api_error,,0,0,2026-02-18T22:04:59.041508
23013d9fee87,api_error,,0,0,2026-02-18T22:04:59.791656
298bc845d65c,api_error,,0,0,2026-02-18T22:05:00.600159
7144f95b6a19,api_error,,0,0,2026-02-18T22:05:01.367786
d9f77f7953cf,api_error,,0,0,2026-02-18T22:05:02.141007
21d6db977a6c,api_error,,0,0,2026-02-18T22:05:02.888947
c999a773771d,api_error,,0,0,2026-02-18T22:05:03.694827
6d98bb119032,api_error,,0,0,2026-02-18T22:05:04.479582
2e560232c6fe,api_error,,0,0,2026-02-18T22:05:05.259241
c66d7b6fedc2,api_error,,0,0,2026-02-18T22:05:06.048375
5526d83435f5,api_error,,0,0,2026-02-18T22:05:06.817157
ca2d02088380,api_error,,0,0,2026-02-18T22:05:07.592726
63378aebe4a7,api_error,,0,0,2026-02-18T22:05:08.346984
60b859ba45d6,api_error,,0,0,2026-02-18T22:05:09.153564
e57b39cef8de,api_error,,0,0,2026-02-18T22:05:10.000946
6e5c0f89c1c0,api_error,,0,0,2026-02-18T22:05:10.771979
7cea389620c0,json_error,,0,0,2026-02-18T22:05:11.189002
380cf57eaeba,api_error,,0,0,2026-02-18T22:05:11.532860
66b8e54afe89,api_error,,0,0,2026-02-18T22:05:12.294088
4e36224c3a6b,api_error,,0,0,2026-02-18T22:05:13.076088
c88faba993b3,api_error,,0,0,2026-02-18T22:05:13.978419
cf6a148fb75a,api_error,,0,0,2026-02-18T22:05:14.771427
9c09c45084e2,api_error,,0,0,2026-02-18T22:05:15.596428
f5078c89660d,api_error,,0,0,2026-02-18T22:05:16.377691
e4fa07af7e36,api_error,,0,0,2026-02-18T22:05:17.133933
db44df4c965c,api_error,,0,0,2026-02-18T22:05:17.891911
ada3ada95e46,api_error,,0,0,2026-02-18T22:05:18.636985
1b575a623421,api_error,,0,0,2026-02-18T22:05:19.401425
8fb367fad2b3,api_error,,0,0,2026-02-18T22:05:20.170418
f623f5bc8112,api_error,,0,0,2026-02-18T22:05:20.988331
72f4aed57f0d,api_error,,0,0,2026-02-18T22:05:21.752171
6e8a2482c1f9,api_error,,0,0,2026-02-18T22:05:22.523173
d16d5abe273f,api_error,,0,0,2026-02-18T22:05:23.309530
486fe208f280,api_error,,0,0,2026-02-18T22:05:24.049447
7e6f4a97a13f,api_error,,0,0,2026-02-18T22:05:24.804192
e4e1ed099ace,api_error,,0,0,2026-02-18T22:05:25.616231
0bcd4dc43ae2,json_error,,0,0,2026-02-18T22:05:26.338174
5151fc0a8617,api_error,,0,0,2026-02-18T22:05:26.384590
c96c9f45cda8,api_error,,0,0,2026-02-18T22:05:27.141043
622bbefe877c,api_error,,0,0,2026-02-18T22:05:27.904994
09e7bb30f0c0,api_error,,0,0,2026-02-18T22:05:28.660031
998ab2a4e4ab,api_error,,0,0,2026-02-18T22:05:29.463894
efe63f5b84a7,api_error,,0,0,2026-02-18T22:05:30.224116
283d48ce4942,api_error,,0,0,2026-02-18T22:05:30.996025
1f1f92a5e11c,api_error,,0,0,2026-02-18T22:05:31.752597
228f4f965ee5,api_error,,0,0,2026-02-18T22:05:32.515008
3d4b7af2b969,api_error,,0,0,2026-02-18T22:05:33.274634
b8556904b92b,api_error,,0,0,2026-02-18T22:05:34.035487
b4f1aab23c0d,api_error,,0,0,2026-02-18T22:05:34.790409
1144d7beedc9,api_error,,0,0,2026-02-18T22:05:35.540024
4425d956d0d1,api_error,,0,0,2026-02-18T22:05:36.321317
b4d13c2fee28,api_error,,0,0,2026-02-18T22:05:37.166848
06387d58074b,ok,high,4,890,2026-02-18T22:05:37.238999
4f580b421b35,api_error,,0,0,2026-02-18T22:05:37.916821
c525536c957b,api_error,,0,0,2026-02-18T22:05:38.678201
1fd5c3d84d2e,api_error,,0,0,2026-02-18T22:05:39.522419
29e59db02ed1,api_error,,0,0,2026-02-18T22:05:40.266246
1d988a1084f2,api_error,,0,0,2026-02-18T22:05:41.029358
0f6431bffaf4,api_error,,0,0,2026-02-18T22:05:41.797939
2e5e0bda5da2,ok,high,3,364,2026-02-18T22:05:42.346712
13093162680b,api_error,,0,0,2026-02-18T22:05:42.567394
0c9b73157e67,api_error,,0,0,2026-02-18T22:05:43.318703
81c56dec4e04,api_error,,0,0,2026-02-18T22:05:44.059978
d4f3be944dae,api_error,,0,0,2026-02-18T22:05:44.799013
6be7ac83cf30,api_error,,0,0,2026-02-18T22:05:45.551066
b292388fce67,api_error,,0,0,2026-02-18T22:05:46.310823
5c3900c57db4,api_error,,0,0,2026-02-18T22:05:47.078943
ec648c30410f,api_error,,0,0,2026-02-18T22:05:47.883831
5c3900c57db4,api_error,,0,0,2026-02-18T22:05:48.633143
56bb4e2264e1,api_error,,0,0,2026-02-18T22:05:49.383978
ef67c3ed0b96,ok,high,4,1040,2026-02-18T22:05:49.550119
795eb81d7b01,api_error,,0,0,2026-02-18T22:05:50.158679
ece513c7bdcc,api_error,,0,0,2026-02-18T22:05:50.938297
b57f98cd20d7,api_error,,0,0,2026-02-18T22:05:51.679207
162bea7df30a,api_error,,0,0,2026-02-18T22:05:52.468761
a1a40ed42d28,api_error,,0,0,2026-02-18T22:05:53.228745
df4a9132bab8,api_error,,0,0,2026-02-18T22:05:54.018306
2bf5f930349c,api_error,,0,0,2026-02-18T22:05:54.778940
65787426f09c,ok,high,3,424,2026-02-18T22:05:54.802224
923a373eaa3a,api_error,,0,0,2026-02-18T22:05:55.690784
267c70c13863,api_error,,0,0,2026-02-18T22:05:56.461249
aa4d52b9c26b,api_error,,0,0,2026-02-18T22:05:57.208587
d0778e51e3a2,api_error,,0,0,2026-02-18T22:05:57.963487
ce64b85fb461,api_error,,0,0,2026-02-18T22:05:58.878240
e9414588b769,api_error,,0,0,2026-02-18T22:05:59.638418
6d86ad5922af,api_error,,0,0,2026-02-18T22:06:00.391510
cca51ecb50f1,ok,high,4,1005,2026-02-18T22:06:00.946129
09ddf3fabb9b,api_error,,0,0,2026-02-18T22:06:01.137398
d5eeebee1ff0,api_error,,0,0,2026-02-18T22:06:01.895041
073c4b726fcf,api_error,,0,0,2026-02-18T22:06:02.696188
4818f0ecfa43,api_error,,0,0,2026-02-18T22:06:03.505272
7c3f84232d1f,api_error,,0,0,2026-02-18T22:06:04.254894
692ebc7f913c,ok,high,2,427,2026-02-18T22:06:04.745981
2a059316c4ea,api_error,,0,0,2026-02-18T22:06:05.211637
957abaf47f5d,api_error,,0,0,2026-02-18T22:06:06.096890
e5ef1b468f23,api_error,,0,0,2026-02-18T22:06:06.863799
e494d36113d8,api_error,,0,0,2026-02-18T22:06:07.620847
1c5f175b2d1c,api_error,,0,0,2026-02-18T22:06:08.368039
3e07b7079145,api_error,,0,0,2026-02-18T22:06:09.126795
97b2cd19859a,ok,high,3,425,2026-02-18T22:06:09.874353
a7dd186c2421,api_error,,0,0,2026-02-18T22:06:09.879225
d6b786f085c1,api_error,,0,0,2026-02-18T22:06:10.650657
d6b786f085c1,api_error,,0,0,2026-02-18T22:06:11.411572
d6b786f085c1,api_error,,0,0,2026-02-18T22:06:12.174330
524886355fd8,api_error,,0,0,2026-02-18T22:06:12.925166
5b9e5893f696,api_error,,0,0,2026-02-18T22:06:13.714269
70cc56930294,api_error,,0,0,2026-02-18T22:06:14.469412
49a7f7605e70,ok,high,3,640,2026-02-18T22:06:14.582981
82d2dd17cb3d,api_error,,0,0,2026-02-18T22:06:15.223385
d27114c05e84,api_error,,0,0,2026-02-18T22:06:15.977360
e255255a4b54,api_error,,0,0,2026-02-18T22:06:16.729603
ac0489417fc2,api_error,,0,0,2026-02-18T22:06:17.542214
8d1e8f7fe57f,api_error,,0,0,2026-02-18T22:06:18.296556
7ff4d219be93,api_error,,0,0,2026-02-18T22:06:19.050290
88a623a98992,api_error,,0,0,2026-02-18T22:06:19.811704
e289b578dc0f,ok,high,3,424,2026-02-18T22:06:20.060915
62983f42d387,api_error,,0,0,2026-02-18T22:06:20.564999
a4e150d994c4,api_error,,0,0,2026-02-18T22:06:21.380518
2c526e279bba,api_error,,0,0,2026-02-18T22:06:22.125186
8cebe8ad1e36,api_error,,0,0,2026-02-18T22:06:22.936038
e6f710d02f2a,api_error,,0,0,2026-02-18T22:06:23.794375
f3d867404697,api_error,,0,0,2026-02-18T22:06:24.536894
0ef01c2b9627,ok,high,3,790,2026-02-18T22:06:24.967228
7d7b8c94d93a,api_error,,0,0,2026-02-18T22:06:25.294751
3311e2d749f0,api_error,,0,0,2026-02-18T22:06:26.446790
2f6d2a91868a,api_error,,0,0,2026-02-18T22:06:27.245543
6e4e3d72db3e,api_error,,0,0,2026-02-18T22:06:28.004013
bc5f31841db2,api_error,,0,0,2026-02-18T22:06:28.748718
c864d4a28c42,api_error,,0,0,2026-02-18T22:06:29.540912
6c27bf0328c9,api_error,,0,0,2026-02-18T22:06:30.366437
adce612f79e9,api_error,,0,0,2026-02-18T22:06:31.164925
d74dc006c5c8,api_error,,0,0,2026-02-18T22:06:31.939706
9db89fb30280,api_error,,0,0,2026-02-18T22:06:32.690968
dd97574f5137,api_error,,0,0,2026-02-18T22:06:33.442475
43f85b27abdd,api_error,,0,0,2026-02-18T22:06:34.196421
fe8b7afb4ed4,ok,high,7,818,2026-02-18T22:06:34.483356
f6dee9f348bc,api_error,,0,0,2026-02-18T22:06:34.967416
f1d8c17008a9,api_error,,0,0,2026-02-18T22:06:35.735705
b062fb831383,api_error,,0,0,2026-02-18T22:06:36.494368
e2b8c9cfffbd,api_error,,0,0,2026-02-18T22:06:37.289819
ecc2f076200b,api_error,,0,0,2026-02-18T22:06:38.053677
7eec4e94ec56,api_error,,0,0,2026-02-18T22:06:38.859354
950d2554c7ac,api_error,,0,0,2026-02-18T22:06:39.626131
c4e9deda0147,api_error,,0,0,2026-02-18T22:06:40.438044
9cf4ad9218df,api_error,,0,0,2026-02-18T22:06:41.192200
518a267265ea,api_error,,0,0,2026-02-18T22:06:41.970735
8b842a44db4e,api_error,,0,0,2026-02-18T22:06:42.735532
99944768b2b4,api_error,,0,0,2026-02-18T22:06:43.511967
e32f18ed2aa4,api_error,,0,0,2026-02-18T22:06:44.281572
9b8011de8d23,ok,high,5,754,2026-02-18T22:06:44.669221
2f7a3e6f91d5,api_error,,0,0,2026-02-18T22:06:45.049514
7ebccf35ba7d,api_error,,0,0,2026-02-18T22:06:45.807426
4a9002461691,api_error,,0,0,2026-02-18T22:06:46.575763
35ee136c613c,api_error,,0,0,2026-02-18T22:06:47.337114
b016ccdb2566,api_error,,0,0,2026-02-18T22:06:48.103804
059d054ff2bf,api_error,,0,0,2026-02-18T22:06:48.867401
59b373d41958,api_error,,0,0,2026-02-18T22:06:49.618862
ced83b36876e,api_error,,0,0,2026-02-18T22:06:50.392874
831c2ea593fb,api_error,,0,0,2026-02-18T22:06:51.463816
601eba8c969d,api_error,,0,0,2026-02-18T22:06:52.218267
110ecf730e14,api_error,,0,0,2026-02-18T22:06:53.006502
0b488958c1af,ok,high,6,813,2026-02-18T22:06:53.693827
4dcf6dc01d24,api_error,,0,0,2026-02-18T22:06:53.754079
6343ad23ed65,api_error,,0,0,2026-02-18T22:06:54.543793
65f6cbfe1542,api_error,,0,0,2026-02-18T22:06:55.301622
f5ed621ac270,api_error,,0,0,2026-02-18T22:06:56.053835
b264a91e4681,api_error,,0,0,2026-02-18T22:06:56.810879
935c56ffb320,api_error,,0,0,2026-02-18T22:06:57.562394
d20b0639227e,api_error,,0,0,2026-02-18T22:06:58.330929
66519a024168,ok,high,2,1241,2026-02-18T22:06:58.564577
568d4fb30d52,api_error,,0,0,2026-02-18T22:06:59.074397
f0a8c8bad4f9,api_error,,0,0,2026-02-18T22:06:59.833400
54cf068050b5,api_error,,0,0,2026-02-18T22:07:00.599747
ebb4943b5556,api_error,,0,0,2026-02-18T22:07:01.351550
3289f9cf8608,api_error,,0,0,2026-02-18T22:07:02.124692
d5723066afeb,api_error,,0,0,2026-02-18T22:07:02.892938
8725569f45a8,api_error,,0,0,2026-02-18T22:07:03.653530
b385004da1af,api_error,,0,0,2026-02-18T22:07:04.527916
1de695d1d414,api_error,,0,0,2026-02-18T22:07:05.302530
966f2b92c8dc,api_error,,0,0,2026-02-18T22:07:06.130838
eed123c4fa56,api_error,,0,0,2026-02-18T22:07:06.930245
d869a681c085,ok,high,5,1206,2026-02-18T22:07:06.932604
756a49bb551a,api_error,,0,0,2026-02-18T22:07:07.690872
851d235a31b8,api_error,,0,0,2026-02-18T22:07:08.439101
fda5b199ec9f,api_error,,0,0,2026-02-18T22:07:09.195378
22c6e917ad2c,api_error,,0,0,2026-02-18T22:07:09.973648
8e442a622f02,api_error,,0,0,2026-02-18T22:07:10.749480
23dd586e8f3f,api_error,,0,0,2026-02-18T22:07:11.547136
29f4883d4695,api_error,,0,0,2026-02-18T22:07:12.306243
7fe98fe46a38,api_error,,0,0,2026-02-18T22:07:13.128292
89a6c940b875,ok,high,4,848,2026-02-18T22:07:13.541442
7db472d058bd,api_error,,0,0,2026-02-18T22:07:13.873810
72055d2d0a84,api_error,,0,0,2026-02-18T22:07:14.629743
85585fa7eef0,api_error,,0,0,2026-02-18T22:07:15.393820
71980c7eb904,api_error,,0,0,2026-02-18T22:07:16.160394
1b7f555e9b1c,api_error,,0,0,2026-02-18T22:07:16.916437
80e4f680b793,api_error,,0,0,2026-02-18T22:07:17.700929
b8eea400a73f,api_error,,0,0,2026-02-18T22:07:18.456745
e7dcb138eed4,api_error,,0,0,2026-02-18T22:07:19.239957
7a0d3ee3d338,api_error,,0,0,2026-02-18T22:07:20.028082
09727c71c465,api_error,,0,0,2026-02-18T22:07:20.780548
520207459a28,api_error,,0,0,2026-02-18T22:07:21.531111
9d1d74533f1e,api_error,,0,0,2026-02-18T22:07:22.295262
c7c6ff209abb,api_error,,0,0,2026-02-18T22:07:23.073224
87a30568a2c6,api_error,,0,0,2026-02-18T22:07:23.824939
3f044ca30b5b,api_error,,0,0,2026-02-18T22:07:24.650080
ae5df81bfd5d,ok,high,7,1073,2026-02-18T22:07:24.963151
84cf5848bb08,api_error,,0,0,2026-02-18T22:07:25.405278
e7528b4db965,api_error,,0,0,2026-02-18T22:07:26.164988
24e30addc83a,api_error,,0,0,2026-02-18T22:07:26.926197
edcf1d10ddbc,api_error,,0,0,2026-02-18T22:07:27.722108
4f274254ecca,api_error,,0,0,2026-02-18T22:07:28.484281
1fe9de9e8baa,api_error,,0,0,2026-02-18T22:07:29.468515
903bb98bdcd9,api_error,,0,0,2026-02-18T22:07:30.374998
7577a101d038,api_error,,0,0,2026-02-18T22:07:31.142787
5e94ef14da2d,api_error,,0,0,2026-02-18T22:07:31.892076
48cb3d94d464,api_error,,0,0,2026-02-18T22:07:32.679191
ed8b7bb7fe02,api_error,,0,0,2026-02-18T22:07:33.464711
6ba0374cbf1d,api_error,,0,0,2026-02-18T22:07:34.229548
60aa90843d7f,api_error,,0,0,2026-02-18T22:07:34.988578
e9e1ba316ba4,api_error,,0,0,2026-02-18T22:07:35.812193
0be4cd748e24,api_error,,0,0,2026-02-18T22:07:36.559421
02754d22a940,api_error,,0,0,2026-02-18T22:07:37.316074
abe00f170777,api_error,,0,0,2026-02-18T22:07:38.069246
06311921b698,api_error,,0,0,2026-02-18T22:07:38.860179
f913c66d59de,api_error,,0,0,2026-02-18T22:07:39.696611
44cd52000510,json_error,,0,0,2026-02-18T22:07:40.190957
37f1f3dfad2c,api_error,,0,0,2026-02-18T22:07:40.457584
4e9b58df118d,api_error,,0,0,2026-02-18T22:07:41.307909
237f5d5f3566,api_error,,0,0,2026-02-18T22:07:42.146347
1ea1c7172a3f,ok,high,6,490,2026-02-18T22:07:48.571059
2ef651a37838,json_error,,0,0,2026-02-18T22:08:03.705390
cde088ca1181,json_error,,0,0,2026-02-18T22:08:18.879067
dc2645afeffa,ok,high,3,570,2026-02-18T22:08:23.731979
7d0f7db5da42,ok,high,7,1404,2026-02-18T22:08:34.281770
cbd116f0a39c,json_error,,0,0,2026-02-18T22:08:47.213282
ce09a492c9c5,ok,high,4,844,2026-02-18T22:08:53.137107
224d4b280718,ok,high,3,627,2026-02-18T22:08:58.881281
d0f274d46293,ok,high,7,1174,2026-02-18T22:09:09.822690
4e21a26f6928,ok,high,8,1325,2026-02-18T22:09:20.466072
c337bcffae1f,ok,high,6,1286,2026-02-18T22:09:29.509781
91eeec88f1c1,ok,high,6,839,2026-02-18T22:09:38.998192
90c35b6b870f,ok,high,5,1249,2026-02-18T22:09:46.986947
2cc19c970500,ok,high,4,614,2026-02-18T22:09:54.562607
5b62b3057996,ok,high,4,811,2026-02-18T22:10:01.016242
4f7dce96707e,ok,high,3,624,2026-02-18T22:10:06.648303
b67d49c01aae,ok,high,5,919,2026-02-18T22:10:14.328955
8a80832532a3,ok,high,8,1270,2026-02-18T22:10:24.465933
fbc01fbbd563,ok,high,5,1061,2026-02-18T22:10:32.873872
2da66f231379,ok,high,5,974,2026-02-18T22:10:40.338750
40ad952c6283,ok,high,3,470,2026-02-18T22:10:46.072349
cc662034c689,ok,high,4,876,2026-02-18T22:10:53.548338
f8f2b3840713,ok,high,4,401,2026-02-18T22:10:59.976959
49e08e7e6394,ok,high,3,375,2026-02-18T22:11:06.048125
4c34c711b9b3,ok,high,2,420,2026-02-18T22:11:10.543302
f4f10688219c,ok,high,4,679,2026-02-18T22:11:17.742855
43418c4f1df3,ok,high,1,47,2026-02-18T22:11:20.555793
0d58ab398306,ok,high,8,1108,2026-02-18T22:11:32.058759
0780ac7a42f2,ok,high,3,402,2026-02-18T22:11:37.886055
d5c4c774858e,ok,high,10,1174,2026-02-18T22:11:50.902093
c3560a720b4e,ok,high,2,420,2026-02-18T22:11:55.295967
74620f3a9d9e,ok,high,6,1226,2026-02-18T22:12:03.997883
2d857affde54,ok,high,3,499,2026-02-18T22:12:09.265369
bc4a8a362c2b,ok,high,4,522,2026-02-18T22:12:16.208357
7b8008ea1198,ok,high,6,1162,2026-02-18T22:12:24.778475
ccd3bedbfc06,json_error,,0,0,2026-02-18T22:12:38.614291
f2c4166cf66c,ok,high,5,1366,2026-02-18T22:12:46.826699
844c27ccbe54,ok,high,3,760,2026-02-18T22:12:52.670394
f403b6489d93,ok,high,4,911,2026-02-18T22:12:59.401284
df203d492322,ok,high,4,1056,2026-02-18T22:13:05.921422
b8673b819b4a,ok,high,3,756,2026-02-18T22:13:11.518173
4e79f1820d7a,ok,high,2,250,2026-02-18T22:13:15.474032
aa2b8b3acd52,ok,high,4,556,2026-02-18T22:13:22.277036
f5484d3838c3,ok,high,4,1000,2026-02-18T22:13:28.790384
41b4f9d14ccb,api_error,,0,0,2026-02-18T22:13:32.753073
390ec674d7f4,api_error,,0,0,2026-02-18T22:13:33.518282
5829b9380bc8,ok,high,3,1098,2026-02-18T22:13:33.714402
cc3c4f90712c,api_error,,0,0,2026-02-18T22:13:34.292644
91bdd380bcb2,api_error,,0,0,2026-02-18T22:13:35.104083
dd49e632165f,api_error,,0,0,2026-02-18T22:13:35.852491
b0abddd3b6cd,api_error,,0,0,2026-02-18T22:13:36.607288
884bf7b736f3,api_error,,0,0,2026-02-18T22:13:37.380648
445d8b7c8edc,api_error,,0,0,2026-02-18T22:13:38.130586
7d5339bdcc92,api_error,,0,0,2026-02-18T22:13:38.965512
2488469fa33e,ok,high,2,660,2026-02-18T22:13:39.280968
84742a6b676d,api_error,,0,0,2026-02-18T22:13:39.733757
97aabf8b9dc2,api_error,,0,0,2026-02-18T22:13:40.506818
255e391ec1a8,api_error,,0,0,2026-02-18T22:13:41.274496
770870332cd5,api_error,,0,0,2026-02-18T22:13:42.092320
02261a01112d,api_error,,0,0,2026-02-18T22:13:42.861737
02cfc51de600,api_error,,0,0,2026-02-18T22:13:43.608961
fe8f3f0ead60,api_error,,0,0,2026-02-18T22:13:44.370318
41b57d4e3060,ok,high,3,445,2026-02-18T22:13:44.380925
a8ec9abe6da0,api_error,,0,0,2026-02-18T22:13:45.133411
f01e60ec256b,api_error,,0,0,2026-02-18T22:13:45.889755
a6fd8d777d46,api_error,,0,0,2026-02-18T22:13:46.645393
1f5c18a7447f,api_error,,0,0,2026-02-18T22:13:47.512961
4050ae4989af,api_error,,0,0,2026-02-18T22:13:48.291559
f3201ee03c76,api_error,,0,0,2026-02-18T22:13:49.065398
0b1176fb835d,ok,high,3,493,2026-02-18T22:13:49.368364
b7a95ba108ba,api_error,,0,0,2026-02-18T22:13:49.823725
4b87ad997982,api_error,,0,0,2026-02-18T22:13:50.573255
0d9bb5f1e38a,api_error,,0,0,2026-02-18T22:13:51.415271
7c392ec35d1c,api_error,,0,0,2026-02-18T22:13:52.172358
b33fa87dcb0c,api_error,,0,0,2026-02-18T22:13:52.944326
4dd9518817c0,api_error,,0,0,2026-02-18T22:13:53.713078
bd1e64885202,api_error,,0,0,2026-02-18T22:13:54.457173
4760507b2aef,ok,high,3,445,2026-02-18T22:13:55.244935
25b6936170c8,api_error,,0,0,2026-02-18T22:13:55.366831
ba88b5dcc76f,api_error,,0,0,2026-02-18T22:13:56.116862
1d202cdd892b,api_error,,0,0,2026-02-18T22:13:56.934583
21577087394e,api_error,,0,0,2026-02-18T22:13:57.696111
df821255c0e7,api_error,,0,0,2026-02-18T22:13:58.451917
eae9cc2fd2c8,api_error,,0,0,2026-02-18T22:13:59.203964
a31c5ee9b009,api_error,,0,0,2026-02-18T22:13:59.962975
a31c5ee9b009,api_error,,0,0,2026-02-18T22:14:00.745576
78ec3901afde,api_error,,0,0,2026-02-18T22:14:01.511091
54b1d40f4964,api_error,,0,0,2026-02-18T22:14:02.247297
ee2dbe4923a4,ok,high,5,900,2026-02-18T22:14:02.628241
9efec27ce42d,api_error,,0,0,2026-02-18T22:14:03.017001
fe96d3937aad,api_error,,0,0,2026-02-18T22:14:03.780512
e0556344ceaf,api_error,,0,0,2026-02-18T22:14:04.528929
621d1720be89,api_error,,0,0,2026-02-18T22:14:05.437819
8a82992fec19,api_error,,0,0,2026-02-18T22:14:06.251291
fefdc36dcb45,api_error,,0,0,2026-02-18T22:14:07.020451
e2dccf0ce1e1,api_error,,0,0,2026-02-18T22:14:07.781326
f73d05b7ba30,api_error,,0,0,2026-02-18T22:14:08.534052
3d45af3580d0,ok,high,4,635,2026-02-18T22:14:09.030903
e4a9e779b371,api_error,,0,0,2026-02-18T22:14:09.297044
7787c00b4493,api_error,,0,0,2026-02-18T22:14:10.046944
b66d64b9badc,api_error,,0,0,2026-02-18T22:14:10.805660
1d8872ba1d2e,api_error,,0,0,2026-02-18T22:14:11.631635
5acdcf9999a7,api_error,,0,0,2026-02-18T22:14:12.383488
610682ad0562,api_error,,0,0,2026-02-18T22:14:13.164825
0eaa65b6ea5c,api_error,,0,0,2026-02-18T22:14:13.911967
95d67791536d,api_error,,0,0,2026-02-18T22:14:14.793740
4790600958da,api_error,,0,0,2026-02-18T22:14:15.683665
3adf62c895e3,ok,high,4,445,2026-02-18T22:14:15.763986
1eeef2f7454d,api_error,,0,0,2026-02-18T22:14:16.485114
23e2b9219be5,api_error,,0,0,2026-02-18T22:14:17.247960
2011c6509bb9,api_error,,0,0,2026-02-18T22:14:18.031319
4ad620890399,api_error,,0,0,2026-02-18T22:14:18.827128
a20167d4cd2a,api_error,,0,0,2026-02-18T22:14:19.591076
532b0dc68551,api_error,,0,0,2026-02-18T22:14:20.362142
757dc4aec965,api_error,,0,0,2026-02-18T22:14:21.127048
45f28851f9a4,api_error,,0,0,2026-02-18T22:14:21.879637
14455f708f3d,api_error,,0,0,2026-02-18T22:14:22.716565
903a881ea4ed,api_error,,0,0,2026-02-18T22:14:23.480113
acf956a4860b,api_error,,0,0,2026-02-18T22:14:24.219875
2e1183ab716e,ok,high,5,957,2026-02-18T22:14:24.444751
82dbdc5f9a69,api_error,,0,0,2026-02-18T22:14:24.981489
760343e30d18,api_error,,0,0,2026-02-18T22:14:25.772589
13e990d6a349,api_error,,0,0,2026-02-18T22:14:26.537209
a2f55a19b3e3,api_error,,0,0,2026-02-18T22:14:27.290321
d80144f16417,api_error,,0,0,2026-02-18T22:14:28.042374
0ae3a128e96f,api_error,,0,0,2026-02-18T22:14:28.814378
2d9d2635200f,api_error,,0,0,2026-02-18T22:14:29.596806
69f5f980b591,api_error,,0,0,2026-02-18T22:14:30.383431
b2fe0cfe2cbb,api_error,,0,0,2026-02-18T22:14:31.172960
4f13d9a4430a,api_error,,0,0,2026-02-18T22:14:31.946875
7df782aee405,ok,high,5,894,2026-02-18T22:14:32.334336
e5b9e66681a4,api_error,,0,0,2026-02-18T22:14:32.690285
1d268f561099,api_error,,0,0,2026-02-18T22:14:33.450534
fd80b0ac4b18,api_error,,0,0,2026-02-18T22:14:34.226037
ffbd51ef6144,api_error,,0,0,2026-02-18T22:14:34.974979
20496cfab8a4,api_error,,0,0,2026-02-18T22:14:35.737613
dca516601df3,api_error,,0,0,2026-02-18T22:14:36.498161
b336fbc036bf,api_error,,0,0,2026-02-18T22:14:37.285232
f583b6e662ea,ok,high,3,592,2026-02-18T22:14:37.785105
24e6781c6f73,api_error,,0,0,2026-02-18T22:14:38.106571
b6d410c25dce,api_error,,0,0,2026-02-18T22:14:38.854577
924429de80c6,api_error,,0,0,2026-02-18T22:14:39.616348
03355f3eaa85,api_error,,0,0,2026-02-18T22:14:40.363630
109f0841b3a5,api_error,,0,0,2026-02-18T22:14:41.187364
6c2c9408b4a6,api_error,,0,0,2026-02-18T22:14:41.953771
4159757819ab,api_error,,0,0,2026-02-18T22:14:42.714921
72189d477a1a,api_error,,0,0,2026-02-18T22:14:43.470325
1f4ef667a813,api_error,,0,0,2026-02-18T22:14:44.309318
84389c6ecaac,api_error,,0,0,2026-02-18T22:14:45.084239
928fae11a2fd,ok,high,5,1236,2026-02-18T22:14:45.260230
64728567a528,api_error,,0,0,2026-02-18T22:14:45.864868
cbf8de065fe3,api_error,,0,0,2026-02-18T22:14:46.635087
226e06651ab5,api_error,,0,0,2026-02-18T22:14:47.375542
0c02ed72f828,api_error,,0,0,2026-02-18T22:14:48.143081
41e7b21e7520,api_error,,0,0,2026-02-18T22:14:48.926628
a8fde87df621,api_error,,0,0,2026-02-18T22:14:49.680373
4cb8b22bddc4,api_error,,0,0,2026-02-18T22:14:50.571079
9172650286d3,ok,high,3,802,2026-02-18T22:14:50.736727
d414cc2cb98e,api_error,,0,0,2026-02-18T22:14:51.349438
15414299ffff,api_error,,0,0,2026-02-18T22:14:52.107246
4284730d1dc0,api_error,,0,0,2026-02-18T22:14:52.856149
13d8d7ff5678,api_error,,0,0,2026-02-18T22:14:53.589154
6477930ad9bf,api_error,,0,0,2026-02-18T22:14:54.347104
88743e2059fe,ok,high,2,305,2026-02-18T22:14:54.585954
16897925b971,api_error,,0,0,2026-02-18T22:14:55.116435
6f0293415c96,api_error,,0,0,2026-02-18T22:14:55.868339
3b1486cc1ddb,api_error,,0,0,2026-02-18T22:14:56.664873
e6990aca1c1d,api_error,,0,0,2026-02-18T22:14:57.435897
354ceaf683bf,api_error,,0,0,2026-02-18T22:14:58.188184
9fe263a9fba5,api_error,,0,0,2026-02-18T22:14:58.946913
a019a3aea98d,ok,high,2,232,2026-02-18T22:14:59.079795
c03a20df4a0b,api_error,,0,0,2026-02-18T22:14:59.691360
4bd9d9f8cde1,api_error,,0,0,2026-02-18T22:15:00.452120
ba57fb0f81a4,api_error,,0,0,2026-02-18T22:15:01.262954
26080f699070,api_error,,0,0,2026-02-18T22:15:02.077387
86acce079428,api_error,,0,0,2026-02-18T22:15:02.827725
de5d727e6f4e,api_error,,0,0,2026-02-18T22:15:03.596962
d5b5ab374643,api_error,,0,0,2026-02-18T22:15:04.425131
980df92e03da,api_error,,0,0,2026-02-18T22:15:05.229963
0e108fd2033e,api_error,,0,0,2026-02-18T22:15:05.969198
fc172ad79cd3,api_error,,0,0,2026-02-18T22:15:06.787310
d9893176cfc3,api_error,,0,0,2026-02-18T22:15:07.595719
b70973232061,api_error,,0,0,2026-02-18T22:15:08.336680
b64ef52e3055,api_error,,0,0,2026-02-18T22:15:09.089177
0bbcb316cbaa,api_error,,0,0,2026-02-18T22:15:09.863063
87eb571905e2,api_error,,0,0,2026-02-18T22:15:10.610977
4c12cec1cb4f,api_error,,0,0,2026-02-18T22:15:11.505841
49b0d4fec066,ok,high,9,971,2026-02-18T22:15:12.232010
0bff55f675fb,api_error,,0,0,2026-02-18T22:15:12.257135
ad6561e8574f,api_error,,0,0,2026-02-18T22:15:13.031294
c4d87913349d,api_error,,0,0,2026-02-18T22:15:13.799536
f6fcb14ebe75,api_error,,0,0,2026-02-18T22:15:14.573919
8df2dca205da,api_error,,0,0,2026-02-18T22:15:15.357042
a82b882196cf,api_error,,0,0,2026-02-18T22:15:16.103171
c73a781f43af,ok,high,2,264,2026-02-18T22:15:16.504184
bd72b317729c,api_error,,0,0,2026-02-18T22:15:16.918766
6ce048d5df62,api_error,,0,0,2026-02-18T22:15:17.671251
c97d9ee6d467,api_error,,0,0,2026-02-18T22:15:18.424020
51f92b4b9136,api_error,,0,0,2026-02-18T22:15:19.182374
b962f38e36a7,api_error,,0,0,2026-02-18T22:15:19.987778
18d391146cc9,api_error,,0,0,2026-02-18T22:15:20.738121
748e55ca91f2,api_error,,0,0,2026-02-18T22:15:21.484696
4b0d86e9af40,ok,high,3,481,2026-02-18T22:15:21.770325
b4fbc7967719,api_error,,0,0,2026-02-18T22:15:22.257304
1f9e37a6325f,api_error,,0,0,2026-02-18T22:15:23.065140
0876ea9e736b,api_error,,0,0,2026-02-18T22:15:23.883971
6ca793ba2d75,api_error,,0,0,2026-02-18T22:15:24.672679
edd37dfa5e0d,api_error,,0,0,2026-02-18T22:15:25.431116
b4609e86acce,api_error,,0,0,2026-02-18T22:15:26.193235
d4fdc232e0cf,api_error,,0,0,2026-02-18T22:15:27.062423
be7d57d13a6a,api_error,,0,0,2026-02-18T22:15:27.817216
2f863515a0aa,api_error,,0,0,2026-02-18T22:15:28.630716
e92e9275d939,api_error,,0,0,2026-02-18T22:15:29.391265
1b6d3fb38f28,api_error,,0,0,2026-02-18T22:15:30.211878
b3104d88ab18,ok,high,6,1196,2026-02-18T22:15:30.598990
790644157d03,api_error,,0,0,2026-02-18T22:15:30.987925
fbb125930a45,api_error,,0,0,2026-02-18T22:15:31.743538
d6087451a54a,api_error,,0,0,2026-02-18T22:15:32.500089
b357d242b353,api_error,,0,0,2026-02-18T22:15:33.254273
dd57dba33298,ok,high,1,190,2026-02-18T22:15:33.271181
521c895441b5,api_error,,0,0,2026-02-18T22:15:34.046279
6c45f618699c,api_error,,0,0,2026-02-18T22:15:34.815079
b6ea4fe4676b,api_error,,0,0,2026-02-18T22:15:35.584052
8d02f337c069,api_error,,0,0,2026-02-18T22:15:36.352032
abfa16eb2bed,api_error,,0,0,2026-02-18T22:15:37.116906
705eb26f36d7,api_error,,0,0,2026-02-18T22:15:37.874961
4898f59196b4,api_error,,0,0,2026-02-18T22:15:38.631039
ac8ff092d7cf,api_error,,0,0,2026-02-18T22:15:39.461637
94610c919288,api_error,,0,0,2026-02-18T22:15:40.236405
d540772ae1f3,api_error,,0,0,2026-02-18T22:15:40.985380
578f72c071cc,api_error,,0,0,2026-02-18T22:15:42.044759
02c9ac07054f,ok,high,6,788,2026-02-18T22:15:42.540590
1a866411ed31,api_error,,0,0,2026-02-18T22:15:42.798873
fb669c98470a,api_error,,0,0,2026-02-18T22:15:43.543193
bb1078b0616b,api_error,,0,0,2026-02-18T22:15:44.320290
6e8045ecc180,api_error,,0,0,2026-02-18T22:15:45.146148
2de7ca84d7c5,api_error,,0,0,2026-02-18T22:15:45.916932
b255220d7edb,api_error,,0,0,2026-02-18T22:15:46.677487
c8c9e87b64d2,api_error,,0,0,2026-02-18T22:15:47.503050
b5f91d21019e,ok,high,3,670,2026-02-18T22:15:48.059879
a9c97037e023,api_error,,0,0,2026-02-18T22:15:48.254460
6bee86ea0428,api_error,,0,0,2026-02-18T22:15:49.007162
c7dce73c25f2,api_error,,0,0,2026-02-18T22:15:49.755160
c226ef26ced6,api_error,,0,0,2026-02-18T22:15:50.530174
db248f8ac3f5,api_error,,0,0,2026-02-18T22:15:51.285005
22fda5881163,api_error,,0,0,2026-02-18T22:15:52.052998
021fb242aa98,api_error,,0,0,2026-02-18T22:15:52.873676
cbe1380c643a,ok,high,3,670,2026-02-18T22:15:53.529089
fce16e56f335,api_error,,0,0,2026-02-18T22:15:53.652979
49367b27c3c2,api_error,,0,0,2026-02-18T22:15:54.477880
67cee8ad005a,api_error,,0,0,2026-02-18T22:15:55.336126
c4f2ae0140bc,api_error,,0,0,2026-02-18T22:15:56.105474
8c420933270f,api_error,,0,0,2026-02-18T22:15:56.906796
13de0f57a010,api_error,,0,0,2026-02-18T22:15:57.673702
a4fc4ee51e77,api_error,,0,0,2026-02-18T22:15:58.435841
1ace6ec82b6b,api_error,,0,0,2026-02-18T22:15:59.196036
092eba0ea448,api_error,,0,0,2026-02-18T22:15:59.971449
14dc4d3b7e97,api_error,,0,0,2026-02-18T22:16:00.718144
37c354176269,api_error,,0,0,2026-02-18T22:16:01.506372
f608d9b55cd2,api_error,,0,0,2026-02-18T22:16:02.256677
859a9c54160b,api_error,,0,0,2026-02-18T22:16:03.036376
6b0696b9957a,api_error,,0,0,2026-02-18T22:16:03.861856
76080b968040,api_error,,0,0,2026-02-18T22:16:04.643995
7e8dd2c472ca,api_error,,0,0,2026-02-18T22:16:05.403698
f0627fdc889a,api_error,,0,0,2026-02-18T22:16:06.174213
a203118b753c,ok,high,9,950,2026-02-18T22:16:06.811812
996942787393,api_error,,0,0,2026-02-18T22:16:06.938345
bcdcfe9e9879,api_error,,0,0,2026-02-18T22:16:07.694929
41933ced881f,api_error,,0,0,2026-02-18T22:16:08.435115
2c3163021a03,api_error,,0,0,2026-02-18T22:16:09.206584
e72ab4ad8f22,api_error,,0,0,2026-02-18T22:16:09.965618
b9df73585170,api_error,,0,0,2026-02-18T22:16:10.710987
2cc6d94f800c,api_error,,0,0,2026-02-18T22:16:11.451090
0ccca049531a,api_error,,0,0,2026-02-18T22:16:12.215497
1e6c7b225935,ok,high,3,1224,2026-02-18T22:16:12.594861
1867ed104928,api_error,,0,0,2026-02-18T22:16:12.976188
8cfe1781e800,api_error,,0,0,2026-02-18T22:16:13.774593
887aab36cf12,api_error,,0,0,2026-02-18T22:16:14.688708
174601c9906c,api_error,,0,0,2026-02-18T22:16:15.464335
a03933276b26,api_error,,0,0,2026-02-18T22:16:16.228439
1a971106a23e,api_error,,0,0,2026-02-18T22:16:16.996755
e8376a326ca7,api_error,,0,0,2026-02-18T22:16:17.779519
c3e95e83a9e0,ok,high,3,850,2026-02-18T22:16:17.925188
4182b2cb3bfb,api_error,,0,0,2026-02-18T22:16:18.671104
e2ccabdaad66,api_error,,0,0,2026-02-18T22:16:19.496316
cfd977b0f3d3,api_error,,0,0,2026-02-18T22:16:20.289822
4826993cb463,api_error,,0,0,2026-02-18T22:16:21.052557
e947da6c7231,api_error,,0,0,2026-02-18T22:16:21.825356
384e65b31ee0,api_error,,0,0,2026-02-18T22:16:22.590037
56ee406c043f,api_error,,0,0,2026-02-18T22:16:23.341808
271c6a59695c,api_error,,0,0,2026-02-18T22:16:24.088961
2de2452eb214,ok,high,4,637,2026-02-18T22:16:24.860747
e0ba3f6a0f54,api_error,,0,0,2026-02-18T22:16:24.930530
859e38dd50e7,api_error,,0,0,2026-02-18T22:16:25.696628
fff5819a0d86,api_error,,0,0,2026-02-18T22:16:26.483066
a9931dce048b,api_error,,0,0,2026-02-18T22:16:27.248369
371d9f77a9da,ok,high,1,450,2026-02-18T22:16:27.762465
b74e841f09f8,api_error,,0,0,2026-02-18T22:16:28.023932
a14e38fcfe7e,api_error,,0,0,2026-02-18T22:16:28.769007
f63675230654,api_error,,0,0,2026-02-18T22:16:29.527653
30abb135e1c1,api_error,,0,0,2026-02-18T22:16:30.305272
6a9f607ca152,api_error,,0,0,2026-02-18T22:16:31.112424
abd3b7098609,api_error,,0,0,2026-02-18T22:16:31.873244
27f89cc8bae9,api_error,,0,0,2026-02-18T22:16:32.627590
afd08e80d960,api_error,,0,0,2026-02-18T22:16:33.372696
995209a3b0a4,api_error,,0,0,2026-02-18T22:16:34.122375
50801ea5e62f,api_error,,0,0,2026-02-18T22:16:34.971790
ffad8f82e216,api_error,,0,0,2026-02-18T22:16:35.789430
53f3d4c7d6fb,api_error,,0,0,2026-02-18T22:16:36.550536
a388b70ceb9e,api_error,,0,0,2026-02-18T22:16:37.306373
68e0c173a399,ok,high,7,975,2026-02-18T22:16:37.345180
fec267dbc8fa,api_error,,0,0,2026-02-18T22:16:38.110583
1d044a29aa0e,api_error,,0,0,2026-02-18T22:16:38.885440
458d772c666b,api_error,,0,0,2026-02-18T22:16:39.652178
2ea05a2a321d,api_error,,0,0,2026-02-18T22:16:40.393464
0b44869f6301,api_error,,0,0,2026-02-18T22:16:41.145597
177a6b981aa6,api_error,,0,0,2026-02-18T22:16:41.887145
f691e1559943,api_error,,0,0,2026-02-18T22:16:42.635036
6b3186388de8,api_error,,0,0,2026-02-18T22:16:43.390201
c4c39febf854,ok,high,3,730,2026-02-18T22:16:43.503763
0c24eba68718,api_error,,0,0,2026-02-18T22:16:44.150115
55443281bd0d,api_error,,0,0,2026-02-18T22:16:44.933320
b7e1fa6cd01f,api_error,,0,0,2026-02-18T22:16:45.682773
ec5784471268,api_error,,0,0,2026-02-18T22:16:46.438766
bdc9642a815f,api_error,,0,0,2026-02-18T22:16:47.213911
421efe075117,api_error,,0,0,2026-02-18T22:16:47.988541
e700664420f2,api_error,,0,0,2026-02-18T22:16:48.741369
6963b1beb08e,api_error,,0,0,2026-02-18T22:16:49.497907
dd8922d5b586,ok,high,4,602,2026-02-18T22:16:49.816098
dc8380d494ec,api_error,,0,0,2026-02-18T22:16:50.377904
bd6b292fb2a8,api_error,,0,0,2026-02-18T22:16:51.237517
34a2fe07f469,api_error,,0,0,2026-02-18T22:16:52.001600
f9f9912a84b8,api_error,,0,0,2026-02-18T22:16:52.776293
50994ecad2ad,ok,high,1,450,2026-02-18T22:16:52.811540
baf2a1f7088e,api_error,,0,0,2026-02-18T22:16:53.536928
c9723049f8a5,api_error,,0,0,2026-02-18T22:16:54.282063
c64d88ff852c,api_error,,0,0,2026-02-18T22:16:55.088428
039743dcfc2b,api_error,,0,0,2026-02-18T22:16:55.850865
fa3036d114ae,api_error,,0,0,2026-02-18T22:16:56.660376
9c0989f97cdb,api_error,,0,0,2026-02-18T22:16:57.465863
9257b52cacc3,api_error,,0,0,2026-02-18T22:16:58.225741
5bec84a91769,api_error,,0,0,2026-02-18T22:16:58.978426
44429fa16d23,ok,high,4,340,2026-02-18T22:16:59.618629
741fb750711e,api_error,,0,0,2026-02-18T22:16:59.743443
48384e651185,api_error,,0,0,2026-02-18T22:17:00.493100
3d9e62a7ca9d,api_error,,0,0,2026-02-18T22:17:01.264173
7d5e317228d6,api_error,,0,0,2026-02-18T22:17:02.026353
442966da70ab,api_error,,0,0,2026-02-18T22:17:02.772964
4f33143ef092,api_error,,0,0,2026-02-18T22:17:03.609048
74fe7686e482,api_error,,0,0,2026-02-18T22:17:04.382819
22d7c8438df9,api_error,,0,0,2026-02-18T22:17:05.287742
39f438382bd7,ok,high,4,1323,2026-02-18T22:17:05.884233
2aa7700e88fd,api_error,,0,0,2026-02-18T22:17:06.032735
5b8ded1d7eab,api_error,,0,0,2026-02-18T22:17:06.786984
30ac5acc95f8,api_error,,0,0,2026-02-18T22:17:07.664381
2d870099506a,api_error,,0,0,2026-02-18T22:17:08.434491
42ac45faf589,api_error,,0,0,2026-02-18T22:17:09.189997
c9a72cf2c0db,api_error,,0,0,2026-02-18T22:17:09.943576
382811286519,api_error,,0,0,2026-02-18T22:17:10.731655
b7ea2199e13e,api_error,,0,0,2026-02-18T22:17:11.487570
22d7ffe42b66,api_error,,0,0,2026-02-18T22:17:12.246680
9fe0e1301c0e,ok,high,4,1242,2026-02-18T22:17:12.434619
3e03d810956d,api_error,,0,0,2026-02-18T22:17:13.006836
4c0f7ead6616,api_error,,0,0,2026-02-18T22:17:13.891790
95a9dfc167f6,api_error,,0,0,2026-02-18T22:17:14.657010
324a230aac17,api_error,,0,0,2026-02-18T22:17:15.402029
7a26b4648d02,api_error,,0,0,2026-02-18T22:17:16.155257
b444de0d4cb2,api_error,,0,0,2026-02-18T22:17:16.900246
f9dedddb24cd,api_error,,0,0,2026-02-18T22:17:17.809980
a635685adcd7,api_error,,0,0,2026-02-18T22:17:18.550749
9807aeec0696,api_error,,0,0,2026-02-18T22:17:19.323508
f79f7abee370,api_error,,0,0,2026-02-18T22:17:20.083398
342abad326f8,api_error,,0,0,2026-02-18T22:17:20.840587
cbee610327f2,ok,high,6,358,2026-02-18T22:17:21.288563
dba1aeaafdaf,api_error,,0,0,2026-02-18T22:17:21.580247
9ed1f3fe0c28,api_error,,0,0,2026-02-18T22:17:22.332355
11a8e0b8fdb5,api_error,,0,0,2026-02-18T22:17:23.111634
eb35d4c9d4cf,api_error,,0,0,2026-02-18T22:17:23.855048
e4b4a6a97ad6,api_error,,0,0,2026-02-18T22:17:24.663721
f8d55aa18d53,api_error,,0,0,2026-02-18T22:17:25.462947
48ba7bb88048,api_error,,0,0,2026-02-18T22:17:26.247402
ecc7082bbe3a,api_error,,0,0,2026-02-18T22:17:27.072827
2325fe3ff21c,api_error,,0,0,2026-02-18T22:17:27.829907
537375da8ea9,ok,high,4,1170,2026-02-18T22:17:28.097171
fe009b07c16e,api_error,,0,0,2026-02-18T22:17:28.593403
688e5cc1e3b7,api_error,,0,0,2026-02-18T22:17:29.410582
f8289814695a,api_error,,0,0,2026-02-18T22:17:30.197337
86585abf9aa5,api_error,,0,0,2026-02-18T22:17:30.935147
6ce3ea0a03ce,api_error,,0,0,2026-02-18T22:17:31.679356
b13fb78c6c32,ok,high,2,360,2026-02-18T22:17:32.035719
286c428cb30c,api_error,,0,0,2026-02-18T22:17:32.523747
3a302b792d01,api_error,,0,0,2026-02-18T22:17:33.281862
c1aa046ae926,api_error,,0,0,2026-02-18T22:17:34.052845
e6f08c34cb8a,api_error,,0,0,2026-02-18T22:17:34.803571
a6a9289a60a2,api_error,,0,0,2026-02-18T22:17:35.551040
8403a48453ca,api_error,,0,0,2026-02-18T22:17:36.305062
16de604b7ea7,api_error,,0,0,2026-02-18T22:17:37.064382
8a877b11634c,api_error,,0,0,2026-02-18T22:17:37.815745
8a877b11634c,api_error,,0,0,2026-02-18T22:17:38.803140
d0f71eadb792,ok,high,5,1162,2026-02-18T22:17:39.372018
88ee22ba7569,api_error,,0,0,2026-02-18T22:17:39.548928
ebe5d05bab32,api_error,,0,0,2026-02-18T22:17:40.312565
440a78c96121,api_error,,0,0,2026-02-18T22:17:41.086480
e0b38dcee90b,api_error,,0,0,2026-02-18T22:17:41.831057
0359f563b56f,api_error,,0,0,2026-02-18T22:17:42.581235
38dfd4ff2087,api_error,,0,0,2026-02-18T22:17:43.331485
c28fb2c18b4e,api_error,,0,0,2026-02-18T22:17:44.088679
0009be447dd3,api_error,,0,0,2026-02-18T22:17:44.854598
f832cbd9a953,api_error,,0,0,2026-02-18T22:17:45.598770
1ba832e9165d,ok,high,4,800,2026-02-18T22:17:46.092753
7816076f6b53,api_error,,0,0,2026-02-18T22:17:46.359234
9e2df6481af2,api_error,,0,0,2026-02-18T22:17:47.114094
d2d88e97782b,api_error,,0,0,2026-02-18T22:17:47.858440
18e2ca65e9aa,api_error,,0,0,2026-02-18T22:17:48.630830
6079f26ec200,api_error,,0,0,2026-02-18T22:17:49.519169
1f8e2dafc372,api_error,,0,0,2026-02-18T22:17:50.279212
ada5d9b6e63a,api_error,,0,0,2026-02-18T22:17:51.028244
19f354703266,api_error,,0,0,2026-02-18T22:17:51.804617
03c3c71e1c60,api_error,,0,0,2026-02-18T22:17:52.561083
4bd66ccc3d70,ok,high,4,1525,2026-02-18T22:17:53.227449
eed35773cbac,api_error,,0,0,2026-02-18T22:17:53.322835
9dbfe8c7f817,api_error,,0,0,2026-02-18T22:17:54.075668
27ef80961b78,api_error,,0,0,2026-02-18T22:17:54.847092
edad99530389,api_error,,0,0,2026-02-18T22:17:55.619565
34b983f8a55c,api_error,,0,0,2026-02-18T22:17:56.427093
00ae575ec506,api_error,,0,0,2026-02-18T22:17:57.177790
88f9616e0727,api_error,,0,0,2026-02-18T22:17:57.932326
5bc4c681ee16,api_error,,0,0,2026-02-18T22:17:58.696415
ab53907946a7,api_error,,0,0,2026-02-18T22:17:59.450535
c324eb7d7e6c,ok,high,4,1102,2026-02-18T22:18:00.068464
77b89e024cc6,api_error,,0,0,2026-02-18T22:18:00.188549
f00b05417a38,api_error,,0,0,2026-02-18T22:18:00.934945
96093a5ba7b2,api_error,,0,0,2026-02-18T22:18:01.687134
41e6682f4a30,api_error,,0,0,2026-02-18T22:18:02.433585
224c9a22c924,api_error,,0,0,2026-02-18T22:18:03.287897
786f14141b35,api_error,,0,0,2026-02-18T22:18:04.095964
2a8fdcdf2d71,api_error,,0,0,2026-02-18T22:18:04.853550
3ae594adf474,api_error,,0,0,2026-02-18T22:18:05.613292
3ae594adf474,api_error,,0,0,2026-02-18T22:18:06.373003
93b924dd6487,api_error,,0,0,2026-02-18T22:18:07.244917
d5e5641d79c4,api_error,,0,0,2026-02-18T22:18:07.987046
b4bc2bdc52e1,api_error,,0,0,2026-02-18T22:18:08.745217
759f66723385,api_error,,0,0,2026-02-18T22:18:09.488633
19de6128dccd,api_error,,0,0,2026-02-18T22:18:10.240247
f0db2a9085ac,api_error,,0,0,2026-02-18T22:18:11.035515
eb0dfc37b71c,ok,high,7,947,2026-02-18T22:18:11.385882
eb4979af6b19,api_error,,0,0,2026-02-18T22:18:11.803516
84062ac0da4e,api_error,,0,0,2026-02-18T22:18:12.558192
80ae7a219840,api_error,,0,0,2026-02-18T22:18:13.379932
c1df9eadbedd,api_error,,0,0,2026-02-18T22:18:14.123177
731a02500461,api_error,,0,0,2026-02-18T22:18:14.954618
94a2d966e5be,api_error,,0,0,2026-02-18T22:18:15.837732
a9438fa258e1,api_error,,0,0,2026-02-18T22:18:16.675732
eb2b4debc78a,api_error,,0,0,2026-02-18T22:18:17.449135
6410b12b7282,api_error,,0,0,2026-02-18T22:18:18.216439
bbc67d4a9551,api_error,,0,0,2026-02-18T22:18:18.993152
e8f28fa0e4e5,api_error,,0,0,2026-02-18T22:18:19.798438
a73ff28b0143,api_error,,0,0,2026-02-18T22:18:20.562510
9fa3200e704f,api_error,,0,0,2026-02-18T22:18:21.392023
124e24b6cae8,ok,high,7,677,2026-02-18T22:18:21.729493
bf877f8b350d,api_error,,0,0,2026-02-18T22:18:22.144856
910c1ba79596,api_error,,0,0,2026-02-18T22:18:22.914264
225b9e59e881,api_error,,0,0,2026-02-18T22:18:23.684189
4038b13a2bbe,api_error,,0,0,2026-02-18T22:18:24.452418
9229e1cdc815,api_error,,0,0,2026-02-18T22:18:25.234019
c51b1b560bd7,api_error,,0,0,2026-02-18T22:18:25.965569
c5f9d9a1ea45,ok,high,3,106,2026-02-18T22:18:26.622298
372209f83947,api_error,,0,0,2026-02-18T22:18:26.704515
ce9e194aed8d,api_error,,0,0,2026-02-18T22:18:27.468229
d35ed18aea03,api_error,,0,0,2026-02-18T22:18:28.287604
1637212d0a5b,api_error,,0,0,2026-02-18T22:18:29.031019
dfb5d7cfae94,api_error,,0,0,2026-02-18T22:18:29.815441
4c7b6b5b3495,api_error,,0,0,2026-02-18T22:18:30.567670
2d4c75f2ab04,api_error,,0,0,2026-02-18T22:18:31.368038
b3ae81fefa7b,api_error,,0,0,2026-02-18T22:18:32.139939
5a12129e788d,api_error,,0,0,2026-02-18T22:18:32.888440
060172c09cea,api_error,,0,0,2026-02-18T22:18:33.631459
36ac31179b1c,api_error,,0,0,2026-02-18T22:18:34.390848
c750facb26e9,api_error,,0,0,2026-02-18T22:18:35.143062
17eb3df5d001,api_error,,0,0,2026-02-18T22:18:35.906201
0bcb031bc4e8,ok,high,7,677,2026-02-18T22:18:36.124500
daf4646c5ce7,api_error,,0,0,2026-02-18T22:18:36.680034
103bd0ca0013,api_error,,0,0,2026-02-18T22:18:37.449607
06e025b0444b,api_error,,0,0,2026-02-18T22:18:38.210017
2bdebaf35165,api_error,,0,0,2026-02-18T22:18:38.979576
fd6ac6f82b43,api_error,,0,0,2026-02-18T22:18:39.738292
54f41824168c,api_error,,0,0,2026-02-18T22:18:40.498962
41e94375096e,ok,high,2,642,2026-02-18T22:18:40.741872
f482e72cad21,api_error,,0,0,2026-02-18T22:18:41.231672
8d8d69f5e5b0,api_error,,0,0,2026-02-18T22:18:42.161238
f49beb41b5a8,api_error,,0,0,2026-02-18T22:18:42.928176
f482e72cad21,api_error,,0,0,2026-02-18T22:18:43.800864
c3992d109601,api_error,,0,0,2026-02-18T22:18:44.576744
ec77f13963ed,api_error,,0,0,2026-02-18T22:18:45.359708
dd278ec2139d,api_error,,0,0,2026-02-18T22:18:46.112454
1d5c68fb4727,api_error,,0,0,2026-02-18T22:18:46.868211
ed1a3e57509f,ok,high,4,930,2026-02-18T22:18:47.049039
a44bc97217a9,api_error,,0,0,2026-02-18T22:18:47.620708
4d4d242d29fd,api_error,,0,0,2026-02-18T22:18:48.406642
eafafd1240ad,api_error,,0,0,2026-02-18T22:18:49.172123
105ee0a62de1,api_error,,0,0,2026-02-18T22:18:49.940399
5035ced1037c,api_error,,0,0,2026-02-18T22:18:50.862880
d8e336a54b21,api_error,,0,0,2026-02-18T22:18:51.615473
227ef4395631,ok,high,3,578,2026-02-18T22:18:51.973105
9da6a15c838a,api_error,,0,0,2026-02-18T22:18:52.457904
61b6ed118833,api_error,,0,0,2026-02-18T22:18:53.227541
e0a8e6511b16,api_error,,0,0,2026-02-18T22:18:54.007135
72568b96ac01,api_error,,0,0,2026-02-18T22:18:54.774724
bf615300ed49,api_error,,0,0,2026-02-18T22:18:55.516424
eb578b742d05,api_error,,0,0,2026-02-18T22:18:56.283979
124e095d6579,api_error,,0,0,2026-02-18T22:18:57.048670
418d3e3442bf,api_error,,0,0,2026-02-18T22:18:57.843869
4d83b3d743c6,ok,high,4,980,2026-02-18T22:18:57.959379
60eb0f461e2d,api_error,,0,0,2026-02-18T22:18:58.663465
bb65ffc3f570,api_error,,0,0,2026-02-18T22:18:59.430471
e88abe2271c2,api_error,,0,0,2026-02-18T22:19:00.170516
ab0ce6a60868,api_error,,0,0,2026-02-18T22:19:00.967261
a5a2368beeb4,api_error,,0,0,2026-02-18T22:19:01.717760
67f68e881f13,ok,high,2,1245,2026-02-18T22:19:02.002640
2698fdb510ff,api_error,,0,0,2026-02-18T22:19:02.480474
e83bf7f8a30f,api_error,,0,0,2026-02-18T22:19:03.298701
31f6b3041d4d,api_error,,0,0,2026-02-18T22:19:04.092898
ad5ae105e6f5,api_error,,0,0,2026-02-18T22:19:04.877639
84915591e0fb,api_error,,0,0,2026-02-18T22:19:05.717464
024a3ebae1cc,api_error,,0,0,2026-02-18T22:19:06.474500
f7931b23f089,api_error,,0,0,2026-02-18T22:19:07.230038
057427d146e8,ok,high,3,578,2026-02-18T22:19:07.635961
453f856b2a6a,api_error,,0,0,2026-02-18T22:19:08.318348
536c6fffc292,api_error,,0,0,2026-02-18T22:19:09.082688
bd109a9f3356,api_error,,0,0,2026-02-18T22:19:09.854313
93ae1d5ac69f,api_error,,0,0,2026-02-18T22:19:10.635016
ba02c7ee9623,api_error,,0,0,2026-02-18T22:19:11.390789
cb5ded6d51e7,api_error,,0,0,2026-02-18T22:19:12.238588
5824fadbd088,api_error,,0,0,2026-02-18T22:19:12.984629
a04fc89c51a7,api_error,,0,0,2026-02-18T22:19:13.739704
5ca2d7450377,ok,high,4,625,2026-02-18T22:19:14.195703
ab29c7d3f51a,api_error,,0,0,2026-02-18T22:19:14.498888
dcc0424ce6a9,api_error,,0,0,2026-02-18T22:19:15.258599
bd5b45f75cda,api_error,,0,0,2026-02-18T22:19:16.032596
5e46fb07c6f6,api_error,,0,0,2026-02-18T22:19:16.849681
f9038e52d499,api_error,,0,0,2026-02-18T22:19:17.608134
b3645eedd6cc,api_error,,0,0,2026-02-18T22:19:18.367382
1c7d87a61f83,api_error,,0,0,2026-02-18T22:19:19.119436
bc09628b5d4b,api_error,,0,0,2026-02-18T22:19:20.137448
8ff1ddec0f0c,api_error,,0,0,2026-02-18T22:19:20.900366
be7ab355bb8a,ok,high,4,853,2026-02-18T22:19:21.029231
caa8bcb27fc8,api_error,,0,0,2026-02-18T22:19:21.662483
d9b8a25011d3,api_error,,0,0,2026-02-18T22:19:22.433407
9091321685de,api_error,,0,0,2026-02-18T22:19:23.185023
f31a1427d7b6,api_error,,0,0,2026-02-18T22:19:23.937546
1bf060984a49,api_error,,0,0,2026-02-18T22:19:24.719448
78cb5554e7b1,api_error,,0,0,2026-02-18T22:19:25.467294
f806440d28ee,api_error,,0,0,2026-02-18T22:19:26.299361
6b8171458485,api_error,,0,0,2026-02-18T22:19:27.048316
56dc64a46d88,ok,high,5,830,2026-02-18T22:19:27.763307
f22ba757baea,api_error,,0,0,2026-02-18T22:19:27.803569
46729c054037,api_error,,0,0,2026-02-18T22:19:28.579891
c0803c1a4870,api_error,,0,0,2026-02-18T22:19:29.330640
c78a79a155ea,api_error,,0,0,2026-02-18T22:19:30.102930
c78a79a155ea,api_error,,0,0,2026-02-18T22:19:30.874919
97e238cc5c08,api_error,,0,0,2026-02-18T22:19:31.646832
a539491430b4,api_error,,0,0,2026-02-18T22:19:32.394649
b83f15596437,api_error,,0,0,2026-02-18T22:19:33.156876
dfb10d06b7dd,api_error,,0,0,2026-02-18T22:19:33.967405
67808a521333,ok,high,4,152,2026-02-18T22:19:34.137703
44a8a3e23dce,api_error,,0,0,2026-02-18T22:19:34.740327
472297b9b419,api_error,,0,0,2026-02-18T22:19:35.486425
3c1241249d57,api_error,,0,0,2026-02-18T22:19:36.229170
ce88fdfa12b3,api_error,,0,0,2026-02-18T22:19:37.032560
f4094c74e1a1,api_error,,0,0,2026-02-18T22:19:37.779005
5219c45d22b1,ok,high,2,232,2026-02-18T22:19:38.401525
b5c34eb457ad,api_error,,0,0,2026-02-18T22:19:38.554689
e89adae82084,api_error,,0,0,2026-02-18T22:19:39.323007
31519a1f1fcf,api_error,,0,0,2026-02-18T22:19:40.112131
1c250964f23c,api_error,,0,0,2026-02-18T22:19:40.854662
23f7e1fae2fd,api_error,,0,0,2026-02-18T22:19:41.633447
64ea4573c977,api_error,,0,0,2026-02-18T22:19:42.414325
71edce5484bf,api_error,,0,0,2026-02-18T22:19:43.163336
3b0ccfe1dae0,api_error,,0,0,2026-02-18T22:19:43.908721
eb586a6a1839,api_error,,0,0,2026-02-18T22:19:44.673636
0cebed26039f,api_error,,0,0,2026-02-18T22:19:45.415436
edffc8a6ca29,api_error,,0,0,2026-02-18T22:19:46.238074
1e2916417a3d,ok,high,5,786,2026-02-18T22:19:46.869295
18ccbba51596,api_error,,0,0,2026-02-18T22:19:47.003656
532e93e4e2e7,api_error,,0,0,2026-02-18T22:19:47.763843
4406c33c1ae3,api_error,,0,0,2026-02-18T22:19:48.558086
6afa9fd1e729,api_error,,0,0,2026-02-18T22:19:49.334950
d43ff5299664,api_error,,0,0,2026-02-18T22:19:50.129002
3a166ad3fcb2,api_error,,0,0,2026-02-18T22:19:50.967363
871882e7feaf,api_error,,0,0,2026-02-18T22:19:51.724388
9e6a04a3ff78,api_error,,0,0,2026-02-18T22:19:52.465575
57cbc4ff4bed,api_error,,0,0,2026-02-18T22:19:53.270100
1bbaecbb66dc,ok,high,4,1120,2026-02-18T22:19:53.372254
6bc4f9691fd1,api_error,,0,0,2026-02-18T22:19:54.021485
8ac1ba8a9a9d,api_error,,0,0,2026-02-18T22:19:54.798260
622f2323c803,api_error,,0,0,2026-02-18T22:19:55.593999
63dd090f1581,api_error,,0,0,2026-02-18T22:19:56.357412
d58f1cfc4fab,api_error,,0,0,2026-02-18T22:19:57.220447
c088d4c4bd30,api_error,,0,0,2026-02-18T22:19:58.006104
bf6cf05cfe8f,api_error,,0,0,2026-02-18T22:19:58.773100
c73b9943c421,ok,high,3,940,2026-02-18T22:19:59.026597
892c26716c28,api_error,,0,0,2026-02-18T22:19:59.536644
a4814660166b,api_error,,0,0,2026-02-18T22:20:00.303747
82b3de838cfc,api_error,,0,0,2026-02-18T22:20:01.172451
9a3e3ba940ac,api_error,,0,0,2026-02-18T22:20:01.956472
05dbd6073300,ok,high,1,160,2026-02-18T22:20:02.087857
4253fcb463b5,api_error,,0,0,2026-02-18T22:20:02.717404
e1645982e10e,api_error,,0,0,2026-02-18T22:20:03.496511
06e389ed51e9,api_error,,0,0,2026-02-18T22:20:04.295150
c65d85368496,api_error,,0,0,2026-02-18T22:20:05.096786
5dbe53824cfd,api_error,,0,0,2026-02-18T22:20:05.931835
33ec2bd22c68,api_error,,0,0,2026-02-18T22:20:06.715032
ea769e08abc0,api_error,,0,0,2026-02-18T22:20:07.465628
37037ca0b128,api_error,,0,0,2026-02-18T22:20:08.241624
240aa82bc43f,api_error,,0,0,2026-02-18T22:20:08.999297
98428e53d10b,api_error,,0,0,2026-02-18T22:20:09.778785
f535b4caacf2,api_error,,0,0,2026-02-18T22:20:10.549210
8c9334c80100,api_error,,0,0,2026-02-18T22:20:11.301665
cbd610c3a88f,api_error,,0,0,2026-02-18T22:20:12.065852
d6f03fea003f,api_error,,0,0,2026-02-18T22:20:12.835730
33d3c65f0ece,api_error,,0,0,2026-02-18T22:20:13.594401
2a31a5bbc366,ok,high,9,1839,2026-02-18T22:20:13.761184
58ed33450b83,api_error,,0,0,2026-02-18T22:20:14.675733
da65604309ed,api_error,,0,0,2026-02-18T22:20:15.419817
8503e5d74d2d,api_error,,0,0,2026-02-18T22:20:16.190118
19cf30c8cbb4,api_error,,0,0,2026-02-18T22:20:17.041822
d7e7f11457f5,api_error,,0,0,2026-02-18T22:20:17.805454
4c0f324d4763,ok,high,2,690,2026-02-18T22:20:17.957081
6b74bfc0d146,api_error,,0,0,2026-02-18T22:20:18.573927
6ded430f5f2f,api_error,,0,0,2026-02-18T22:20:19.358332
4b823ea1d094,api_error,,0,0,2026-02-18T22:20:20.103446
2ed380bfbb2a,api_error,,0,0,2026-02-18T22:20:20.901141
919180242581,api_error,,0,0,2026-02-18T22:20:21.737986
7a0504befdb8,api_error,,0,0,2026-02-18T22:20:22.518995
bb2ffec7d368,api_error,,0,0,2026-02-18T22:20:23.289614
1ca7b1d3ed6b,ok,high,4,855,2026-02-18T22:20:23.974895
12ec59d0b146,api_error,,0,0,2026-02-18T22:20:24.033298
6e55d71871e8,api_error,,0,0,2026-02-18T22:20:25.116217
82c545c27177,api_error,,0,0,2026-02-18T22:20:25.875267
11ee83aba060,api_error,,0,0,2026-02-18T22:20:26.617377
e42401ab320b,api_error,,0,0,2026-02-18T22:20:27.370780
c94aa96cb6d6,api_error,,0,0,2026-02-18T22:20:28.128710
f6fde207d6ab,api_error,,0,0,2026-02-18T22:20:28.897939
bd25a1b05a14,ok,high,3,1190,2026-02-18T22:20:29.087111
860b169b4eca,api_error,,0,0,2026-02-18T22:20:29.656289
4785631046ed,api_error,,0,0,2026-02-18T22:20:30.451339
e3f1657be010,api_error,,0,0,2026-02-18T22:20:31.259638
87835dd6e09d,api_error,,0,0,2026-02-18T22:20:32.066807
12b61e549599,api_error,,0,0,2026-02-18T22:20:32.816615
36f625870aed,api_error,,0,0,2026-02-18T22:20:33.580040
05ac60f072b8,api_error,,0,0,2026-02-18T22:20:34.346717
72884338143f,api_error,,0,0,2026-02-18T22:20:35.105870
97d34ba5afb0,api_error,,0,0,2026-02-18T22:20:36.025076
6ea642d4b520,api_error,,0,0,2026-02-18T22:20:36.784849
e0382c35202b,ok,high,5,938,2026-02-18T22:20:37.060674
09d2d596d80d,api_error,,0,0,2026-02-18T22:20:37.540615
5d65cc2fd9f1,api_error,,0,0,2026-02-18T22:20:38.324685
c21b1d0bab56,api_error,,0,0,2026-02-18T22:20:39.221044
e414f41af42a,api_error,,0,0,2026-02-18T22:20:39.994939
861f2f215ab7,api_error,,0,0,2026-02-18T22:20:40.756867
da498bbc18ef,api_error,,0,0,2026-02-18T22:20:41.522592
9edc274e5121,api_error,,0,0,2026-02-18T22:20:42.280618
69614d87edf6,api_error,,0,0,2026-02-18T22:20:43.038304
724634e047b7,ok,high,4,980,2026-02-18T22:20:43.547298
084ce36bfa82,api_error,,0,0,2026-02-18T22:20:43.804214
23ce9ddabfb5,api_error,,0,0,2026-02-18T22:20:44.576447
1f55142bda8c,api_error,,0,0,2026-02-18T22:20:45.341413
a0201ab6a61c,api_error,,0,0,2026-02-18T22:20:46.117162
639f1ba35285,api_error,,0,0,2026-02-18T22:20:46.961281
6384ad709fbf,api_error,,0,0,2026-02-18T22:20:47.734604
84e86818081e,api_error,,0,0,2026-02-18T22:20:48.502373
d04f7d58bca9,api_error,,0,0,2026-02-18T22:20:49.245549
24a3e80c6005,api_error,,0,0,2026-02-18T22:20:50.008649
e76f4510b4c0,api_error,,0,0,2026-02-18T22:20:50.832375
d4b34f052398,ok,high,4,1128,2026-02-18T22:20:51.499834
89407555bee9,api_error,,0,0,2026-02-18T22:20:51.584583
29a2d37cfd59,api_error,,0,0,2026-02-18T22:20:52.329187
2c46ae8efb24,api_error,,0,0,2026-02-18T22:20:53.095237
67ac7cb63ac1,api_error,,0,0,2026-02-18T22:20:53.869389
b60690c7e56a,api_error,,0,0,2026-02-18T22:20:54.645877
d8ffa17efac2,api_error,,0,0,2026-02-18T22:20:55.422634
2a490c5960de,api_error,,0,0,2026-02-18T22:20:56.188621
2a2234213f15,api_error,,0,0,2026-02-18T22:20:56.955542
2768686538ef,ok,high,2,270,2026-02-18T22:20:57.451055
1460d4bd90bb,api_error,,0,0,2026-02-18T22:20:57.734909
449b67107976,api_error,,0,0,2026-02-18T22:20:58.518443
63ccf50e34c6,api_error,,0,0,2026-02-18T22:20:59.328032
3e5eacf05fc5,api_error,,0,0,2026-02-18T22:21:00.195777
1604c49f5d72,api_error,,0,0,2026-02-18T22:21:00.952046
d812b1956484,api_error,,0,0,2026-02-18T22:21:01.709423
c396ae38a458,api_error,,0,0,2026-02-18T22:21:02.475200
100be592d623,api_error,,0,0,2026-02-18T22:21:03.249397
ff09012cc4d4,api_error,,0,0,2026-02-18T22:21:04.014487
00eba3dbb7cb,api_error,,0,0,2026-02-18T22:21:04.861651
0778b1a774cb,api_error,,0,0,2026-02-18T22:21:05.634843
bcf360246b86,ok,high,6,1352,2026-02-18T22:21:06.175483
3154ea012f66,api_error,,0,0,2026-02-18T22:21:06.377612
1b9f5a91594b,api_error,,0,0,2026-02-18T22:21:07.149729
856fcdba4540,api_error,,0,0,2026-02-18T22:21:07.901657
4098731f7e0b,api_error,,0,0,2026-02-18T22:21:08.648669
1e21698d3e4e,api_error,,0,0,2026-02-18T22:21:09.573720
b92e426d6a3e,api_error,,0,0,2026-02-18T22:21:10.312205
5a91fa9555ff,api_error,,0,0,2026-02-18T22:21:11.090039
9abad8a98c88,api_error,,0,0,2026-02-18T22:21:11.860389
02b0e6b63041,ok,high,4,1013,2026-02-18T22:21:12.254166
b8635478aae4,api_error,,0,0,2026-02-18T22:21:12.638350
c1388f98de2a,api_error,,0,0,2026-02-18T22:21:13.417920
536f9f3e25fb,api_error,,0,0,2026-02-18T22:21:14.173392
1d4b3b2e9a29,api_error,,0,0,2026-02-18T22:21:14.938305
0cf92f97eae8,api_error,,0,0,2026-02-18T22:21:15.688656
21508f07afdc,api_error,,0,0,2026-02-18T22:21:16.459789
87d841640614,api_error,,0,0,2026-02-18T22:21:17.295746
c607e10b4976,api_error,,0,0,2026-02-18T22:21:18.047729
a29cfa596132,ok,high,3,345,2026-02-18T22:21:18.324048
9c57f8dd5240,api_error,,0,0,2026-02-18T22:21:18.800804
2eca9237e4a8,api_error,,0,0,2026-02-18T22:21:19.557516
928a42a68c9d,api_error,,0,0,2026-02-18T22:21:20.319544
1d8d38a0ce48,api_error,,0,0,2026-02-18T22:21:21.087896
0c0087c7f3be,api_error,,0,0,2026-02-18T22:21:21.862472
e6eff2f67f29,api_error,,0,0,2026-02-18T22:21:22.692308
04dd0c6c8146,api_error,,0,0,2026-02-18T22:21:23.468898
479dac3f3fe5,api_error,,0,0,2026-02-18T22:21:24.257435
4bb58da593dc,ok,high,3,749,2026-02-18T22:21:24.623843
b8a2e723853a,api_error,,0,0,2026-02-18T22:21:25.048141
7406246d4e9c,api_error,,0,0,2026-02-18T22:21:25.806222
6980944d5010,api_error,,0,0,2026-02-18T22:21:26.568203
de45691c2f5f,api_error,,0,0,2026-02-18T22:21:27.325223
4b7407356e26,api_error,,0,0,2026-02-18T22:21:28.101495
31ae52e62a13,api_error,,0,0,2026-02-18T22:21:28.854690
17fde1f45a6b,api_error,,0,0,2026-02-18T22:21:29.611121
0405f1bdb6ee,api_error,,0,0,2026-02-18T22:21:30.405001
b52d0b489257,api_error,,0,0,2026-02-18T22:21:31.176485
246576b55099,api_error,,0,0,2026-02-18T22:21:31.949362
692d37a660be,api_error,,0,0,2026-02-18T22:21:32.697678
bf1d7fbad00a,ok,high,6,445,2026-02-18T22:21:33.132712
4d603f4a2808,api_error,,0,0,2026-02-18T22:21:33.621296
c775b69bdc4a,api_error,,0,0,2026-02-18T22:21:34.391595
83e433e9dffe,api_error,,0,0,2026-02-18T22:21:35.217836
d6fa34b1283a,api_error,,0,0,2026-02-18T22:21:35.963464
33b50f864984,api_error,,0,0,2026-02-18T22:21:36.766345
38d6b9791c00,api_error,,0,0,2026-02-18T22:21:37.587267
a6d020a5a03b,ok,high,3,798,2026-02-18T22:21:38.183167
88ec0ef96c80,api_error,,0,0,2026-02-18T22:21:38.368798
fb7b235531b2,api_error,,0,0,2026-02-18T22:21:39.150735
51b0b8040507,api_error,,0,0,2026-02-18T22:21:39.913833
86280925c711,api_error,,0,0,2026-02-18T22:21:40.702608
7ff065dae627,api_error,,0,0,2026-02-18T22:21:41.465208
444c97e8e74e,api_error,,0,0,2026-02-18T22:21:42.220087
1fd423ab75c5,api_error,,0,0,2026-02-18T22:21:42.988051
823f4c090c6a,api_error,,0,0,2026-02-18T22:21:43.755707
a426c61a5024,api_error,,0,0,2026-02-18T22:21:44.509185
12f694055bda,ok,high,4,739,2026-02-18T22:21:45.101742
8a23e4d9cd94,api_error,,0,0,2026-02-18T22:21:45.336681
028caf8731f3,api_error,,0,0,2026-02-18T22:21:46.095018
ea81a2f38c1c,api_error,,0,0,2026-02-18T22:21:46.867439
5f7cea1d1d62,api_error,,0,0,2026-02-18T22:21:47.636550
8670a9b3ecb6,api_error,,0,0,2026-02-18T22:21:48.512500
80a01ebe226c,api_error,,0,0,2026-02-18T22:21:49.294773
4e2cb69374c7,api_error,,0,0,2026-02-18T22:21:50.114241
172b7afd0db4,api_error,,0,0,2026-02-18T22:21:50.890817
f5e22f94c7fc,api_error,,0,0,2026-02-18T22:21:51.663735
9a75b5c551ef,api_error,,0,0,2026-02-18T22:21:52.425913
4f1891d84332,ok,high,4,1135,2026-02-18T22:21:52.566184
f6bb3575257d,api_error,,0,0,2026-02-18T22:21:53.202143
82a303c24a29,api_error,,0,0,2026-02-18T22:21:53.960878
da923cd2c278,api_error,,0,0,2026-02-18T22:21:54.714947
b10bb2741c31,api_error,,0,0,2026-02-18T22:21:55.444255
3fdea396529b,api_error,,0,0,2026-02-18T22:21:56.209215
563a8461ec26,api_error,,0,0,2026-02-18T22:21:56.996900
8b70498720cf,api_error,,0,0,2026-02-18T22:21:57.737355
1dec407372d4,ok,high,3,370,2026-02-18T22:21:57.822604
5fe7b8760570,api_error,,0,0,2026-02-18T22:21:58.487073
1878dddbf2dc,api_error,,0,0,2026-02-18T22:21:59.254707
50a18802de02,api_error,,0,0,2026-02-18T22:22:00.015722
660b4f1f29ac,api_error,,0,0,2026-02-18T22:22:00.846388
49157d714a87,api_error,,0,0,2026-02-18T22:22:01.601016
0948fc353369,ok,high,2,280,2026-02-18T22:22:02.236532
2441d8ad2d9f,api_error,,0,0,2026-02-18T22:22:02.393623
f94378203bbf,api_error,,0,0,2026-02-18T22:22:03.292667
67e534fc0568,api_error,,0,0,2026-02-18T22:22:04.041809
78fb69d914d2,api_error,,0,0,2026-02-18T22:22:04.803936
c028a1c7e646,api_error,,0,0,2026-02-18T22:22:05.556873
f62ab9506691,api_error,,0,0,2026-02-18T22:22:06.363361
83d0c507ca7d,api_error,,0,0,2026-02-18T22:22:07.105594
78a6e0841149,ok,high,3,265,2026-02-18T22:22:07.752695
b3ed7f090a64,api_error,,0,0,2026-02-18T22:22:07.873794
7976fe6c154d,api_error,,0,0,2026-02-18T22:22:08.619157
bf1086e8bc65,api_error,,0,0,2026-02-18T22:22:09.379608
0772605a6741,api_error,,0,0,2026-02-18T22:22:10.135441
aba546a90f8e,api_error,,0,0,2026-02-18T22:22:10.917728
f331b3c7d19f,api_error,,0,0,2026-02-18T22:22:11.715624
ca61f732bbe9,api_error,,0,0,2026-02-18T22:22:12.475891
63d43c2f03e7,api_error,,0,0,2026-02-18T22:22:13.407277
459ad6d36c30,api_error,,0,0,2026-02-18T22:22:14.194441
99cbbcd22707,api_error,,0,0,2026-02-18T22:22:14.958818
11a8f7dbf32b,api_error,,0,0,2026-02-18T22:22:15.752106
73f0f32bb5e8,ok,high,5,856,2026-02-18T22:22:16.532253
e2a7f1157106,api_error,,0,0,2026-02-18T22:22:16.583663
95e02c423cbc,api_error,,0,0,2026-02-18T22:22:17.367500
fb57e2771845,api_error,,0,0,2026-02-18T22:22:18.119815
477ebb855d27,api_error,,0,0,2026-02-18T22:22:18.911949
3892e30115fc,api_error,,0,0,2026-02-18T22:22:19.656906
85354f164d84,api_error,,0,0,2026-02-18T22:22:20.400837
e64a09b55895,api_error,,0,0,2026-02-18T22:22:21.151392
7ea3fc90ee4d,api_error,,0,0,2026-02-18T22:22:21.923277
821a47bdcada,api_error,,0,0,2026-02-18T22:22:22.679012
18b8beba5ade,api_error,,0,0,2026-02-18T22:22:23.444992
8745c8beb461,api_error,,0,0,2026-02-18T22:22:24.253329
fd1869de207b,ok,high,5,998,2026-02-18T22:22:24.748708
ef074a56d694,api_error,,0,0,2026-02-18T22:22:25.025491
480158f5580a,api_error,,0,0,2026-02-18T22:22:25.781103
9b0e03513743,api_error,,0,0,2026-02-18T22:22:26.548711
e984f96f350b,api_error,,0,0,2026-02-18T22:22:27.523632
e6426471a190,api_error,,0,0,2026-02-18T22:22:28.268675
2af73aff4c96,api_error,,0,0,2026-02-18T22:22:29.021993
a1d068570a53,ok,high,2,182,2026-02-18T22:22:29.418151
59d7b471c0d9,api_error,,0,0,2026-02-18T22:22:29.787975
3246a09cb0c5,api_error,,0,0,2026-02-18T22:22:30.558576
e7d224d39bf1,api_error,,0,0,2026-02-18T22:22:31.329903
b74ef9ce094b,api_error,,0,0,2026-02-18T22:22:32.122445
e8cec1d2424f,api_error,,0,0,2026-02-18T22:22:32.913208
4b5c2b5f7971,api_error,,0,0,2026-02-18T22:22:33.669401
a4b6abb612aa,api_error,,0,0,2026-02-18T22:22:34.425095
c5f304f8b0a2,ok,high,3,930,2026-02-18T22:22:34.624633
b90c813b97eb,api_error,,0,0,2026-02-18T22:22:35.183349
aefe0a1b89cb,api_error,,0,0,2026-02-18T22:22:35.951875
aefe0a1b89cb,api_error,,0,0,2026-02-18T22:22:36.891942
318a1536f257,api_error,,0,0,2026-02-18T22:22:37.644054
0a80be627411,api_error,,0,0,2026-02-18T22:22:38.394029
743f9410bb36,api_error,,0,0,2026-02-18T22:22:39.170075
356e092f18ec,api_error,,0,0,2026-02-18T22:22:39.936507
ed279924e1aa,api_error,,0,0,2026-02-18T22:22:40.786709
64185bf47a8f,api_error,,0,0,2026-02-18T22:22:41.553030
9ec0f0c276d2,api_error,,0,0,2026-02-18T22:22:42.312696
9be0ca513580,api_error,,0,0,2026-02-18T22:22:43.089778
2e8d27bf081f,api_error,,0,0,2026-02-18T22:22:43.906683
e12c40a29a9b,api_error,,0,0,2026-02-18T22:22:44.679703
5a963edb808c,api_error,,0,0,2026-02-18T22:22:45.446660
1731bafcb083,api_error,,0,0,2026-02-18T22:22:46.200461
f6ac07ec9f8e,ok,high,7,418,2026-02-18T22:22:46.201144
1731bafcb083,api_error,,0,0,2026-02-18T22:22:47.008917
5a4c7d70517a,api_error,,0,0,2026-02-18T22:22:47.778450
b2816b1e53bf,api_error,,0,0,2026-02-18T22:22:48.542440
5a4c7d70517a,api_error,,0,0,2026-02-18T22:22:49.333700
340b28b5a4b4,api_error,,0,0,2026-02-18T22:22:50.122177
d519b4de068f,api_error,,0,0,2026-02-18T22:22:50.886844
3b9a310bde0e,api_error,,0,0,2026-02-18T22:22:51.640506
9e21bfbf4411,api_error,,0,0,2026-02-18T22:22:52.394687
dbaaffc4dccb,api_error,,0,0,2026-02-18T22:22:53.150476
38ed370cfc40,ok,high,4,689,2026-02-18T22:22:53.299876
f7a7f5b21d0b,api_error,,0,0,2026-02-18T22:22:53.921515
83d412b4a4f2,api_error,,0,0,2026-02-18T22:22:54.716631
5c0faf70b7a8,api_error,,0,0,2026-02-18T22:22:55.466803
37c260b05750,api_error,,0,0,2026-02-18T22:22:56.236964
591fd3a6d25d,api_error,,0,0,2026-02-18T22:22:56.997145
a6437f265eed,api_error,,0,0,2026-02-18T22:22:57.830381
6a939353a3b6,api_error,,0,0,2026-02-18T22:22:58.625908
3fe24e9bf55d,ok,high,4,1050,2026-02-18T22:22:59.347643
20c40e68c315,api_error,,0,0,2026-02-18T22:22:59.420043
1c9879ce1007,api_error,,0,0,2026-02-18T22:23:00.289648
1c9879ce1007,api_error,,0,0,2026-02-18T22:23:01.085493
f6808d71849b,api_error,,0,0,2026-02-18T22:23:01.843212
05ef3b20c3c8,api_error,,0,0,2026-02-18T22:23:02.589531
3e1aba33fa51,api_error,,0,0,2026-02-18T22:23:03.333983
2bdd1bf4704f,api_error,,0,0,2026-02-18T22:23:04.210186
672d39da2300,api_error,,0,0,2026-02-18T22:23:04.975072
b6e097c3c81d,api_error,,0,0,2026-02-18T22:23:05.722908
b8e60f30f12c,ok,high,4,739,2026-02-18T22:23:06.137507
58627cf22f4d,api_error,,0,0,2026-02-18T22:23:06.514057
0bcd1fe201ef,api_error,,0,0,2026-02-18T22:23:07.266576
68e5fda23d32,api_error,,0,0,2026-02-18T22:23:08.009637
ea45e28eead4,api_error,,0,0,2026-02-18T22:23:08.766026
3fe4f0c98259,api_error,,0,0,2026-02-18T22:23:09.547615
36765d19034a,api_error,,0,0,2026-02-18T22:23:10.423511
d1dcbd40e568,ok,high,3,708,2026-02-18T22:23:11.151267
5616691efde0,api_error,,0,0,2026-02-18T22:23:11.252361
9574d933ddef,api_error,,0,0,2026-02-18T22:23:12.011706
3a47c364b297,api_error,,0,0,2026-02-18T22:23:12.858776
dfbce8388757,api_error,,0,0,2026-02-18T22:23:13.631101
9d8c2cc2a6f1,api_error,,0,0,2026-02-18T22:23:14.386637
7c419b12546e,api_error,,0,0,2026-02-18T22:23:15.122770
628fa950717e,api_error,,0,0,2026-02-18T22:23:15.910678
140f1fa9cf25,api_error,,0,0,2026-02-18T22:23:16.665952
d5338b3711b2,ok,high,3,532,2026-02-18T22:23:17.082697
62adc776c23f,api_error,,0,0,2026-02-18T22:23:17.429757
a72e00fb43fa,api_error,,0,0,2026-02-18T22:23:18.208174
5720d7c51ba0,api_error,,0,0,2026-02-18T22:23:18.960128
6de43c305a62,api_error,,0,0,2026-02-18T22:23:19.743170
7e766c2bd181,api_error,,0,0,2026-02-18T22:23:20.514596
75e8325b7c89,api_error,,0,0,2026-02-18T22:23:21.296118
6ebab65baeae,ok,high,2,380,2026-02-18T22:23:21.630776
73599d253cae,api_error,,0,0,2026-02-18T22:23:22.074144
4c1613bffc51,api_error,,0,0,2026-02-18T22:23:22.921756
a01ee77518eb,api_error,,0,0,2026-02-18T22:23:23.774003
15fe64f58f36,api_error,,0,0,2026-02-18T22:23:24.519523
2aba0136ad3a,api_error,,0,0,2026-02-18T22:23:25.274581
1e77e6232446,api_error,,0,0,2026-02-18T22:23:26.024780
fcdebb5848e6,api_error,,0,0,2026-02-18T22:23:26.792209
7e99d1b65a06,api_error,,0,0,2026-02-18T22:23:27.546007
c6669cfb4f22,api_error,,0,0,2026-02-18T22:23:28.316801
82e4dace38a1,api_error,,0,0,2026-02-18T22:23:29.074691
70d836517a55,api_error,,0,0,2026-02-18T22:23:29.904990
91ad55018ee4,api_error,,0,0,2026-02-18T22:23:30.654359
f471f94f9c52,api_error,,0,0,2026-02-18T22:23:31.419084
adcdfff96c76,api_error,,0,0,2026-02-18T22:23:32.184720
0e7aa2a31911,api_error,,0,0,2026-02-18T22:23:32.947108
c19431806c75,api_error,,0,0,2026-02-18T22:23:33.752143
70dd85929f46,ok,high,9,1351,2026-02-18T22:23:33.803505
dae5c89c944f,api_error,,0,0,2026-02-18T22:23:34.500398
054149d4f126,api_error,,0,0,2026-02-18T22:23:35.245998
ad2d64527955,api_error,,0,0,2026-02-18T22:23:36.010233
2d935867803b,api_error,,0,0,2026-02-18T22:23:36.773107
a63a827d472a,api_error,,0,0,2026-02-18T22:23:37.584847
b05f8941df3b,api_error,,0,0,2026-02-18T22:23:38.344623
dea3bad0b436,api_error,,0,0,2026-02-18T22:23:39.126192
459a50e2e93d,api_error,,0,0,2026-02-18T22:23:40.003470
71bb0cad2dc3,api_error,,0,0,2026-02-18T22:23:40.846708
00dfe17612cd,ok,high,5,825,2026-02-18T22:23:41.396229
6e3ec997e78d,api_error,,0,0,2026-02-18T22:23:41.598676
e1ff5f9e953c,api_error,,0,0,2026-02-18T22:23:42.470121
3aea86cd5a53,api_error,,0,0,2026-02-18T22:23:43.224526
ed824a1744ab,api_error,,0,0,2026-02-18T22:23:43.997994
8d05e95da0fd,api_error,,0,0,2026-02-18T22:23:44.746489
b96a1b2bf8f6,api_error,,0,0,2026-02-18T22:23:45.500224
8bb6f0e399ba,api_error,,0,0,2026-02-18T22:23:46.256749
b7cd039f826c,api_error,,0,0,2026-02-18T22:23:47.071141
daf21bad997f,ok,high,3,666,2026-02-18T22:23:47.347810
98a95f3bdf73,api_error,,0,0,2026-02-18T22:23:47.825014
3dc9f67b3f37,api_error,,0,0,2026-02-18T22:23:48.624489
66ef34d6d484,api_error,,0,0,2026-02-18T22:23:49.368608
11204d1b22bc,api_error,,0,0,2026-02-18T22:23:50.126095
319f42f911cc,api_error,,0,0,2026-02-18T22:23:51.029880
e5045e2e2e76,api_error,,0,0,2026-02-18T22:23:51.786284
c830c65d40df,ok,high,3,880,2026-02-18T22:23:52.431133
2e9db977f60d,api_error,,0,0,2026-02-18T22:23:52.556362
6f04ef65695a,api_error,,0,0,2026-02-18T22:23:53.326807
508c02ba3c0c,api_error,,0,0,2026-02-18T22:23:54.077941
30edcb430835,api_error,,0,0,2026-02-18T22:23:54.832110
e10ebcfb9e19,api_error,,0,0,2026-02-18T22:23:55.593006
dc811da4cb63,api_error,,0,0,2026-02-18T22:23:56.346295
57ed09419a4f,ok,high,2,484,2026-02-18T22:23:56.965117
88b071f975e0,api_error,,0,0,2026-02-18T22:23:57.088526
cc9996bf1bbb,api_error,,0,0,2026-02-18T22:23:57.845487
7584241724fb,api_error,,0,0,2026-02-18T22:23:58.611010
0b42fdfac99d,api_error,,0,0,2026-02-18T22:23:59.430919
72fc7f837493,api_error,,0,0,2026-02-18T22:24:00.199469
0f96989dfc64,ok,high,1,150,2026-02-18T22:24:00.318240
6221aa7b5ebd,api_error,,0,0,2026-02-18T22:24:00.952196
d27eec08eb09,api_error,,0,0,2026-02-18T22:24:01.760308
b10e1f50439c,api_error,,0,0,2026-02-18T22:24:02.539813
17e870466484,api_error,,0,0,2026-02-18T22:24:03.292354
3429ae0f849b,api_error,,0,0,2026-02-18T22:24:04.070206
4193474a1545,api_error,,0,0,2026-02-18T22:24:04.829516
92d3ef77e96b,api_error,,0,0,2026-02-18T22:24:05.605402
f24d87593882,api_error,,0,0,2026-02-18T22:24:06.345631
40aaed826d30,api_error,,0,0,2026-02-18T22:24:07.113849
85bc0fbfec75,api_error,,0,0,2026-02-18T22:24:07.902287
ecaf5955fbde,ok,high,5,889,2026-02-18T22:24:08.541194
efa68b58a55e,api_error,,0,0,2026-02-18T22:24:08.665331
7927e9d4adab,api_error,,0,0,2026-02-18T22:24:09.416251
269ea6a13d83,api_error,,0,0,2026-02-18T22:24:10.227837
8a7a7287e8f0,api_error,,0,0,2026-02-18T22:24:10.973742
15839171c585,ok,high,1,0,2026-02-18T22:24:11.269849
b6a31ce8bc59,api_error,,0,0,2026-02-18T22:24:11.728797
39e462312d5f,api_error,,0,0,2026-02-18T22:24:12.493971
e2d6f869204d,api_error,,0,0,2026-02-18T22:24:13.251903
250f13022a95,api_error,,0,0,2026-02-18T22:24:14.024974
cdc7289b2dc0,api_error,,0,0,2026-02-18T22:24:14.837480
006132a57399,api_error,,0,0,2026-02-18T22:24:15.612656
02a07ced1e9a,api_error,,0,0,2026-02-18T22:24:16.348224
33160a706265,api_error,,0,0,2026-02-18T22:24:17.099993
2954af65f856,api_error,,0,0,2026-02-18T22:24:17.851410
9575d408331d,api_error,,0,0,2026-02-18T22:24:18.639016
eca7d865e158,api_error,,0,0,2026-02-18T22:24:19.394240
17bf7ca4e0b0,api_error,,0,0,2026-02-18T22:24:20.152674
db8539758cb9,api_error,,0,0,2026-02-18T22:24:21.034076
e46d31a95bde,api_error,,0,0,2026-02-18T22:24:21.808196
df4a9eda59ff,ok,high,8,1185,2026-02-18T22:24:21.855765
38c651c2b6fe,api_error,,0,0,2026-02-18T22:24:22.563436
b54c779c2e22,api_error,,0,0,2026-02-18T22:24:23.301493
4ba48b0d0d3b,api_error,,0,0,2026-02-18T22:24:24.048115
7706d02d6196,api_error,,0,0,2026-02-18T22:24:24.869667
09a8bfd0e49d,api_error,,0,0,2026-02-18T22:24:25.634067
a87364ad488c,api_error,,0,0,2026-02-18T22:24:26.467915
35a73de5a260,api_error,,0,0,2026-02-18T22:24:27.216084
230a4fc1369e,api_error,,0,0,2026-02-18T22:24:27.977667
fa02a0188983,api_error,,0,0,2026-02-18T22:24:28.734800
4adaeefa8151,api_error,,0,0,2026-02-18T22:24:29.484096
d3ee85b4b4cf,api_error,,0,0,2026-02-18T22:24:30.266339
cb2c4063148b,api_error,,0,0,2026-02-18T22:24:31.084137
dab85e86cbce,api_error,,0,0,2026-02-18T22:24:32.122486
4adccd32ebb4,api_error,,0,0,2026-02-18T22:24:32.878134
074a5eaa4691,api_error,,0,0,2026-02-18T22:24:33.631060
b41e30898e43,ok,high,10,1205,2026-02-18T22:24:34.325434
636990aae6ec,api_error,,0,0,2026-02-18T22:24:34.385822
78312ae05b1e,api_error,,0,0,2026-02-18T22:24:35.131898
a176fbf826ca,api_error,,0,0,2026-02-18T22:24:35.890104
f9a0fe335bf6,api_error,,0,0,2026-02-18T22:24:36.649803
89f40cbe8341,api_error,,0,0,2026-02-18T22:24:37.408059
9595c529ac4d,api_error,,0,0,2026-02-18T22:24:38.169139
dd44bf327470,api_error,,0,0,2026-02-18T22:24:38.942918
073b86e066f1,api_error,,0,0,2026-02-18T22:24:39.784717
c078a9a4f080,api_error,,0,0,2026-02-18T22:24:40.538990
1276468ae6ef,api_error,,0,0,2026-02-18T22:24:41.353309
d2eff9836f1a,api_error,,0,0,2026-02-18T22:24:42.150363
70728b7f71cd,ok,high,5,613,2026-02-18T22:24:42.862711
9c1e3fd1dc1c,api_error,,0,0,2026-02-18T22:24:42.893872
4b6afa0c0e7c,api_error,,0,0,2026-02-18T22:24:43.717989
3eae83310323,api_error,,0,0,2026-02-18T22:24:44.482373
72fc4716d0ed,api_error,,0,0,2026-02-18T22:24:45.248067
925d7874f47e,api_error,,0,0,2026-02-18T22:24:46.031288
2337c4c50632,api_error,,0,0,2026-02-18T22:24:46.783266
8166d508a915,api_error,,0,0,2026-02-18T22:24:47.568458
cc70dce43f92,api_error,,0,0,2026-02-18T22:24:48.331134
6f81b6707586,ok,high,3,1180,2026-02-18T22:24:48.514421
50c74445f27f,api_error,,0,0,2026-02-18T22:24:49.076705
3fb339a05f8d,api_error,,0,0,2026-02-18T22:24:49.890423
44755a4e2e59,api_error,,0,0,2026-02-18T22:24:50.687306
44755a4e2e59,api_error,,0,0,2026-02-18T22:24:51.434126
4238bae0b79a,api_error,,0,0,2026-02-18T22:24:52.207498
0d41a1a3e779,api_error,,0,0,2026-02-18T22:24:52.955081
fa6fce849b5d,api_error,,0,0,2026-02-18T22:24:53.708857
b10ce2ff54f2,api_error,,0,0,2026-02-18T22:24:54.469905
341d27b8e1a0,ok,high,3,1140,2026-02-18T22:24:54.700716
222214ce6a3a,api_error,,0,0,2026-02-18T22:24:55.230099
af197141a527,api_error,,0,0,2026-02-18T22:24:55.985949
87d28bf0943b,ok,high,6,1310,2026-02-18T22:25:03.841047
e78a118d3d48,ok,high,5,704,2026-02-18T22:25:11.650628
ab622d623f34,api_error,,0,0,2026-02-18T22:25:11.658063
a40ab74d0b99,api_error,,0,0,2026-02-18T22:25:12.428083
95fb5ba4d0ca,api_error,,0,0,2026-02-18T22:25:13.179574
d75a4425d55f,api_error,,0,0,2026-02-18T22:25:13.964589
3b3af258a720,api_error,,0,0,2026-02-18T22:25:14.714966
750d4d53327f,api_error,,0,0,2026-02-18T22:25:15.494854
24ad6ab1e4f0,api_error,,0,0,2026-02-18T22:25:16.253085
2ea3f8696b61,api_error,,0,0,2026-02-18T22:25:17.023765
960523e8b1a2,ok,high,3,489,2026-02-18T22:25:17.325407
0cef1e408004,api_error,,0,0,2026-02-18T22:25:17.828182
b543aec696b4,api_error,,0,0,2026-02-18T22:25:18.587417
8f8c96bbf41e,api_error,,0,0,2026-02-18T22:25:19.347812
bea6975c7a45,api_error,,0,0,2026-02-18T22:25:20.104539
40ed74a39b2a,api_error,,0,0,2026-02-18T22:25:20.936579
038a81b8cbad,api_error,,0,0,2026-02-18T22:25:21.780117
ebb24c4b164a,api_error,,0,0,2026-02-18T22:25:22.534184
8a1ba75bab77,ok,high,3,1048,2026-02-18T22:25:23.232860
acbb24766c1c,api_error,,0,0,2026-02-18T22:25:23.394357
20d0154a3bb1,api_error,,0,0,2026-02-18T22:25:24.138737
68fb97ce1f69,api_error,,0,0,2026-02-18T22:25:24.924817
ec3240305c9b,api_error,,0,0,2026-02-18T22:25:25.674102
f7e000410244,api_error,,0,0,2026-02-18T22:25:26.444772
4c3450a16f62,api_error,,0,0,2026-02-18T22:25:27.225703
a1b23a980bc1,ok,high,2,680,2026-02-18T22:25:27.336156
3d8586dcd295,api_error,,0,0,2026-02-18T22:25:27.980785
9f5cdb5b5d96,api_error,,0,0,2026-02-18T22:25:28.726215
a9df8a479ab0,api_error,,0,0,2026-02-18T22:25:29.534919
cb3019b05dab,api_error,,0,0,2026-02-18T22:25:30.595607
c6023731e449,api_error,,0,0,2026-02-18T22:25:31.337339
9599d8d0f88d,api_error,,0,0,2026-02-18T22:25:32.096221
dd34fd71ee75,api_error,,0,0,2026-02-18T22:25:32.851675
6155fd95de9f,api_error,,0,0,2026-02-18T22:25:33.595424
b7abea023564,ok,high,4,1366,2026-02-18T22:25:34.182925
5ec2e9c14eb4,api_error,,0,0,2026-02-18T22:25:34.350626
73231f7b2c38,api_error,,0,0,2026-02-18T22:25:35.103181
52ae14539c11,api_error,,0,0,2026-02-18T22:25:35.853039
f1d4fba48994,ok,high,3,1438,2026-02-18T22:25:39.372694
72422b145d29,api_error,,0,0,2026-02-18T22:25:43.483871
f93441bd8341,api_error,,0,0,2026-02-18T22:25:44.262831
d8d3d2b0e910,api_error,,0,0,2026-02-18T22:25:45.058230
a782dce985fd,ok,high,4,70,2026-02-18T22:25:45.368652
869874b24bf8,api_error,,0,0,2026-02-18T22:25:45.829370
5e648936d9d2,api_error,,0,0,2026-02-18T22:25:46.583628
20ce1315802d,api_error,,0,0,2026-02-18T22:25:47.332028
8dd23c2b7781,api_error,,0,0,2026-02-18T22:25:48.084869
20af26c9512c,api_error,,0,0,2026-02-18T22:25:48.840176
1d8f556ffeaa,api_error,,0,0,2026-02-18T22:25:49.591554
1d8f556ffeaa,api_error,,0,0,2026-02-18T22:25:50.491402
3c6a419b1500,ok,high,3,580,2026-02-18T22:25:50.537639
000bc3f6e952,api_error,,0,0,2026-02-18T22:25:51.242370
0724796013c6,api_error,,0,0,2026-02-18T22:25:51.993058
1736260560cd,api_error,,0,0,2026-02-18T22:25:52.862276
b1ddac65e018,api_error,,0,0,2026-02-18T22:25:53.700656
f5c4ccd50156,api_error,,0,0,2026-02-18T22:25:54.457194
efb7451635bd,api_error,,0,0,2026-02-18T22:25:55.214822
6d155652e073,ok,high,3,1405,2026-02-18T22:25:55.855258
424e5e574347,api_error,,0,0,2026-02-18T22:25:55.981561
d5938735ea61,api_error,,0,0,2026-02-18T22:25:56.727573
3c0d85fdbbe9,api_error,,0,0,2026-02-18T22:25:57.523349
330af408cc0d,api_error,,0,0,2026-02-18T22:25:58.278533
c2d588d19706,api_error,,0,0,2026-02-18T22:25:59.048254
10f35c05659b,api_error,,0,0,2026-02-18T22:25:59.825320
46e66ad8b3ee,api_error,,0,0,2026-02-18T22:26:00.688195
98a28acae3aa,api_error,,0,0,2026-02-18T22:26:01.456037
69665218fe9c,api_error,,0,0,2026-02-18T22:26:02.578852
4acc2ee532e2,api_error,,0,0,2026-02-18T22:26:03.336291
daa081570058,api_error,,0,0,2026-02-18T22:26:04.083904
b05829bb62c5,api_error,,0,0,2026-02-18T22:26:04.850939
3eeb92aa862c,json_error,,0,0,2026-02-18T22:26:09.559263
8ea38e02db15,ok,high,1,200,2026-02-18T22:26:12.304198
6fcb571132fc,ok,high,5,767,2026-02-18T22:26:20.093898
0a31f386266e,ok,high,3,539,2026-02-18T22:26:25.915904
fea866b6f796,ok,high,4,658,2026-02-18T22:26:31.997356
47d9eb1b6ea3,api_error,,0,0,2026-02-18T22:26:32.275382
6dcb65fb4b85,api_error,,0,0,2026-02-18T22:26:33.087502
ccbdb6c71bdd,api_error,,0,0,2026-02-18T22:26:33.828956
650ae191cf26,api_error,,0,0,2026-02-18T22:26:34.599581
cde06fa5ecb7,api_error,,0,0,2026-02-18T22:26:35.357285
de88b699005a,api_error,,0,0,2026-02-18T22:26:36.135947
365276acc51a,api_error,,0,0,2026-02-18T22:26:36.881864
24adbc6131c3,api_error,,0,0,2026-02-18T22:26:37.765195
3e54ce2e82f5,ok,high,3,954,2026-02-18T22:26:37.918805
2453b1987835,api_error,,0,0,2026-02-18T22:26:38.523352
fe642efac245,api_error,,0,0,2026-02-18T22:26:39.300130
2f3e01e65290,api_error,,0,0,2026-02-18T22:26:40.106697
89debb15ce0a,api_error,,0,0,2026-02-18T22:26:40.867175
7e5a76d96c7d,api_error,,0,0,2026-02-18T22:26:41.622046
49bf2f329c2c,api_error,,0,0,2026-02-18T22:26:42.367510
c30affcad716,api_error,,0,0,2026-02-18T22:26:43.123507
532ad2a08469,ok,high,3,732,2026-02-18T22:26:43.183407
96136804b0b8,api_error,,0,0,2026-02-18T22:26:43.927773
6e4d6491baa9,api_error,,0,0,2026-02-18T22:26:44.729721
2e571a4813e7,api_error,,0,0,2026-02-18T22:26:45.662003
505766d43935,api_error,,0,0,2026-02-18T22:26:46.421227
fc4dcd016b8b,api_error,,0,0,2026-02-18T22:26:47.188031
a1e5e68133ad,api_error,,0,0,2026-02-18T22:26:47.938654
aae3c67db328,api_error,,0,0,2026-02-18T22:26:48.714645
791ab14d5202,api_error,,0,0,2026-02-18T22:26:49.452715
6a185768133c,api_error,,0,0,2026-02-18T22:26:50.211928
7ddfc0e3ba5d,ok,high,4,877,2026-02-18T22:26:50.324037
06361c05662b,api_error,,0,0,2026-02-18T22:26:50.963626
4f281978cedd,api_error,,0,0,2026-02-18T22:26:51.725004
861096066f47,api_error,,0,0,2026-02-18T22:26:52.492079
45dcec9094dd,api_error,,0,0,2026-02-18T22:26:53.241854
ec0374bd1a26,ok,high,1,240,2026-02-18T22:26:53.308736
bf36cd64030b,api_error,,0,0,2026-02-18T22:26:53.990929
28e1c7af9231,api_error,,0,0,2026-02-18T22:26:54.747395
4d1f881fd73e,api_error,,0,0,2026-02-18T22:26:55.514208
ab19e8b729d1,api_error,,0,0,2026-02-18T22:26:56.306837
1b9aea413da5,api_error,,0,0,2026-02-18T22:26:57.099979
5002de222d4d,api_error,,0,0,2026-02-18T22:26:57.854929
4abfbfae35f5,api_error,,0,0,2026-02-18T22:26:58.597783
854fe1b9637f,api_error,,0,0,2026-02-18T22:26:59.345820
46ccec8c37da,api_error,,0,0,2026-02-18T22:27:00.093400
7f1883c90771,api_error,,0,0,2026-02-18T22:27:00.847964
df53f155ba3a,api_error,,0,0,2026-02-18T22:27:01.616304
50ac59e6b5e9,api_error,,0,0,2026-02-18T22:27:02.376494
c3522ad97935,api_error,,0,0,2026-02-18T22:27:03.157612
10c0d4c4b234,api_error,,0,0,2026-02-18T22:27:03.922126
a3ec9f705928,api_error,,0,0,2026-02-18T22:27:04.693771
922cfc5fcec1,ok,high,7,780,2026-02-18T22:27:05.125846
2759d8ef6415,api_error,,0,0,2026-02-18T22:27:05.473150
a92f409b5fff,api_error,,0,0,2026-02-18T22:27:06.283069
a6babd57f707,api_error,,0,0,2026-02-18T22:27:07.029885
ded0f4f95e0e,api_error,,0,0,2026-02-18T22:27:07.790993
25a29caf3455,api_error,,0,0,2026-02-18T22:27:08.524114
ff076add2052,api_error,,0,0,2026-02-18T22:27:09.274610
da5bfe1e3330,api_error,,0,0,2026-02-18T22:27:10.017200
383d2ced85ee,ok,high,3,1035,2026-02-18T22:27:10.512833
a18f0db7aa35,api_error,,0,0,2026-02-18T22:27:10.771032
823db467548f,api_error,,0,0,2026-02-18T22:27:11.522075
d68e58e4b9c3,api_error,,0,0,2026-02-18T22:27:12.268855
4ab69ee2a408,api_error,,0,0,2026-02-18T22:27:13.112004
5a8ad82c03d9,api_error,,0,0,2026-02-18T22:27:13.890251
748a2a5c4fe8,api_error,,0,0,2026-02-18T22:27:14.697385
bcfe3f64df27,api_error,,0,0,2026-02-18T22:27:15.451208
fe1bffbcb344,ok,high,3,770,2026-02-18T22:27:15.981593
32dbaa3150ad,api_error,,0,0,2026-02-18T22:27:16.205630
399a19b682b0,api_error,,0,0,2026-02-18T22:27:17.019315
612a0b3b9f89,api_error,,0,0,2026-02-18T22:27:17.757071
7d726736e916,api_error,,0,0,2026-02-18T22:27:18.675988
811a7acedfd1,api_error,,0,0,2026-02-18T22:27:19.422222
41aa4bf78f10,api_error,,0,0,2026-02-18T22:27:20.171322
b8fdbf99a09a,api_error,,0,0,2026-02-18T22:27:21.007162
1c2623f9b7a2,api_error,,0,0,2026-02-18T22:27:21.957458
6b4e9a46b1fc,ok,high,4,910,2026-02-18T22:27:22.516784
4bbff8d1eaf1,api_error,,0,0,2026-02-18T22:27:22.714983
85b01a13937d,api_error,,0,0,2026-02-18T22:27:23.457733
08cf41ba7204,api_error,,0,0,2026-02-18T22:27:24.245376
d922761ac76e,api_error,,0,0,2026-02-18T22:27:25.001000
8238824d9ede,api_error,,0,0,2026-02-18T22:27:26.017362
6aac44cad300,api_error,,0,0,2026-02-18T22:27:26.763541
c38b5697d87e,api_error,,0,0,2026-02-18T22:27:27.517271
ea4eea73adae,ok,high,3,810,2026-02-18T22:27:28.158070
02af1ba5ac51,api_error,,0,0,2026-02-18T22:27:28.263357
0b5d55161db0,api_error,,0,0,2026-02-18T22:27:29.004696
fb60c55b2a9e,api_error,,0,0,2026-02-18T22:27:29.890696
b26b3423b995,api_error,,0,0,2026-02-18T22:27:30.921959
d299a49c80c8,api_error,,0,0,2026-02-18T22:27:31.678017
d7c84903fd7e,api_error,,0,0,2026-02-18T22:27:32.443757
4544dcd3c680,api_error,,0,0,2026-02-18T22:27:33.198405
db80f9fcc3ae,ok,high,3,1050,2026-02-18T22:27:33.929213
6d720e6e6521,api_error,,0,0,2026-02-18T22:27:33.950103
32a98edda8a1,api_error,,0,0,2026-02-18T22:27:34.696975
7c07c73d46ae,api_error,,0,0,2026-02-18T22:27:35.440966
6bf86d2fbd12,api_error,,0,0,2026-02-18T22:27:36.219648
0eda7e5fad32,api_error,,0,0,2026-02-18T22:27:36.954120
2ec77378c113,api_error,,0,0,2026-02-18T22:27:37.720730
5ecc6b7c921e,api_error,,0,0,2026-02-18T22:27:38.507958
c19569365be9,ok,high,2,610,2026-02-18T22:27:39.032406
93998fcbcf1a,api_error,,0,0,2026-02-18T22:27:39.271973
d19592029e63,api_error,,0,0,2026-02-18T22:27:40.036001
ac892f21fb2c,api_error,,0,0,2026-02-18T22:27:40.953471
ada2e379fe6a,api_error,,0,0,2026-02-18T22:27:41.836286
0305d05ca542,api_error,,0,0,2026-02-18T22:27:42.666225
12ca0f6ff059,api_error,,0,0,2026-02-18T22:27:43.517184
e45eaa5cbb0e,api_error,,0,0,2026-02-18T22:27:44.284095
e6cff383dbb0,ok,high,4,830,2026-02-18T22:27:44.668481
f08deef2ce23,api_error,,0,0,2026-02-18T22:27:45.056883
8e47c81387d8,api_error,,0,0,2026-02-18T22:27:45.878166
c58536a51541,api_error,,0,0,2026-02-18T22:27:46.637302
7029aa2d1f6b,api_error,,0,0,2026-02-18T22:27:47.449838
999f4f0dd1f4,api_error,,0,0,2026-02-18T22:27:48.216082
7a75e17efa51,api_error,,0,0,2026-02-18T22:27:48.970567
dbaa36beb20b,api_error,,0,0,2026-02-18T22:27:49.836389
9c6886bead33,api_error,,0,0,2026-02-18T22:27:50.693096
cbb2b5cdb34b,api_error,,0,0,2026-02-18T22:27:51.601472
197fb1c93180,ok,high,4,920,2026-02-18T22:27:51.993301
cbb2b5cdb34b,api_error,,0,0,2026-02-18T22:27:52.347464
6de01dba7b6e,api_error,,0,0,2026-02-18T22:27:53.105052
ee1e02f6b33d,api_error,,0,0,2026-02-18T22:27:53.856598
9adf275031a5,api_error,,0,0,2026-02-18T22:27:54.693888
6ba805c51d04,api_error,,0,0,2026-02-18T22:27:55.431081
e3ade7215f70,api_error,,0,0,2026-02-18T22:27:56.187394
159120986e53,ok,high,2,610,2026-02-18T22:27:56.538043
7bf99c6476aa,api_error,,0,0,2026-02-18T22:27:56.935933
b03367d59e19,api_error,,0,0,2026-02-18T22:27:57.699116
2a7709bbc88a,api_error,,0,0,2026-02-18T22:27:58.456239
c02f6f95dc27,api_error,,0,0,2026-02-18T22:27:59.218043
f99ef2f535ba,api_error,,0,0,2026-02-18T22:28:00.549803
39b6286ad888,api_error,,0,0,2026-02-18T22:28:01.321994
9914ca34acf0,api_error,,0,0,2026-02-18T22:28:02.101777
f3e164276abe,api_error,,0,0,2026-02-18T22:28:02.862313
554225b2b6ef,ok,high,4,825,2026-02-18T22:28:02.943249
74a5866e9b1d,api_error,,0,0,2026-02-18T22:28:03.611510
95ea5bbd0587,api_error,,0,0,2026-02-18T22:28:04.365336
06ea4b0eeacd,api_error,,0,0,2026-02-18T22:28:05.114495
9459cbb186d1,api_error,,0,0,2026-02-18T22:28:05.870038
6e33201d7890,api_error,,0,0,2026-02-18T22:28:06.649924
e76ea3a991f5,ok,high,2,307,2026-02-18T22:28:07.336472
e015b685686c,api_error,,0,0,2026-02-18T22:28:07.412077
654942a09238,api_error,,0,0,2026-02-18T22:28:08.183435
e71b81490c28,api_error,,0,0,2026-02-18T22:28:08.999360
31ad21309869,api_error,,0,0,2026-02-18T22:28:09.762328
a1e21893dc7a,api_error,,0,0,2026-02-18T22:28:10.529990
61352a3f5cf8,api_error,,0,0,2026-02-18T22:28:11.287857
c5a58d71a1ee,ok,high,2,287,2026-02-18T22:28:11.700379
66eac753ed60,api_error,,0,0,2026-02-18T22:28:12.043772
3301fe751458,api_error,,0,0,2026-02-18T22:28:12.806687
b3a9fbc51d7e,api_error,,0,0,2026-02-18T22:28:13.573876
f917092e8239,api_error,,0,0,2026-02-18T22:28:14.337592
9585cd840009,ok,high,1,1200,2026-02-18T22:28:14.776236
dec03783554e,api_error,,0,0,2026-02-18T22:28:15.109415
4b28dc1ec117,api_error,,0,0,2026-02-18T22:28:15.875243
a51807fbf9d2,api_error,,0,0,2026-02-18T22:28:16.661464
cd31a258ffe2,api_error,,0,0,2026-02-18T22:28:17.411396
1daff71260ab,api_error,,0,0,2026-02-18T22:28:18.180890
541e23b0a634,api_error,,0,0,2026-02-18T22:28:18.940877
f33e8bd8d74e,api_error,,0,0,2026-02-18T22:28:19.693262
0e573e8ba388,api_error,,0,0,2026-02-18T22:28:20.437737
c75f5530fcfd,ok,high,4,1217,2026-02-18T22:28:20.916186
a71d19a1fd3e,api_error,,0,0,2026-02-18T22:28:21.188746
71db120c3862,api_error,,0,0,2026-02-18T22:28:21.972088
15899a1c1041,api_error,,0,0,2026-02-18T22:28:22.715904
cbf6b6217dff,api_error,,0,0,2026-02-18T22:28:23.586680
38dc115c3cca,api_error,,0,0,2026-02-18T22:28:24.339552
88c301760810,api_error,,0,0,2026-02-18T22:28:25.257559
270f61dfbc2b,api_error,,0,0,2026-02-18T22:28:26.006419
75d800e142d1,ok,high,3,502,2026-02-18T22:28:26.527895
a75b42c14419,api_error,,0,0,2026-02-18T22:28:26.751242
b62a10a7cc93,api_error,,0,0,2026-02-18T22:28:27.523501
3a607658d2db,api_error,,0,0,2026-02-18T22:28:28.285996
ad2322ef6df4,api_error,,0,0,2026-02-18T22:28:29.074861
c38d9de7b7b7,api_error,,0,0,2026-02-18T22:28:29.858488
dc1de1e1a3ce,api_error,,0,0,2026-02-18T22:28:30.614800
fe57ea67919f,ok,high,3,438,2026-02-18T22:28:32.601150
d26d1cf66e67,ok,high,4,1620,2026-02-18T22:28:39.156344
bc270f7057ee,ok,high,4,1500,2026-02-18T22:28:46.139378
c59dbd1451d4,api_error,,0,0,2026-02-18T22:28:48.712147
03be8241c156,api_error,,0,0,2026-02-18T22:28:49.478940
82cbd1655832,api_error,,0,0,2026-02-18T22:28:50.328399
8690add13f74,api_error,,0,0,2026-02-18T22:28:51.095041
78e3ad999f1a,api_error,,0,0,2026-02-18T22:28:51.853210
3277d0f81a60,api_error,,0,0,2026-02-18T22:28:52.594476
083482026638,api_error,,0,0,2026-02-18T22:28:53.350534
ccf12e818b9a,ok,high,4,816,2026-02-18T22:28:53.470600
083482026638,api_error,,0,0,2026-02-18T22:28:54.268201
97222cce5840,api_error,,0,0,2026-02-18T22:28:55.035112
f9fce1d34109,api_error,,0,0,2026-02-18T22:28:55.783200
3a7146980f0a,api_error,,0,0,2026-02-18T22:28:56.543112
5c47c606bd24,api_error,,0,0,2026-02-18T22:28:57.379154
6cd8d7bdf2ca,api_error,,0,0,2026-02-18T22:28:58.217996
a7b7eaf00231,api_error,,0,0,2026-02-18T22:28:58.975147
d3d3e3ab8026,ok,high,3,462,2026-02-18T22:28:58.976243
1d808f6df03d,api_error,,0,0,2026-02-18T22:28:59.736114
e030286d7f2f,api_error,,0,0,2026-02-18T22:29:00.500105
f8ca722a43a5,api_error,,0,0,2026-02-18T22:29:01.260270
1b14775b5a39,api_error,,0,0,2026-02-18T22:29:02.031371
c2b0c82bc740,api_error,,0,0,2026-02-18T22:29:02.801983
59db3307d076,api_error,,0,0,2026-02-18T22:29:03.571719
2e34b314c23f,api_error,,0,0,2026-02-18T22:29:04.342401
60d79aa30720,api_error,,0,0,2026-02-18T22:29:05.100398
fa4917a4224b,api_error,,0,0,2026-02-18T22:29:05.851438
08ef8ea6cd8c,api_error,,0,0,2026-02-18T22:29:06.665017
07315f44db45,api_error,,0,0,2026-02-18T22:29:07.433827
d31f9d999472,api_error,,0,0,2026-02-18T22:29:08.210616
f246462284fc,api_error,,0,0,2026-02-18T22:29:09.146896
a195ea467871,api_error,,0,0,2026-02-18T22:29:09.900642
d9043978f75e,ok,high,7,1350,2026-02-18T22:29:10.607337
cd8cc9fa51c1,api_error,,0,0,2026-02-18T22:29:10.679459
daf5924cf6ce,api_error,,0,0,2026-02-18T22:29:11.514794
7d8675e91b2d,api_error,,0,0,2026-02-18T22:29:12.389441
f460795da95e,api_error,,0,0,2026-02-18T22:29:13.164393
1fe1a39efe3b,api_error,,0,0,2026-02-18T22:29:13.936403
26eb2756b4b9,api_error,,0,0,2026-02-18T22:29:14.689156
6d1cb104c796,api_error,,0,0,2026-02-18T22:29:15.447421
2d6bc1abee35,api_error,,0,0,2026-02-18T22:29:16.196048
04f8c1e4f9d4,api_error,,0,0,2026-02-18T22:29:16.990966
71c74cd9781f,ok,high,4,1060,2026-02-18T22:29:17.469359
ad0f9d9cca42,api_error,,0,0,2026-02-18T22:29:17.766935
0670d344227f,api_error,,0,0,2026-02-18T22:29:18.602843
ab3a04699a53,api_error,,0,0,2026-02-18T22:29:19.362355
01e6faabb47b,api_error,,0,0,2026-02-18T22:29:20.115782
66961a8a3a60,api_error,,0,0,2026-02-18T22:29:20.882109
e5b7925bbd0d,api_error,,0,0,2026-02-18T22:29:21.656255
620ff2db14d2,api_error,,0,0,2026-02-18T22:29:22.443337
a73e50b5170b,api_error,,0,0,2026-02-18T22:29:23.206412
51dbb2601ca0,api_error,,0,0,2026-02-18T22:29:23.958884
30754975ac66,api_error,,0,0,2026-02-18T22:29:24.821450
120654bbe5f9,api_error,,0,0,2026-02-18T22:29:25.589620
fb225ff66ff0,api_error,,0,0,2026-02-18T22:29:26.388176
f756d6d96087,api_error,,0,0,2026-02-18T22:29:27.217139
b406cd355935,ok,high,7,835,2026-02-18T22:29:27.567516
16e5429abde5,api_error,,0,0,2026-02-18T22:29:27.975293
059dd93075fc,api_error,,0,0,2026-02-18T22:29:28.729251
8a5aceeeec67,api_error,,0,0,2026-02-18T22:29:29.495866
83e2114473f1,api_error,,0,0,2026-02-18T22:29:30.289656
1836a5b585a0,api_error,,0,0,2026-02-18T22:29:31.161491
148879cc54ad,api_error,,0,0,2026-02-18T22:29:31.920320
5f324143712f,ok,high,3,750,2026-02-18T22:29:32.411714
4119ea5c6a86,api_error,,0,0,2026-02-18T22:29:32.748479
cffcd89ddf27,api_error,,0,0,2026-02-18T22:29:33.498370
9bcf71b00cfd,api_error,,0,0,2026-02-18T22:29:34.314378
c86e87214551,api_error,,0,0,2026-02-18T22:29:35.086950
918a60af83cf,api_error,,0,0,2026-02-18T22:29:35.834846
f7e38eb16571,api_error,,0,0,2026-02-18T22:29:36.639030
53483111d9d1,api_error,,0,0,2026-02-18T22:29:37.444643
c244fb4fc61e,api_error,,0,0,2026-02-18T22:29:38.251434
de760699bc16,api_error,,0,0,2026-02-18T22:29:39.044831
4cfac9c894a0,api_error,,0,0,2026-02-18T22:29:39.827295
6ab4d0a98211,api_error,,0,0,2026-02-18T22:29:40.699655
8c0f6d1ac746,api_error,,0,0,2026-02-18T22:29:41.494834
c8602fbcbc2f,api_error,,0,0,2026-02-18T22:29:42.266580
9035d341b597,api_error,,0,0,2026-02-18T22:29:43.081605
b0700688db78,api_error,,0,0,2026-02-18T22:29:43.829267
b45136122d5c,api_error,,0,0,2026-02-18T22:29:44.606294
adcce146409c,api_error,,0,0,2026-02-18T22:29:45.364231
bc7f08d308a0,api_error,,0,0,2026-02-18T22:29:46.134480
441c5e94a15f,api_error,,0,0,2026-02-18T22:29:46.900330
3d76bfafceab,ok,high,10,1622,2026-02-18T22:29:47.311438
d662d031020c,api_error,,0,0,2026-02-18T22:29:47.674333
8198221d3258,api_error,,0,0,2026-02-18T22:29:48.419262
77b661d2864e,api_error,,0,0,2026-02-18T22:29:49.178215
f727a7357153,api_error,,0,0,2026-02-18T22:29:49.953941
4077cd670ca1,api_error,,0,0,2026-02-18T22:29:50.716497
dd51dc647c6f,api_error,,0,0,2026-02-18T22:29:51.491304
4077cd670ca1,api_error,,0,0,2026-02-18T22:29:52.265748
93d46dedc641,api_error,,0,0,2026-02-18T22:29:53.052352
07a5ae249377,api_error,,0,0,2026-02-18T22:29:53.810583
a9e97bf6fbba,ok,high,4,833,2026-02-18T22:29:54.155631
7c1ddfc74967,api_error,,0,0,2026-02-18T22:29:54.735405
541d9b7855ee,api_error,,0,0,2026-02-18T22:29:55.577375
b0c1c7322acb,api_error,,0,0,2026-02-18T22:29:56.330748
4fb69ecb80d7,api_error,,0,0,2026-02-18T22:29:57.112063
6ceaad6bcf84,api_error,,0,0,2026-02-18T22:29:57.868414
1820ba461aba,api_error,,0,0,2026-02-18T22:29:58.636015
1ebb94feb71b,api_error,,0,0,2026-02-18T22:29:59.739557
f9c11152d6ae,api_error,,0,0,2026-02-18T22:30:00.505345
4d8d2d43f3ff,api_error,,0,0,2026-02-18T22:30:01.277198
16d42e91b5dc,api_error,,0,0,2026-02-18T22:30:02.112001
d98e6fa7c27e,api_error,,0,0,2026-02-18T22:30:02.946282
110a4abc2c45,api_error,,0,0,2026-02-18T22:30:03.704634
78160999eefc,api_error,,0,0,2026-02-18T22:30:04.540397
af375a31d373,api_error,,0,0,2026-02-18T22:30:05.355894
3d7a9cb1169e,ok,high,8,817,2026-02-18T22:30:05.446717
7889c196fe7d,api_error,,0,0,2026-02-18T22:30:06.134635
81b8b88a526b,api_error,,0,0,2026-02-18T22:30:07.055973
f13c76e8977d,api_error,,0,0,2026-02-18T22:30:07.831227
178d53d06ce3,api_error,,0,0,2026-02-18T22:30:08.628754
67c449f95fad,api_error,,0,0,2026-02-18T22:30:09.396096
67c449f95fad,api_error,,0,0,2026-02-18T22:30:10.169056
04f489382da9,api_error,,0,0,2026-02-18T22:30:11.144946
0ec282a4eb6e,api_error,,0,0,2026-02-18T22:30:11.916622
cc71f136248b,api_error,,0,0,2026-02-18T22:30:12.736939
6ec10c8bedf3,api_error,,0,0,2026-02-18T22:30:13.520107
1adea5aa6181,api_error,,0,0,2026-02-18T22:30:14.308157
d85a41715121,api_error,,0,0,2026-02-18T22:30:15.107994
9320521fe0d9,api_error,,0,0,2026-02-18T22:30:15.874942
42e1859514cf,api_error,,0,0,2026-02-18T22:30:16.629274
bf314667acff,api_error,,0,0,2026-02-18T22:30:17.455245
94d3e9526d99,ok,high,9,844,2026-02-18T22:30:17.868575
ca460c553b3d,api_error,,0,0,2026-02-18T22:30:18.253352
7cd9e3185a1a,api_error,,0,0,2026-02-18T22:30:19.081627
a6a50b2f4c47,api_error,,0,0,2026-02-18T22:30:19.907341
ddcc1f0e7e09,api_error,,0,0,2026-02-18T22:30:20.705639
3b499220a7cc,api_error,,0,0,2026-02-18T22:30:21.753967
da95f7f73109,api_error,,0,0,2026-02-18T22:30:22.568297
6e0e880cb286,ok,high,3,457,2026-02-18T22:30:22.849839
96620ae6f5e7,api_error,,0,0,2026-02-18T22:30:23.322073
8752b85771b0,api_error,,0,0,2026-02-18T22:30:24.124306
00407f2aab2d,api_error,,0,0,2026-02-18T22:30:24.978618
4ad9b4274203,api_error,,0,0,2026-02-18T22:30:25.751271
e0acdad72106,api_error,,0,0,2026-02-18T22:30:26.541915
48cc1657971d,api_error,,0,0,2026-02-18T22:30:27.326493
96757035f6df,api_error,,0,0,2026-02-18T22:30:28.136579
5085719717d4,api_error,,0,0,2026-02-18T22:30:28.887999
86d24346f49c,api_error,,0,0,2026-02-18T22:30:29.673003
fc328c95f3a3,ok,high,4,826,2026-02-18T22:30:30.080698
447d236f5198,api_error,,0,0,2026-02-18T22:30:30.437796
dfd4f5a57dbe,api_error,,0,0,2026-02-18T22:30:31.202899
9aef4b61ab88,api_error,,0,0,2026-02-18T22:30:32.032069
754fd2510ed6,api_error,,0,0,2026-02-18T22:30:32.814494
a66a766d29be,api_error,,0,0,2026-02-18T22:30:33.793232
f0857c55162f,ok,high,2,452,2026-02-18T22:30:34.446545
0b436cd4b78d,api_error,,0,0,2026-02-18T22:30:34.549652
3b85dee7b64f,api_error,,0,0,2026-02-18T22:30:35.364244
356e535b8810,api_error,,0,0,2026-02-18T22:30:36.146977
b0893c175f1a,api_error,,0,0,2026-02-18T22:30:36.927566
04ac94a46e8f,api_error,,0,0,2026-02-18T22:30:37.719774
e12756312011,api_error,,0,0,2026-02-18T22:30:38.607311
bb822441f230,api_error,,0,0,2026-02-18T22:30:39.378133
7202cafc92ec,api_error,,0,0,2026-02-18T22:30:40.142170
fb3b017c8715,api_error,,0,0,2026-02-18T22:30:40.908300
a6a9214d9337,ok,high,4,826,2026-02-18T22:30:41.019870
aef0dde5e678,api_error,,0,0,2026-02-18T22:30:41.747910
f29894abeb99,api_error,,0,0,2026-02-18T22:30:42.528022
f29894abeb99,api_error,,0,0,2026-02-18T22:30:43.331355
866ac9598b3a,api_error,,0,0,2026-02-18T22:30:44.284609
99d6d7d02a08,ok,high,2,400,2026-02-18T22:30:44.694122
b66a3f8743c0,api_error,,0,0,2026-02-18T22:30:45.054182
673b22764b9f,api_error,,0,0,2026-02-18T22:30:45.818412
aa8e9d82f521,api_error,,0,0,2026-02-18T22:30:46.582866
aa48845ff53d,api_error,,0,0,2026-02-18T22:30:47.355524
d260cdfc5843,api_error,,0,0,2026-02-18T22:30:48.116741
5350ad619685,api_error,,0,0,2026-02-18T22:30:48.935611
a5de981e9f28,api_error,,0,0,2026-02-18T22:30:49.693692
494a99cb201a,api_error,,0,0,2026-02-18T22:30:50.554309
499d6e980498,api_error,,0,0,2026-02-18T22:30:51.316212
125e4b9d48be,ok,high,5,941,2026-02-18T22:30:51.923086
d0a03f9100dc,api_error,,0,0,2026-02-18T22:30:52.071460
c1bc4eaabb16,api_error,,0,0,2026-02-18T22:30:52.841261
c39b09849fb0,api_error,,0,0,2026-02-18T22:30:53.646135
ef8262a0c26c,api_error,,0,0,2026-02-18T22:30:54.436509
f41cb3daf6a9,api_error,,0,0,2026-02-18T22:30:55.263483
474751004217,api_error,,0,0,2026-02-18T22:30:56.028848
d6c9f889b0bf,api_error,,0,0,2026-02-18T22:30:56.782054
df64ecc7e893,api_error,,0,0,2026-02-18T22:30:57.552275
ee6c79d42a0a,api_error,,0,0,2026-02-18T22:30:58.308845
f81eb58347b9,api_error,,0,0,2026-02-18T22:30:59.081058
be54069e4c87,api_error,,0,0,2026-02-18T22:30:59.853147
6806b84a7aa5,api_error,,0,0,2026-02-18T22:31:00.616215
b2ace78d3539,api_error,,0,0,2026-02-18T22:31:01.384314
6806b84a7aa5,api_error,,0,0,2026-02-18T22:31:02.155027
8b85967ef2d0,ok,high,7,807,2026-02-18T22:31:02.916133
209a4c5dc616,api_error,,0,0,2026-02-18T22:31:02.920831
9e0ce8a05996,api_error,,0,0,2026-02-18T22:31:03.715553
2ff563fefc7c,api_error,,0,0,2026-02-18T22:31:04.473977
a922ec4d10df,api_error,,0,0,2026-02-18T22:31:05.246383
f7b284acdc9d,api_error,,0,0,2026-02-18T22:31:06.021515
5c83e0c17b84,api_error,,0,0,2026-02-18T22:31:06.800395
92f513ca1547,api_error,,0,0,2026-02-18T22:31:07.654818
4ca99e58828a,api_error,,0,0,2026-02-18T22:31:08.422336
c0c704f8fd16,api_error,,0,0,2026-02-18T22:31:09.248409
f3a5384a5eb3,ok,high,4,848,2026-02-18T22:31:09.533027
8e75c3e6a6e4,api_error,,0,0,2026-02-18T22:31:10.015744
f95a3b912ade,api_error,,0,0,2026-02-18T22:31:10.807300
7a0c119d071b,api_error,,0,0,2026-02-18T22:31:11.578549
0d81d0bd395b,api_error,,0,0,2026-02-18T22:31:12.394565
53b24715d99a,api_error,,0,0,2026-02-18T22:31:13.203797
ef84c58c06cf,api_error,,0,0,2026-02-18T22:31:13.963884
656df89bde0d,api_error,,0,0,2026-02-18T22:31:14.740944
c8e8ae3e7d4f,api_error,,0,0,2026-02-18T22:31:15.499573
ccd491f2189d,api_error,,0,0,2026-02-18T22:31:16.260018
1b2335e3e6b1,ok,high,4,637,2026-02-18T22:31:16.928711
c8e8ae3e7d4f,api_error,,0,0,2026-02-18T22:31:17.033996
d0087aacd520,api_error,,0,0,2026-02-18T22:31:17.948022
2e5cae7290dc,api_error,,0,0,2026-02-18T22:31:18.777800
0f04ad52ef51,api_error,,0,0,2026-02-18T22:31:19.580585
98374eb2ea2a,api_error,,0,0,2026-02-18T22:31:20.337653
35721ccd8e61,api_error,,0,0,2026-02-18T22:31:21.087748
ae126bb3a7ea,api_error,,0,0,2026-02-18T22:31:21.859509
572361835a9a,ok,high,3,1132,2026-02-18T22:31:22.321888
6b05eb957953,api_error,,0,0,2026-02-18T22:31:22.597012
d40ed71b29c7,api_error,,0,0,2026-02-18T22:31:23.357071
9c10e49b07a8,api_error,,0,0,2026-02-18T22:31:24.109095
d2ec11c0fd9d,api_error,,0,0,2026-02-18T22:31:24.885818
b434ac167443,api_error,,0,0,2026-02-18T22:31:25.655361
0d3651687fd6,api_error,,0,0,2026-02-18T22:31:26.405295
ffe82590b08f,api_error,,0,0,2026-02-18T22:31:27.325220
45e72d7fb3c3,api_error,,0,0,2026-02-18T22:31:28.093112
9409b5b229a7,api_error,,0,0,2026-02-18T22:31:28.885786
19e523254f8c,api_error,,0,0,2026-02-18T22:31:29.646837
2400255d151e,api_error,,0,0,2026-02-18T22:31:30.471116
74743c5201d5,ok,high,5,631,2026-02-18T22:31:30.969225
41b7c577cdca,api_error,,0,0,2026-02-18T22:31:31.243902
8df99b91b262,api_error,,0,0,2026-02-18T22:31:32.082461
f7d8132ac627,api_error,,0,0,2026-02-18T22:31:32.862081
dcd79af03f46,api_error,,0,0,2026-02-18T22:31:33.636479
65aa51b850eb,api_error,,0,0,2026-02-18T22:31:34.418627
9354897e82fb,api_error,,0,0,2026-02-18T22:31:35.208673
cf9e1b597b90,api_error,,0,0,2026-02-18T22:31:35.980387
fa29d60d5a7f,api_error,,0,0,2026-02-18T22:31:36.737683
1333dd863d0c,api_error,,0,0,2026-02-18T22:31:37.522452
61c8c527a551,ok,high,4,637,2026-02-18T22:31:37.627318
08077d76fa00,api_error,,0,0,2026-02-18T22:31:38.265070
e7909ca05d60,api_error,,0,0,2026-02-18T22:31:39.013023
fc0e4dc6c0ae,api_error,,0,0,2026-02-18T22:31:39.781191
28cae60d2db4,ok,high,1,360,2026-02-18T22:31:40.540614
e2f4abdca365,api_error,,0,0,2026-02-18T22:31:40.849464
a6f94d9b7f09,api_error,,0,0,2026-02-18T22:31:41.612410
adf43cf73f44,api_error,,0,0,2026-02-18T22:31:42.364994
cbc37e8079f6,api_error,,0,0,2026-02-18T22:31:43.183104
2fdf0fa9f133,api_error,,0,0,2026-02-18T22:31:43.957928
fced278517cf,api_error,,0,0,2026-02-18T22:31:44.766354
29a2afa0df12,api_error,,0,0,2026-02-18T22:31:45.537763
34cf6781e2a4,ok,high,3,950,2026-02-18T22:31:45.657396
9e3c7a9b3f08,api_error,,0,0,2026-02-18T22:31:46.302079
36e5424bbd59,api_error,,0,0,2026-02-18T22:31:47.047282
13852b9af6fa,api_error,,0,0,2026-02-18T22:31:47.925200
c03d1750e09b,api_error,,0,0,2026-02-18T22:31:48.732434
c13a3012b2e6,ok,high,2,227,2026-02-18T22:31:49.474128
07274b6b6b2a,api_error,,0,0,2026-02-18T22:31:49.522124
b9f80ee4b717,api_error,,0,0,2026-02-18T22:31:50.292200
aa30c4314945,api_error,,0,0,2026-02-18T22:31:51.044210
8f6d9ccb4b57,api_error,,0,0,2026-02-18T22:31:51.802542
5114653ddb71,ok,none,1,0,2026-02-18T22:31:52.413821
4dc78756c6a5,api_error,,0,0,2026-02-18T22:31:52.561537
43a33d63bbdc,api_error,,0,0,2026-02-18T22:31:53.323838
570af5d3be25,api_error,,0,0,2026-02-18T22:31:54.126604
cdc6cdc154e3,api_error,,0,0,2026-02-18T22:31:54.877925
e1b5529075fb,ok,high,1,270,2026-02-18T22:31:55.527067
cdc6cdc154e3,api_error,,0,0,2026-02-18T22:31:55.641974
12a408d246ad,api_error,,0,0,2026-02-18T22:31:56.410790
de445803e013,api_error,,0,0,2026-02-18T22:31:57.193802
cfec4a3c051f,api_error,,0,0,2026-02-18T22:31:57.961899
44c579509799,ok,none,1,0,2026-02-18T22:31:58.344991
4606ea1ae34f,api_error,,0,0,2026-02-18T22:31:58.729750
82b1137fc246,api_error,,0,0,2026-02-18T22:31:59.552232
24b4bb22b524,api_error,,0,0,2026-02-18T22:32:00.338854
d26e2efcdea7,api_error,,0,0,2026-02-18T22:32:01.089256
24b4bb22b524,api_error,,0,0,2026-02-18T22:32:01.851151
d312121edd8b,ok,high,2,165,2026-02-18T22:32:02.159505
4606ea1ae34f,api_error,,0,0,2026-02-18T22:32:02.618933
0277a71d5fb3,api_error,,0,0,2026-02-18T22:32:03.443638
e2600d87093d,api_error,,0,0,2026-02-18T22:32:04.213994
ac6cf1335b3b,api_error,,0,0,2026-02-18T22:32:04.974277
be1a7d87a265,api_error,,0,0,2026-02-18T22:32:05.742986
2b776fb5a327,api_error,,0,0,2026-02-18T22:32:06.482543
a99db70facf1,api_error,,0,0,2026-02-18T22:32:07.292004
7bd79bd4a487,api_error,,0,0,2026-02-18T22:32:08.050673
63f966c1594f,api_error,,0,0,2026-02-18T22:32:08.873258
45ebc49735d5,api_error,,0,0,2026-02-18T22:32:09.648451
4dea1910f5b1,api_error,,0,0,2026-02-18T22:32:10.430917
418445f77e93,api_error,,0,0,2026-02-18T22:32:11.208434
cef212a9b91d,ok,high,6,587,2026-02-18T22:32:11.831096
7c0134402685,api_error,,0,0,2026-02-18T22:32:11.994891
417de079a3c9,api_error,,0,0,2026-02-18T22:32:12.805743
082cd44c1a11,api_error,,0,0,2026-02-18T22:32:13.573664
082cd44c1a11,api_error,,0,0,2026-02-18T22:32:14.354759
1d6deb725d0e,ok,none,1,0,2026-02-18T22:32:14.696664
dc9cea7b720b,api_error,,0,0,2026-02-18T22:32:15.142244
f5084e1fb14f,api_error,,0,0,2026-02-18T22:32:15.884859
93eb815be090,api_error,,0,0,2026-02-18T22:32:16.637666
e589e7eb9cff,api_error,,0,0,2026-02-18T22:32:17.461542
ee15602c6da6,ok,high,1,280,2026-02-18T22:32:18.143933
e589e7eb9cff,api_error,,0,0,2026-02-18T22:32:18.248358
86e8977fc86c,api_error,,0,0,2026-02-18T22:32:19.049207
1f0a6aae83a7,api_error,,0,0,2026-02-18T22:32:19.809877
1f0a6aae83a7,api_error,,0,0,2026-02-18T22:32:20.592281
35bea018ec35,api_error,,0,0,2026-02-18T22:32:21.376902
eade7709a2b4,ok,high,2,330,2026-02-18T22:32:22.051032
233ce460c2f2,api_error,,0,0,2026-02-18T22:32:22.236576
40346ea80825,api_error,,0,0,2026-02-18T22:32:22.988259
455f4a60f74e,api_error,,0,0,2026-02-18T22:32:23.762268
5dbbc38df26c,api_error,,0,0,2026-02-18T22:32:24.537875
40346ea80825,api_error,,0,0,2026-02-18T22:32:25.310262
8f1362622403,api_error,,0,0,2026-02-18T22:32:26.100984
d738c6547645,api_error,,0,0,2026-02-18T22:32:26.864140
91c2a26e0bd3,api_error,,0,0,2026-02-18T22:32:27.756061
f04ea89e8071,ok,high,3,559,2026-02-18T22:32:28.352164
91c2a26e0bd3,api_error,,0,0,2026-02-18T22:32:28.504859
3e49906bcae1,api_error,,0,0,2026-02-18T22:32:29.256011
67c6aa0f17b7,api_error,,0,0,2026-02-18T22:32:30.041531
b7a70a351db7,api_error,,0,0,2026-02-18T22:32:30.898981
00bac090f4b9,api_error,,0,0,2026-02-18T22:32:31.680320
25e8300a29fd,api_error,,0,0,2026-02-18T22:32:32.457083
e7e62ca96e3b,api_error,,0,0,2026-02-18T22:32:33.212127
b3c6be360cfd,ok,high,3,499,2026-02-18T22:32:33.832579
a3ddecfe9dfc,api_error,,0,0,2026-02-18T22:32:33.974623
18b75675c97b,api_error,,0,0,2026-02-18T22:32:34.751106
eaa32b2bedeb,api_error,,0,0,2026-02-18T22:32:35.590788
e7561d30da5c,api_error,,0,0,2026-02-18T22:32:36.359394
12213399b617,api_error,,0,0,2026-02-18T22:32:37.148545
b801a07ff22f,ok,none,1,0,2026-02-18T22:32:37.162042
4c9de8e6212c,api_error,,0,0,2026-02-18T22:32:37.912063
e7561d30da5c,api_error,,0,0,2026-02-18T22:32:38.672095
10d303f6e13e,api_error,,0,0,2026-02-18T22:32:39.431544
40b4ac8825cc,api_error,,0,0,2026-02-18T22:32:40.196539
86ac42d144a0,api_error,,0,0,2026-02-18T22:32:40.953243
cfcd97a39081,ok,high,2,227,2026-02-18T22:32:41.257875
8919272151b2,api_error,,0,0,2026-02-18T22:32:41.738549
dd19cb7c2e8e,api_error,,0,0,2026-02-18T22:32:42.564027
417110f632c3,api_error,,0,0,2026-02-18T22:32:43.342527
3af6d633c804,api_error,,0,0,2026-02-18T22:32:44.111961
fd84dc55b61b,api_error,,0,0,2026-02-18T22:32:44.861696
89453c67ded4,api_error,,0,0,2026-02-18T22:32:45.650873
914a1b6b0bd7,api_error,,0,0,2026-02-18T22:32:46.434007
58644ac8d573,api_error,,0,0,2026-02-18T22:32:47.211713
8c1bbb761175,api_error,,0,0,2026-02-18T22:32:48.024179
19521a3f5d21,api_error,,0,0,2026-02-18T22:32:48.786884
8c1bbb761175,api_error,,0,0,2026-02-18T22:32:49.552224
44a97edd099b,api_error,,0,0,2026-02-18T22:32:50.309224
52c595d4746f,api_error,,0,0,2026-02-18T22:32:51.070590
fe6537f04e40,api_error,,0,0,2026-02-18T22:32:51.978179
e7ca3c4932f9,api_error,,0,0,2026-02-18T22:32:52.757543
f05e43fe884e,api_error,,0,0,2026-02-18T22:32:53.501458
8aa1345ab882,api_error,,0,0,2026-02-18T22:32:54.333031
ecd93a7f9e1a,json_error,,0,0,2026-02-18T22:32:55.017614
11fc933ed36d,api_error,,0,0,2026-02-18T22:32:55.084268
f848bcb20040,api_error,,0,0,2026-02-18T22:32:55.850691
f748183e682a,api_error,,0,0,2026-02-18T22:32:56.643368
800e45637e9e,api_error,,0,0,2026-02-18T22:32:57.447857
142d7ebb6d75,api_error,,0,0,2026-02-18T22:32:58.224970
800e45637e9e,api_error,,0,0,2026-02-18T22:32:58.991311
7cdf1643e588,api_error,,0,0,2026-02-18T22:32:59.747757
06016b81ae62,api_error,,0,0,2026-02-18T22:33:00.567683
52fd345f43cd,api_error,,0,0,2026-02-18T22:33:01.316683
732b0d881c81,api_error,,0,0,2026-02-18T22:33:02.092115
d2c92f716de7,api_error,,0,0,2026-02-18T22:33:02.871886
35581c3bbb24,api_error,,0,0,2026-02-18T22:33:03.680259
9fa0c9d771d8,api_error,,0,0,2026-02-18T22:33:04.452908
1e532964c01e,api_error,,0,0,2026-02-18T22:33:05.210208
8c0e18d4bd01,api_error,,0,0,2026-02-18T22:33:05.976658
fb2bac4a248b,api_error,,0,0,2026-02-18T22:33:06.770319
8405caa6da3a,api_error,,0,0,2026-02-18T22:33:07.561636
ba08e9b3b77d,json_error,,0,0,2026-02-18T22:33:08.013426
39187599c138,api_error,,0,0,2026-02-18T22:33:08.353572
2798f6fb798e,api_error,,0,0,2026-02-18T22:33:09.107931
9545377d9227,api_error,,0,0,2026-02-18T22:33:09.855646
34671f371626,api_error,,0,0,2026-02-18T22:33:10.708506
ec1d5a5bcdac,api_error,,0,0,2026-02-18T22:33:11.560276
2798f6fb798e,api_error,,0,0,2026-02-18T22:33:12.325286
def9cff62423,ok,high,3,670,2026-02-18T22:33:12.890623
187f9af679d6,api_error,,0,0,2026-02-18T22:33:13.197124
5b948b284a8b,api_error,,0,0,2026-02-18T22:33:14.019257
aff8c25df82a,api_error,,0,0,2026-02-18T22:33:14.759548
0ee6b39af2e4,api_error,,0,0,2026-02-18T22:33:15.604715
a3536100058f,api_error,,0,0,2026-02-18T22:33:16.364823
c09d88243bbd,api_error,,0,0,2026-02-18T22:33:17.145603
8d6057aaee88,api_error,,0,0,2026-02-18T22:33:17.941445
996aed8cc4c8,api_error,,0,0,2026-02-18T22:33:18.844799
14510aa6568a,ok,high,4,1305,2026-02-18T22:33:19.122060
23bcfaa67994,api_error,,0,0,2026-02-18T22:33:19.607857
09321b121e2f,api_error,,0,0,2026-02-18T22:33:20.392988
71974119a723,api_error,,0,0,2026-02-18T22:33:21.138200
95f56ba75f78,api_error,,0,0,2026-02-18T22:33:21.977745
95f56ba75f78,api_error,,0,0,2026-02-18T22:33:22.728187
a5277cf1b4ab,api_error,,0,0,2026-02-18T22:33:23.509596
101d641498b3,ok,high,3,600,2026-02-18T22:33:23.920016
082d61be7eea,api_error,,0,0,2026-02-18T22:33:24.258276
1326c94b7c5a,api_error,,0,0,2026-02-18T22:33:25.023984
7c7fe4da55f9,api_error,,0,0,2026-02-18T22:33:25.792758
8d102e476a0f,api_error,,0,0,2026-02-18T22:33:26.555104
7f56e1db0fc0,api_error,,0,0,2026-02-18T22:33:27.308034
307bbd664d87,api_error,,0,0,2026-02-18T22:33:28.063988
6b0934531c43,ok,high,3,600,2026-02-18T22:33:28.594378
ae225653cfd3,api_error,,0,0,2026-02-18T22:33:28.823490
7f33463adc19,api_error,,0,0,2026-02-18T22:33:29.572081
2d7642e1ac36,api_error,,0,0,2026-02-18T22:33:30.330946
431843719d35,api_error,,0,0,2026-02-18T22:33:31.155659
2d7642e1ac36,api_error,,0,0,2026-02-18T22:33:31.919113
b3ffd7781356,api_error,,0,0,2026-02-18T22:33:32.678518
e79e11fd50e4,api_error,,0,0,2026-02-18T22:33:33.432439
e7a739e85f87,api_error,,0,0,2026-02-18T22:33:34.194203
e04896a4ab6f,api_error,,0,0,2026-02-18T22:33:34.965990
537f1e838bf3,ok,high,4,1000,2026-02-18T22:33:35.012099
e3da8717d163,api_error,,0,0,2026-02-18T22:33:35.758029
6c646a47e0f7,api_error,,0,0,2026-02-18T22:33:36.511662
105742548a38,api_error,,0,0,2026-02-18T22:33:37.268601
6e8002f021db,api_error,,0,0,2026-02-18T22:33:38.175344
6e8002f021db,api_error,,0,0,2026-02-18T22:33:38.928577
2b8d7bc40c79,api_error,,0,0,2026-02-18T22:33:39.685579
c6e0b22e63a0,api_error,,0,0,2026-02-18T22:33:40.465987
1c4d03ee6530,api_error,,0,0,2026-02-18T22:33:41.302546
b9b293156bfb,ok,high,5,882,2026-02-18T22:33:41.736805
68e2565b94e9,api_error,,0,0,2026-02-18T22:33:42.052789
48284da7df61,api_error,,0,0,2026-02-18T22:33:42.819393
7cf19949ecf2,api_error,,0,0,2026-02-18T22:33:43.554867
6995415e92de,api_error,,0,0,2026-02-18T22:33:44.301918
22bea8b25520,ok,none,1,0,2026-02-18T22:33:44.607560
ea4f3c63235b,api_error,,0,0,2026-02-18T22:33:45.051396
ea4f3c63235b,api_error,,0,0,2026-02-18T22:33:45.809100
6995415e92de,api_error,,0,0,2026-02-18T22:33:46.610672
ce4c1b8d56a2,api_error,,0,0,2026-02-18T22:33:47.473922
65bb685516f4,api_error,,0,0,2026-02-18T22:33:48.222718
58934e96a7ae,api_error,,0,0,2026-02-18T22:33:48.990960
70b83e6dc23c,api_error,,0,0,2026-02-18T22:33:49.762059
70b83e6dc23c,api_error,,0,0,2026-02-18T22:33:50.513359
0ee8b93d264d,api_error,,0,0,2026-02-18T22:33:51.277785
5adcff400bfb,ok,high,5,1202,2026-02-18T22:33:51.826034
c44140da7f99,api_error,,0,0,2026-02-18T22:33:52.080201
dd58c29fb197,api_error,,0,0,2026-02-18T22:33:52.856962
75c69276f622,api_error,,0,0,2026-02-18T22:33:53.608391
fbb8a638e549,api_error,,0,0,2026-02-18T22:33:54.351533
0f5d3f8e0e27,api_error,,0,0,2026-02-18T22:33:55.186672
8fe20e31c70a,api_error,,0,0,2026-02-18T22:33:55.950460
c4946702e592,api_error,,0,0,2026-02-18T22:33:56.720114
072b689a4fbe,ok,high,3,539,2026-02-18T22:33:56.917814
b7fde81fe650,api_error,,0,0,2026-02-18T22:33:57.482443
76cfb846358e,api_error,,0,0,2026-02-18T22:33:58.367383
7af0786a218b,api_error,,0,0,2026-02-18T22:33:59.204528
6e61e60ce11c,api_error,,0,0,2026-02-18T22:33:59.972549
205c50dbfe0f,api_error,,0,0,2026-02-18T22:34:00.723016
7af0786a218b,api_error,,0,0,2026-02-18T22:34:01.475915
62207d08bb34,api_error,,0,0,2026-02-18T22:34:02.244798
42c61743a770,api_error,,0,0,2026-02-18T22:34:03.010085
cc1d820ea9d2,api_error,,0,0,2026-02-18T22:34:03.763139
ca3ca78689db,ok,high,4,620,2026-02-18T22:34:04.271929
edae18de67bc,api_error,,0,0,2026-02-18T22:34:04.530299
d7357f8860cb,api_error,,0,0,2026-02-18T22:34:05.499867
c9f99004ed6b,api_error,,0,0,2026-02-18T22:34:06.252448
25e74f814bb1,api_error,,0,0,2026-02-18T22:34:07.046297
ee18cbc077fa,api_error,,0,0,2026-02-18T22:34:07.812208
d4f62aa51dbd,api_error,,0,0,2026-02-18T22:34:08.575122
b3c7dfe5aee7,api_error,,0,0,2026-02-18T22:34:09.334334
212e283d53e9,ok,high,3,342,2026-02-18T22:34:09.908223
9a2b16ae0da8,api_error,,0,0,2026-02-18T22:34:10.115689
0e5ad21c2cae,api_error,,0,0,2026-02-18T22:34:10.867752
2171a7376434,api_error,,0,0,2026-02-18T22:34:11.600633
2171a7376434,api_error,,0,0,2026-02-18T22:34:12.347250
7c85b5efb957,api_error,,0,0,2026-02-18T22:34:13.103948
2171a7376434,api_error,,0,0,2026-02-18T22:34:13.875311
949eef1fe4c6,api_error,,0,0,2026-02-18T22:34:14.680539
09ef7451b3b9,api_error,,0,0,2026-02-18T22:34:15.460784
59620b9279ad,api_error,,0,0,2026-02-18T22:34:16.244556
64988525733e,ok,high,4,1346,2026-02-18T22:34:16.824861
b7a4805dca32,api_error,,0,0,2026-02-18T22:34:17.013857
a8087358fd80,api_error,,0,0,2026-02-18T22:34:17.751597
b2b37445b1f6,api_error,,0,0,2026-02-18T22:34:18.502765
a8087358fd80,api_error,,0,0,2026-02-18T22:34:19.258975
c4abce173518,api_error,,0,0,2026-02-18T22:34:20.006827
b2b37445b1f6,api_error,,0,0,2026-02-18T22:34:20.758161
82dfbc8d5884,api_error,,0,0,2026-02-18T22:34:21.520747
82dfbc8d5884,api_error,,0,0,2026-02-18T22:34:22.279260
49634f8029be,api_error,,0,0,2026-02-18T22:34:23.059116
9f30fac5c5c4,api_error,,0,0,2026-02-18T22:34:23.809614
9f30fac5c5c4,api_error,,0,0,2026-02-18T22:34:24.580808
b21e1faf733c,api_error,,0,0,2026-02-18T22:34:25.326723
e59083827d73,ok,high,5,1157,2026-02-18T22:34:25.435898
4e4b2531c7e8,api_error,,0,0,2026-02-18T22:34:26.077801
b27d0da850b2,api_error,,0,0,2026-02-18T22:34:26.843533
2f2480c67210,api_error,,0,0,2026-02-18T22:34:27.633854
577c26e4f049,api_error,,0,0,2026-02-18T22:34:28.381594
bd58ece311d6,api_error,,0,0,2026-02-18T22:34:29.184506
a5cb3f5b5198,api_error,,0,0,2026-02-18T22:34:29.939752
8f8303e272ff,ok,high,3,813,2026-02-18T22:34:30.275471
af13715f4b39,api_error,,0,0,2026-02-18T22:34:30.715770
17650af4d77f,api_error,,0,0,2026-02-18T22:34:31.638341
17650af4d77f,api_error,,0,0,2026-02-18T22:34:32.406992
d3a7f89e437d,api_error,,0,0,2026-02-18T22:34:33.173700
c6d1e59c18e3,api_error,,0,0,2026-02-18T22:34:33.940357
4be136e2539e,api_error,,0,0,2026-02-18T22:34:34.686064
ddee763cbbe7,api_error,,0,0,2026-02-18T22:34:35.432538
f63eb8bfd690,api_error,,0,0,2026-02-18T22:34:36.169578
af909c3cf7eb,api_error,,0,0,2026-02-18T22:34:36.943485
8008059c7a44,ok,high,4,1560,2026-02-18T22:34:37.175979
af909c3cf7eb,api_error,,0,0,2026-02-18T22:34:37.702372
a18779b121b2,api_error,,0,0,2026-02-18T22:34:38.456516
2d418e6cfa79,api_error,,0,0,2026-02-18T22:34:39.209386
861763b90225,api_error,,0,0,2026-02-18T22:34:39.979259
e3d05819c58c,api_error,,0,0,2026-02-18T22:34:40.766489
351e5cac9856,api_error,,0,0,2026-02-18T22:34:41.507005
c53b3b7815a7,api_error,,0,0,2026-02-18T22:34:42.266081
1d4a84053179,api_error,,0,0,2026-02-18T22:34:43.035555
083ce044c28e,api_error,,0,0,2026-02-18T22:34:43.779255
7a549f161664,ok,high,4,1380,2026-02-18T22:34:43.928280
2813679b25e8,api_error,,0,0,2026-02-18T22:34:44.517820
e166652deca6,api_error,,0,0,2026-02-18T22:34:45.263751
89865cb969b1,api_error,,0,0,2026-02-18T22:34:46.055066
083ce044c28e,api_error,,0,0,2026-02-18T22:34:46.795994
86649f46b865,api_error,,0,0,2026-02-18T22:34:47.556934
04c16a7015cb,api_error,,0,0,2026-02-18T22:34:48.368444
afee3b2fef9e,api_error,,0,0,2026-02-18T22:34:49.126198
1a1340bf48e9,api_error,,0,0,2026-02-18T22:34:49.983230
96b8b3dc1dcc,ok,high,4,1020,2026-02-18T22:34:50.539698
070d907b88f4,api_error,,0,0,2026-02-18T22:34:50.760795
520e8b42629c,api_error,,0,0,2026-02-18T22:34:51.623165
26845912d79b,ok,none,0,0,2026-02-18T22:34:52.091396
d448bd480aed,api_error,,0,0,2026-02-18T22:34:52.404652
ec1768b9b8af,api_error,,0,0,2026-02-18T22:34:53.152569
d245587b80cf,api_error,,0,0,2026-02-18T22:34:53.920546
b6217ca5aad0,api_error,,0,0,2026-02-18T22:34:54.677188
be109a1b830f,api_error,,0,0,2026-02-18T22:34:55.430104
a3909804f5df,api_error,,0,0,2026-02-18T22:34:56.193019
bb69ca71c097,ok,high,2,270,2026-02-18T22:34:56.387999
19ffbcb502d5,api_error,,0,0,2026-02-18T22:34:56.945049
4693e1b1d53c,api_error,,0,0,2026-02-18T22:34:57.685302
d3f2bf7f6fec,api_error,,0,0,2026-02-18T22:34:58.453999
f01c984dacb8,api_error,,0,0,2026-02-18T22:34:59.206328
1db79fcb6d60,api_error,,0,0,2026-02-18T22:34:59.995177
222360d17d30,api_error,,0,0,2026-02-18T22:35:00.736781
9bfeffed5394,ok,high,3,234,2026-02-18T22:35:01.490269
1db79fcb6d60,api_error,,0,0,2026-02-18T22:35:01.591413
42a730541c33,api_error,,0,0,2026-02-18T22:35:02.439136
3338cf376c5b,api_error,,0,0,2026-02-18T22:35:03.190792
126484757dd7,api_error,,0,0,2026-02-18T22:35:03.946640
756f54d45843,api_error,,0,0,2026-02-18T22:35:04.781099
620780ed4bef,api_error,,0,0,2026-02-18T22:35:05.567224
171fde8583c3,api_error,,0,0,2026-02-18T22:35:06.367867
4b5f934f74d6,ok,high,3,416,2026-02-18T22:35:06.423215
db1027524fb1,api_error,,0,0,2026-02-18T22:35:07.120634
9a5ce0cf3b0c,api_error,,0,0,2026-02-18T22:35:07.895866
7c79f7f2a484,api_error,,0,0,2026-02-18T22:35:08.647580
b82672ce7b75,api_error,,0,0,2026-02-18T22:35:09.420422
0ecc871fbc63,api_error,,0,0,2026-02-18T22:35:10.164671
aafab0011043,api_error,,0,0,2026-02-18T22:35:10.916225
4f16dcfaa9b1,api_error,,0,0,2026-02-18T22:35:11.662453
4f16dcfaa9b1,api_error,,0,0,2026-02-18T22:35:12.428373
1d73fe9f91b1,ok,high,4,830,2026-02-18T22:35:12.890074
a39fe5e21f64,api_error,,0,0,2026-02-18T22:35:13.253534
3c776cdf334f,api_error,,0,0,2026-02-18T22:35:14.026254
0fb4a8b034ff,api_error,,0,0,2026-02-18T22:35:14.765513
90f447cf01d6,api_error,,0,0,2026-02-18T22:35:15.513934
2cc22347819c,ok,none,1,0,2026-02-18T22:35:16.226760
35f08295d353,api_error,,0,0,2026-02-18T22:35:16.264802
cb5c856ca5d0,api_error,,0,0,2026-02-18T22:35:17.025855
40031be47b4e,api_error,,0,0,2026-02-18T22:35:18.099148
2dcce5f364a2,api_error,,0,0,2026-02-18T22:35:18.912895
a5db8fac7225,api_error,,0,0,2026-02-18T22:35:19.669850
95b79764366a,api_error,,0,0,2026-02-18T22:35:20.501813
764874a076f7,api_error,,0,0,2026-02-18T22:35:21.287143
de13302e86b6,api_error,,0,0,2026-02-18T22:35:22.048673
04940c67adf1,ok,high,4,966,2026-02-18T22:35:22.658800
e1309088b220,api_error,,0,0,2026-02-18T22:35:22.794167
775318e8ccf8,api_error,,0,0,2026-02-18T22:35:23.544776
b55333a89336,api_error,,0,0,2026-02-18T22:35:24.345625
f2ec651a9627,api_error,,0,0,2026-02-18T22:35:25.108160
6ccf426a46b4,ok,high,1,62,2026-02-18T22:35:25.601642
7ed4001327bd,api_error,,0,0,2026-02-18T22:35:25.878532
6abed9a31df2,api_error,,0,0,2026-02-18T22:35:26.625968
3ea91ef86551,api_error,,0,0,2026-02-18T22:35:27.421802
97d3ac89ce0c,api_error,,0,0,2026-02-18T22:35:28.166481
b7f0a4836297,api_error,,0,0,2026-02-18T22:35:28.939938
14e954e758f1,api_error,,0,0,2026-02-18T22:35:29.709146
b738d39a8b37,ok,high,2,370,2026-02-18T22:35:30.067351
fcf638c44936,api_error,,0,0,2026-02-18T22:35:30.480937
7faafb7c6bee,api_error,,0,0,2026-02-18T22:35:31.382200
af2106932032,api_error,,0,0,2026-02-18T22:35:32.151005
b079231aef77,api_error,,0,0,2026-02-18T22:35:32.897096
78c18600d73a,api_error,,0,0,2026-02-18T22:35:33.656929
80bbc745f325,api_error,,0,0,2026-02-18T22:35:34.406010
7102f9e7d874,api_error,,0,0,2026-02-18T22:35:35.157498
0a438ddeb04e,api_error,,0,0,2026-02-18T22:35:35.932697
84ae09c02478,api_error,,0,0,2026-02-18T22:35:36.693979
0044e330d93c,ok,high,4,1196,2026-02-18T22:35:37.118082
92a0caced153,api_error,,0,0,2026-02-18T22:35:37.461627
1ed76a9c019d,api_error,,0,0,2026-02-18T22:35:38.213359
89c8ba57ef85,api_error,,0,0,2026-02-18T22:35:38.967612
b82b1b86597d,ok,none,1,0,2026-02-18T22:35:39.788477
72c18c66d3f4,api_error,,0,0,2026-02-18T22:35:39.813840
9de915c66ae6,api_error,,0,0,2026-02-18T22:35:40.576244
c9cbb17531f1,api_error,,0,0,2026-02-18T22:35:41.442609
f53f47f324d0,api_error,,0,0,2026-02-18T22:35:42.259083
4c75f18fa2d6,ok,none,1,0,2026-02-18T22:35:42.559908
e02d77989ae2,api_error,,0,0,2026-02-18T22:35:43.018282
1d284addf0f5,api_error,,0,0,2026-02-18T22:35:43.767566
c858269176a2,api_error,,0,0,2026-02-18T22:35:44.525153
0addf626e904,api_error,,0,0,2026-02-18T22:35:45.304687
d281cb4c9e4d,ok,medium,1,400,2026-02-18T22:35:45.355112
b2612b6a7e12,api_error,,0,0,2026-02-18T22:35:46.061758
845577851f23,api_error,,0,0,2026-02-18T22:35:46.811686
54d9ac16753f,api_error,,0,0,2026-02-18T22:35:47.565594
4cbca27f0fe3,api_error,,0,0,2026-02-18T22:35:48.310123
a788acac1a1e,api_error,,0,0,2026-02-18T22:35:49.139139
7f64241a8964,ok,high,2,330,2026-02-18T22:35:49.327734
61a855d0193b,api_error,,0,0,2026-02-18T22:35:49.859650
f317e27ea164,api_error,,0,0,2026-02-18T22:35:50.625428
829f5eb4ddc5,api_error,,0,0,2026-02-18T22:35:51.407818
c44aee6b9779,api_error,,0,0,2026-02-18T22:35:52.185478
48a3bb29e873,api_error,,0,0,2026-02-18T22:35:52.930225
527e0fa92461,api_error,,0,0,2026-02-18T22:35:53.685766
a6fea34409b9,ok,high,2,385,2026-02-18T22:35:53.828538
672d193a4870,api_error,,0,0,2026-02-18T22:35:54.443853
a33f4ebae3f3,api_error,,0,0,2026-02-18T22:35:55.208113
ea720dd2f1c4,api_error,,0,0,2026-02-18T22:35:55.960134
d90f8f3b696f,api_error,,0,0,2026-02-18T22:35:56.746487
b89361458e92,api_error,,0,0,2026-02-18T22:35:57.512897
cee86a6eb0f7,api_error,,0,0,2026-02-18T22:35:58.255885
f45aa05de09e,api_error,,0,0,2026-02-18T22:35:59.027794
70a3c8ef07e9,api_error,,0,0,2026-02-18T22:35:59.803767
320fdc3830c0,api_error,,0,0,2026-02-18T22:36:00.584502
f0fea9f036fc,ok,high,2,660,2026-02-18T22:36:01.037213
97d298d06390,api_error,,0,0,2026-02-18T22:36:01.343259
41fab937e9aa,api_error,,0,0,2026-02-18T22:36:02.118558
78be3903536a,api_error,,0,0,2026-02-18T22:36:02.873185
f96c54eea94e,api_error,,0,0,2026-02-18T22:36:03.639688
fbce624620db,ok,high,1,280,2026-02-18T22:36:03.998022
ecd6b53129b2,api_error,,0,0,2026-02-18T22:36:04.387821
1a3f09c52bc2,api_error,,0,0,2026-02-18T22:36:05.168933
b3978ca33ee6,api_error,,0,0,2026-02-18T22:36:05.933251
e91baa899d29,api_error,,0,0,2026-02-18T22:36:06.711576
ef331863cf12,api_error,,0,0,2026-02-18T22:36:07.483229
81489c703106,api_error,,0,0,2026-02-18T22:36:08.342460
72d312eabfd0,api_error,,0,0,2026-02-18T22:36:09.103869
d84b7717a03c,api_error,,0,0,2026-02-18T22:36:09.990174
feff1b16f5ba,ok,high,4,498,2026-02-18T22:36:10.301926
89d76eac2b42,api_error,,0,0,2026-02-18T22:36:10.787835
c1072049f762,api_error,,0,0,2026-02-18T22:36:11.558750
3635dd4d819a,api_error,,0,0,2026-02-18T22:36:12.333433
78e68838a825,api_error,,0,0,2026-02-18T22:36:13.090096
4c4a0ac2216f,api_error,,0,0,2026-02-18T22:36:13.868669
9dfeb6ffb429,api_error,,0,0,2026-02-18T22:36:14.622963
69007c51aad3,api_error,,0,0,2026-02-18T22:36:15.400277
0614872be8ce,api_error,,0,0,2026-02-18T22:36:16.168910
7eaa988f73fc,api_error,,0,0,2026-02-18T22:36:16.913748
03d759b396c0,ok,high,4,910,2026-02-18T22:36:17.334177
7eaa988f73fc,api_error,,0,0,2026-02-18T22:36:17.702960
40cc0ac66595,api_error,,0,0,2026-02-18T22:36:18.487855
40cc0ac66595,api_error,,0,0,2026-02-18T22:36:19.252401
f6ec43f9f08d,api_error,,0,0,2026-02-18T22:36:20.200094
e889eea22892,api_error,,0,0,2026-02-18T22:36:21.009933
0e2a8bd91e77,api_error,,0,0,2026-02-18T22:36:21.798452
bcdb83f6b102,api_error,,0,0,2026-02-18T22:36:22.739643
1b219fa1fbeb,api_error,,0,0,2026-02-18T22:36:23.490668
676de6f163c2,api_error,,0,0,2026-02-18T22:36:24.254000
f95f66245a17,ok,high,5,1080,2026-02-18T22:36:24.492267
5e00d2c5ecfb,api_error,,0,0,2026-02-18T22:36:25.034288
d3b9b89d58cb,api_error,,0,0,2026-02-18T22:36:25.799004
34ae9456d6fc,api_error,,0,0,2026-02-18T22:36:26.608685
a1ecdad8870d,api_error,,0,0,2026-02-18T22:36:27.388669
3b9b3e6f498a,api_error,,0,0,2026-02-18T22:36:28.154705
48bbb6143b5b,ok,high,2,370,2026-02-18T22:36:28.762723
5be670517095,api_error,,0,0,2026-02-18T22:36:29.032889
648f490c1ef2,api_error,,0,0,2026-02-18T22:36:29.969448
1558721568e1,api_error,,0,0,2026-02-18T22:36:31.200005
0f50bfab4495,api_error,,0,0,2026-02-18T22:36:32.034919
fb111806813e,api_error,,0,0,2026-02-18T22:36:32.796319
1ecbff4accf6,api_error,,0,0,2026-02-18T22:36:33.715842
3c1591d2b3a1,api_error,,0,0,2026-02-18T22:36:34.470339
bf8ca13baa56,api_error,,0,0,2026-02-18T22:36:35.231881
700778031328,api_error,,0,0,2026-02-18T22:36:36.061401
b1d7ea6df8d7,ok,high,5,688,2026-02-18T22:36:36.195217
44c4d1a41a1d,api_error,,0,0,2026-02-18T22:36:36.819665
5a8db13c37be,api_error,,0,0,2026-02-18T22:36:37.728415
2d3fe2691013,api_error,,0,0,2026-02-18T22:36:38.520410
d85880713fed,api_error,,0,0,2026-02-18T22:36:39.281059
3cc25550944e,api_error,,0,0,2026-02-18T22:36:40.060259
107590d6ab55,api_error,,0,0,2026-02-18T22:36:40.831286
77ed177e3334,ok,high,3,740,2026-02-18T22:36:41.184045
bf458352a267,api_error,,0,0,2026-02-18T22:36:41.600900
aea875cc581a,api_error,,0,0,2026-02-18T22:36:42.361972
bc802fd39e0f,api_error,,0,0,2026-02-18T22:36:43.321752
bc802fd39e0f,api_error,,0,0,2026-02-18T22:36:44.072760
8035c2be4a77,api_error,,0,0,2026-02-18T22:36:44.841263
13d74a9fee83,api_error,,0,0,2026-02-18T22:36:45.606776
8b6d8d0c3625,api_error,,0,0,2026-02-18T22:36:46.399899
c91eafa0f9a9,api_error,,0,0,2026-02-18T22:36:47.158869
1de2cd14e7c7,api_error,,0,0,2026-02-18T22:36:47.939030
150376cd085b,api_error,,0,0,2026-02-18T22:36:48.739781
c41c21bf1136,ok,high,5,1010,2026-02-18T22:36:49.072186
9d94e179de44,api_error,,0,0,2026-02-18T22:36:49.497585
9c06329c18aa,api_error,,0,0,2026-02-18T22:36:50.273783
67cd5b5c29a5,api_error,,0,0,2026-02-18T22:36:51.080700
695c4c7c3e79,api_error,,0,0,2026-02-18T22:36:51.828773
048c65788ae7,api_error,,0,0,2026-02-18T22:36:52.966453
551ce221d494,api_error,,0,0,2026-02-18T22:36:53.729462
4a5d088694c6,api_error,,0,0,2026-02-18T22:36:54.579603
cea514abe958,ok,high,4,820,2026-02-18T22:36:55.317330
0ee40227232c,api_error,,0,0,2026-02-18T22:36:55.350762
ed135e28cfe4,api_error,,0,0,2026-02-18T22:36:56.126105
6e587166b1b2,api_error,,0,0,2026-02-18T22:36:56.905642
bd73bb6c3b1e,api_error,,0,0,2026-02-18T22:36:57.654964
d66ceb428362,api_error,,0,0,2026-02-18T22:36:58.415299
8d9a9b9d0150,api_error,,0,0,2026-02-18T22:36:59.171738
e4fb12cf0b05,ok,high,2,370,2026-02-18T22:36:59.772525
1e94c201546f,api_error,,0,0,2026-02-18T22:36:59.997596
c7eced3b0ffa,api_error,,0,0,2026-02-18T22:37:00.763288
5a9ca8738bf8,api_error,,0,0,2026-02-18T22:37:01.518835
4c3cb339c6fd,api_error,,0,0,2026-02-18T22:37:02.277028
f87815497042,api_error,,0,0,2026-02-18T22:37:03.032475
06f702a40468,api_error,,0,0,2026-02-18T22:37:03.811194
a9bc9cf2097f,api_error,,0,0,2026-02-18T22:37:04.637508
b08c1e60162d,api_error,,0,0,2026-02-18T22:37:05.412248
e4af66ae126a,api_error,,0,0,2026-02-18T22:37:06.192625
858025a9c28b,api_error,,0,0,2026-02-18T22:37:06.959718
4a1c6ed5eb26,api_error,,0,0,2026-02-18T22:37:07.718748
998e59afcff0,ok,high,5,980,2026-02-18T22:37:07.746513
95a2a9eaadfe,api_error,,0,0,2026-02-18T22:37:08.569517
f3b480aca1c1,api_error,,0,0,2026-02-18T22:37:09.434475
f018384ea6cf,api_error,,0,0,2026-02-18T22:37:10.201562
0a7da216b52a,api_error,,0,0,2026-02-18T22:37:10.955328
f3b480aca1c1,api_error,,0,0,2026-02-18T22:37:11.698843
855fb031b2d0,api_error,,0,0,2026-02-18T22:37:12.479737
cdc401491408,api_error,,0,0,2026-02-18T22:37:13.266229
1bccf59290af,api_error,,0,0,2026-02-18T22:37:14.043963
835348b296d3,api_error,,0,0,2026-02-18T22:37:14.779752
82a9f62e8630,api_error,,0,0,2026-02-18T22:37:15.572661
dde9c6197df2,api_error,,0,0,2026-02-18T22:37:16.338180
1221159b5890,api_error,,0,0,2026-02-18T22:37:17.117007
a4b816c89e36,api_error,,0,0,2026-02-18T22:37:17.896345
0f96b22958d2,ok,high,7,990,2026-02-18T22:37:18.368814
5953aeabce46,api_error,,0,0,2026-02-18T22:37:18.669669
ec70c1d47d29,api_error,,0,0,2026-02-18T22:37:19.624416
ce4231d47702,api_error,,0,0,2026-02-18T22:37:20.393317
169fa2a804ca,api_error,,0,0,2026-02-18T22:37:21.180390
2c63321a3b15,api_error,,0,0,2026-02-18T22:37:21.957308
0d7343fc6582,api_error,,0,0,2026-02-18T22:37:22.771504
3d9f3cba187d,api_error,,0,0,2026-02-18T22:37:23.525658
8908ab0aa10c,api_error,,0,0,2026-02-18T22:37:24.341154
06ed5162b0dc,ok,high,4,1057,2026-02-18T22:37:24.976337
0849e4a3d1e2,api_error,,0,0,2026-02-18T22:37:25.115061
73810ca646d7,api_error,,0,0,2026-02-18T22:37:25.870189
642cfadefb3e,api_error,,0,0,2026-02-18T22:37:26.658259
53ea612b11db,api_error,,0,0,2026-02-18T22:37:27.401291
783c875b66b3,api_error,,0,0,2026-02-18T22:37:28.196387
42671d89eb76,api_error,,0,0,2026-02-18T22:37:28.963279
c594c8e5af9d,api_error,,0,0,2026-02-18T22:37:29.729367
1be91d81708c,api_error,,0,0,2026-02-18T22:37:30.496082
6caad2462743,api_error,,0,0,2026-02-18T22:37:31.253436
c246f42ef404,ok,high,4,930,2026-02-18T22:37:31.294512
1dad609d511d,api_error,,0,0,2026-02-18T22:37:32.008497
87928b6ef8d1,api_error,,0,0,2026-02-18T22:37:32.774799
eb525b7f3603,api_error,,0,0,2026-02-18T22:37:33.525159
98eecabc0e97,api_error,,0,0,2026-02-18T22:37:34.276640
901c1c4699cd,api_error,,0,0,2026-02-18T22:37:35.063519
7d499670e9db,api_error,,0,0,2026-02-18T22:37:35.956041
ccbdac685331,api_error,,0,0,2026-02-18T22:37:36.703947
5b42a1f978fc,api_error,,0,0,2026-02-18T22:37:37.461204
b342a6fe4a12,ok,high,4,526,2026-02-18T22:37:37.978349
77f0a345f7f1,api_error,,0,0,2026-02-18T22:37:38.229677
a7dd4cc9ad20,api_error,,0,0,2026-02-18T22:37:39.006388
e9ce45acc479,api_error,,0,0,2026-02-18T22:37:39.798292
c275d3bc7718,api_error,,0,0,2026-02-18T22:37:40.572755
b7f32fb5fe51,api_error,,0,0,2026-02-18T22:37:41.321647
87d42932093a,api_error,,0,0,2026-02-18T22:37:42.089610
37abd9b35a51,api_error,,0,0,2026-02-18T22:37:42.885166
7bc73533be15,api_error,,0,0,2026-02-18T22:37:43.637119
46afb2341451,api_error,,0,0,2026-02-18T22:37:44.381889
fff7ff865b17,ok,high,5,874,2026-02-18T22:37:44.783832
69f50dd374f8,api_error,,0,0,2026-02-18T22:37:45.175353
1b343d474cef,api_error,,0,0,2026-02-18T22:37:45.921554
39ba10e4cd34,api_error,,0,0,2026-02-18T22:37:46.683924
bd2c1b401fd3,api_error,,0,0,2026-02-18T22:37:47.960822
8cd29d003ede,api_error,,0,0,2026-02-18T22:37:48.742592
46f78b8b6333,ok,high,2,370,2026-02-18T22:37:48.883727
2b23ad554255,api_error,,0,0,2026-02-18T22:37:49.492877
8a3b32cfd0ef,api_error,,0,0,2026-02-18T22:37:50.278099
27c331f5cbe5,api_error,,0,0,2026-02-18T22:37:51.138597
e5d305057199,api_error,,0,0,2026-02-18T22:37:51.913728
50fbd4f100be,api_error,,0,0,2026-02-18T22:37:52.675105
7d1baf89c433,api_error,,0,0,2026-02-18T22:37:53.423539
5f4ae56a231a,api_error,,0,0,2026-02-18T22:37:54.263722
fa0fa5a0388a,api_error,,0,0,2026-02-18T22:37:55.029959
fa0fa5a0388a,api_error,,0,0,2026-02-18T22:37:55.789306
b95a395c8603,ok,high,4,1244,2026-02-18T22:37:55.842386
e0a77759fd3e,api_error,,0,0,2026-02-18T22:37:56.563779
841489a108b6,api_error,,0,0,2026-02-18T22:37:57.503962
c20fa5f140b4,api_error,,0,0,2026-02-18T22:37:58.263610
d0db39f12e27,api_error,,0,0,2026-02-18T22:37:59.032464
93be0793c553,api_error,,0,0,2026-02-18T22:37:59.819231
08befaf24461,api_error,,0,0,2026-02-18T22:38:00.588685
b11ec03eecd6,api_error,,0,0,2026-02-18T22:38:01.340273
5d2798a79a80,api_error,,0,0,2026-02-18T22:38:02.099494
2f9aab4e926f,api_error,,0,0,2026-02-18T22:38:02.876189
758ed1909d52,api_error,,0,0,2026-02-18T22:38:03.646435
853e05fe1b6e,api_error,,0,0,2026-02-18T22:38:04.399740
f1c62945097d,api_error,,0,0,2026-02-18T22:38:05.173033
3afb18481a90,api_error,,0,0,2026-02-18T22:38:05.922949
66e34dc9c604,api_error,,0,0,2026-02-18T22:38:06.710204
934a08aaf28d,api_error,,0,0,2026-02-18T22:38:07.470590
a45bd0f51706,api_error,,0,0,2026-02-18T22:38:08.231968
7d9d256dba57,api_error,,0,0,2026-02-18T22:38:09.145687
69aaf137cfa3,json_error,,0,0,2026-02-18T22:38:10.026227
eb5db9db9be4,api_error,,0,0,2026-02-18T22:38:10.028211
a7cd76e1e129,api_error,,0,0,2026-02-18T22:38:10.793597
aea15c3c507a,api_error,,0,0,2026-02-18T22:38:11.560335
6db792db3023,api_error,,0,0,2026-02-18T22:38:12.343442
506ebcc94d50,api_error,,0,0,2026-02-18T22:38:13.127301
7876e9a37c43,api_error,,0,0,2026-02-18T22:38:13.892458
364aaa2c6e8e,api_error,,0,0,2026-02-18T22:38:14.654505
244678079045,api_error,,0,0,2026-02-18T22:38:15.404882
4732aa5b6780,api_error,,0,0,2026-02-18T22:38:16.174408
6416ef6a4f55,api_error,,0,0,2026-02-18T22:38:16.925412
1ad931c6246d,api_error,,0,0,2026-02-18T22:38:17.826575
ba5f17b893f6,api_error,,0,0,2026-02-18T22:38:18.600485
f7f5267c0dcf,api_error,,0,0,2026-02-18T22:38:19.377773
cfcbc4de0635,api_error,,0,0,2026-02-18T22:38:20.134765
1371c0d0b0bc,ok,high,8,1930,2026-02-18T22:38:20.563783
7c8f8c8cf2a0,api_error,,0,0,2026-02-18T22:38:20.880235
00ed55da465d,api_error,,0,0,2026-02-18T22:38:21.649718
75f1dc42e690,api_error,,0,0,2026-02-18T22:38:22.399459
d1bf581df45e,api_error,,0,0,2026-02-18T22:38:23.247976
51009c06fd8b,api_error,,0,0,2026-02-18T22:38:24.040873
51009c06fd8b,api_error,,0,0,2026-02-18T22:38:24.806329
bd9cf5c308b5,api_error,,0,0,2026-02-18T22:38:25.580375
4b1b1bf27552,api_error,,0,0,2026-02-18T22:38:26.346685
59fac157af06,api_error,,0,0,2026-02-18T22:38:27.112352
14e769f45414,api_error,,0,0,2026-02-18T22:38:27.881439
4b9b0b231cdb,ok,high,5,730,2026-02-18T22:38:27.898915
ae0098b515e5,api_error,,0,0,2026-02-18T22:38:28.646718
ae0098b515e5,api_error,,0,0,2026-02-18T22:38:29.387399
a3d62a38eb43,api_error,,0,0,2026-02-18T22:38:30.138764
199f0f22129c,api_error,,0,0,2026-02-18T22:38:30.935064
c782c07971fb,api_error,,0,0,2026-02-18T22:38:31.743096
90aedc9adf5d,api_error,,0,0,2026-02-18T22:38:32.513043
f9819346d03b,api_error,,0,0,2026-02-18T22:38:33.263156
716c71aa6a77,api_error,,0,0,2026-02-18T22:38:34.031530
8640a19a540b,ok,high,5,976,2026-02-18T22:38:34.618884
da2fd0b53cff,api_error,,0,0,2026-02-18T22:38:34.879227
c276361c9963,api_error,,0,0,2026-02-18T22:38:35.661724
fa289eba8024,api_error,,0,0,2026-02-18T22:38:36.518258
331730836ee8,api_error,,0,0,2026-02-18T22:38:37.258248
5a8ec57f23d0,api_error,,0,0,2026-02-18T22:38:38.017287
5a8ec57f23d0,api_error,,0,0,2026-02-18T22:38:38.763467
4d2641488867,api_error,,0,0,2026-02-18T22:38:39.532508
cefbb03c0c52,api_error,,0,0,2026-02-18T22:38:40.313499
3d9ebf7492f3,api_error,,0,0,2026-02-18T22:38:41.083781
b09c8df29002,api_error,,0,0,2026-02-18T22:38:41.832061
259006ed85a3,api_error,,0,0,2026-02-18T22:38:42.573825
7ec9934fdddf,ok,high,5,1418,2026-02-18T22:38:42.869005
417ca37022e2,api_error,,0,0,2026-02-18T22:38:43.337555
a5059505e2b7,api_error,,0,0,2026-02-18T22:38:44.195054
56741b6a1654,api_error,,0,0,2026-02-18T22:38:44.947648
7d47b101e6db,api_error,,0,0,2026-02-18T22:38:45.919578
a4a76949eb31,api_error,,0,0,2026-02-18T22:38:46.693676
d11872e95c65,ok,high,2,370,2026-02-18T22:38:46.731938
e010bf30365c,api_error,,0,0,2026-02-18T22:38:47.464138
ea9caef6a4ec,api_error,,0,0,2026-02-18T22:38:48.225136
9b6ecad78431,api_error,,0,0,2026-02-18T22:38:49.047352
a6427cc23459,api_error,,0,0,2026-02-18T22:38:49.791797
697316ac9e67,api_error,,0,0,2026-02-18T22:38:50.536532
ef25a0b13a8f,api_error,,0,0,2026-02-18T22:38:51.302005
ef25a0b13a8f,api_error,,0,0,2026-02-18T22:38:52.162559
9a7434cc53e2,api_error,,0,0,2026-02-18T22:38:52.936725
ba5c1eb3c34d,api_error,,0,0,2026-02-18T22:38:53.718256
52604ac97bbe,ok,high,5,740,2026-02-18T22:38:54.302512
9b4ce9c023cf,api_error,,0,0,2026-02-18T22:38:54.481263
9d597055322c,api_error,,0,0,2026-02-18T22:38:55.230436
e905c3787377,api_error,,0,0,2026-02-18T22:38:56.079710
ab7f77a1af3a,api_error,,0,0,2026-02-18T22:38:56.890208
d3c599dd7e50,api_error,,0,0,2026-02-18T22:38:57.657816
3b482ec9ca04,api_error,,0,0,2026-02-18T22:38:58.425285
893a0187e0ed,api_error,,0,0,2026-02-18T22:38:59.190289
bb1c6cae35c2,api_error,,0,0,2026-02-18T22:38:59.947902
9dfef4c343b5,ok,high,4,1223,2026-02-18T22:39:00.273057
0c560dfea622,api_error,,0,0,2026-02-18T22:39:00.701649
2da029461f72,api_error,,0,0,2026-02-18T22:39:01.466298
8beaf54686f0,api_error,,0,0,2026-02-18T22:39:02.284977
8dab5398b7e6,ok,none,1,0,2026-02-18T22:39:02.946128
f117695844b6,api_error,,0,0,2026-02-18T22:39:03.071527
f5813ff94471,api_error,,0,0,2026-02-18T22:39:03.835291
0635feb8c30e,api_error,,0,0,2026-02-18T22:39:04.597722
f1078651e22f,api_error,,0,0,2026-02-18T22:39:05.371327
a9f6414949d8,api_error,,0,0,2026-02-18T22:39:06.141337
943afd7d4837,api_error,,0,0,2026-02-18T22:39:06.902493
566144593f22,api_error,,0,0,2026-02-18T22:39:07.675780
efa6f7512cd4,api_error,,0,0,2026-02-18T22:39:08.446365
5ef46eda3ea6,api_error,,0,0,2026-02-18T22:39:09.271002
5ef46eda3ea6,api_error,,0,0,2026-02-18T22:39:10.040579
cd5c7ddae160,ok,high,5,1155,2026-02-18T22:39:10.528482
2fffdd2a51a8,api_error,,0,0,2026-02-18T22:39:10.854573
88148f350e68,api_error,,0,0,2026-02-18T22:39:11.623249
16b985c08c10,api_error,,0,0,2026-02-18T22:39:12.417216
c30c90347fe4,api_error,,0,0,2026-02-18T22:39:13.206341
d99a1453d52f,api_error,,0,0,2026-02-18T22:39:13.982352
9b941f3f5e42,api_error,,0,0,2026-02-18T22:39:14.746407
3c755ea49540,api_error,,0,0,2026-02-18T22:39:15.500978
742b3df7f37d,ok,high,3,632,2026-02-18T22:39:16.217573
8b08b7a45c6c,api_error,,0,0,2026-02-18T22:39:16.284149
72b464c614fd,api_error,,0,0,2026-02-18T22:39:17.024091
c9cf49732845,api_error,,0,0,2026-02-18T22:39:17.778516
f7899f04a53d,api_error,,0,0,2026-02-18T22:39:18.778552
88e611216de6,api_error,,0,0,2026-02-18T22:39:19.713542
ab8f8e0f3233,api_error,,0,0,2026-02-18T22:39:20.487105
cd35d504aa78,api_error,,0,0,2026-02-18T22:39:21.249817
8260f8b6377f,api_error,,0,0,2026-02-18T22:39:22.122870
73a7d7e802f6,api_error,,0,0,2026-02-18T22:39:22.893986
47ca0be2d1e3,ok,high,4,635,2026-02-18T22:39:23.090838
4471436f5176,api_error,,0,0,2026-02-18T22:39:23.676435
61984f639aa8,api_error,,0,0,2026-02-18T22:39:24.534441
1b422694382d,api_error,,0,0,2026-02-18T22:39:25.363635
24e39a0dc142,api_error,,0,0,2026-02-18T22:39:26.113728
448cce4cdc07,api_error,,0,0,2026-02-18T22:39:26.868501
123628fe015e,ok,high,2,650,2026-02-18T22:39:27.307633
8c67ebd7092e,api_error,,0,0,2026-02-18T22:39:27.655019
e9fdb3ca82c4,api_error,,0,0,2026-02-18T22:39:28.438195
f0a0748ebe62,api_error,,0,0,2026-02-18T22:39:29.215776
41b5b83cf62a,api_error,,0,0,2026-02-18T22:39:29.976676
61e2963b2461,ok,high,1,110,2026-02-18T22:39:30.545375
ef8121f6b5d0,api_error,,0,0,2026-02-18T22:39:30.820524
cff55cc33732,api_error,,0,0,2026-02-18T22:39:31.586860
eabe7be6e043,api_error,,0,0,2026-02-18T22:39:32.372019
43c12017f492,api_error,,0,0,2026-02-18T22:39:33.145365
43ce18cdf40c,api_error,,0,0,2026-02-18T22:39:33.912581
291cd3c3c0af,api_error,,0,0,2026-02-18T22:39:34.697328
c691a36bc005,api_error,,0,0,2026-02-18T22:39:35.517720
cf8183850fdf,api_error,,0,0,2026-02-18T22:39:36.284105
75e7f729f9f9,ok,high,4,917,2026-02-18T22:39:36.996775
b9476c6feea7,api_error,,0,0,2026-02-18T22:39:37.048935
8cebf5b19175,api_error,,0,0,2026-02-18T22:39:37.792765
c5d27be497cf,api_error,,0,0,2026-02-18T22:39:38.559280
b5aa7fd0f2a8,api_error,,0,0,2026-02-18T22:39:39.377629
727f66d86950,api_error,,0,0,2026-02-18T22:39:40.176464
2335e9c7a816,api_error,,0,0,2026-02-18T22:39:41.014148
76bdbfd36b54,api_error,,0,0,2026-02-18T22:39:41.791071
f32f19b8b4b6,api_error,,0,0,2026-02-18T22:39:42.604804
79f36ae2557c,api_error,,0,0,2026-02-18T22:39:43.382678
09d8214c9e51,ok,high,3,920,2026-02-18T22:39:43.861789
bbf913072693,api_error,,0,0,2026-02-18T22:39:44.162838
433643a80a7f,api_error,,0,0,2026-02-18T22:39:45.001674
653ad54cd776,ok,high,3,720,2026-02-18T22:39:49.564102
5220ba9aba12,ok,high,3,652,2026-02-18T22:39:54.509345
ceabff095e09,ok,high,4,854,2026-02-18T22:40:00.505558
3f75bc194e61,ok,high,2,314,2026-02-18T22:40:05.563795
3c7ebc9b4352,ok,high,1,210,2026-02-18T22:40:08.340132
6d4d75d18110,ok,high,7,898,2026-02-18T22:40:19.277904
bb348b9e16ea,ok,high,9,1062,2026-02-18T22:40:31.017046
63ead01cd546,ok,high,2,370,2026-02-18T22:40:35.025099
079f4950a6e4,ok,medium,4,264,2026-02-18T22:40:41.280123
7002788bed3c,ok,high,1,220,2026-02-18T22:40:44.009384
cc8857b158a8,ok,medium,2,152,2026-02-18T22:40:48.342833
7aa160941feb,ok,high,3,485,2026-02-18T22:40:54.328834
591ceb2dac0f,ok,high,2,370,2026-02-18T22:40:58.465236
47cf359934ce,ok,high,5,573,2026-02-18T22:41:06.546473
a3b814bac044,ok,high,8,868,2026-02-18T22:41:17.403980
2da1a485879c,ok,high,4,730,2026-02-18T22:41:24.169895
1a906c22e5c2,ok,high,5,1018,2026-02-18T22:41:31.381486
03a443e006de,ok,high,2,370,2026-02-18T22:41:35.244453
4208a226dbea,ok,high,3,880,2026-02-18T22:41:40.629710
da78232eaf3d,ok,high,2,370,2026-02-18T22:41:44.986248
c6e2a2dfbf37,ok,high,3,603,2026-02-18T22:41:50.752033
2a7fc0742928,ok,high,4,523,2026-02-18T22:41:58.387931
a8ef34510f52,ok,high,3,900,2026-02-18T22:42:03.680375
62115197f776,ok,high,4,1110,2026-02-18T22:42:10.448002
c46e0f72c8cb,ok,high,3,552,2026-02-18T22:42:16.004976
7cdaf887cd3e,ok,high,3,806,2026-02-18T22:42:21.006660
f80d968f97ba,json_error,,0,0,2026-02-18T22:42:35.453281
ea669305fbfa,ok,high,7,1203,2026-02-18T22:42:45.090853
f73c84e64954,ok,high,4,1050,2026-02-18T22:42:51.792900
912b221bbb29,ok,high,5,1278,2026-02-18T22:42:58.963262
3b491dabaccb,ok,high,5,758,2026-02-18T22:43:07.001978
6d6464abd854,ok,high,3,800,2026-02-18T22:43:12.845782
6662809b6c91,ok,high,2,333,2026-02-18T22:43:16.958646
d05a4b3aaf52,ok,high,4,716,2026-02-18T22:43:23.239443
c51bbe048891,ok,high,5,665,2026-02-18T22:43:31.369073
53a40b70df27,ok,high,4,1020,2026-02-18T22:43:38.054114
de544124c431,ok,high,4,900,2026-02-18T22:43:44.832836
913bb03bb8bb,ok,high,5,843,2026-02-18T22:43:52.211801
a5d69f208e0a,ok,high,3,820,2026-02-18T22:43:57.683172
8f3f522edfa2,ok,high,4,610,2026-02-18T22:44:05.260616
e1c4f97f1788,ok,high,5,338,2026-02-18T22:44:13.260519
180ce0b77304,ok,high,5,965,2026-02-18T22:44:20.786187
3aa52364c863,ok,high,3,682,2026-02-18T22:44:26.370320
9783af12c4fe,ok,high,4,881,2026-02-18T22:44:33.355817
ef28dcd0050f,ok,high,5,462,2026-02-18T22:44:41.516634
0dbcb4a89df1,ok,high,3,319,2026-02-18T22:44:46.858620
61e4b8363660,ok,high,8,856,2026-02-18T22:44:57.488297
914db523ec5f,ok,high,4,920,2026-02-18T22:45:04.041184
dbc9803036c8,ok,high,1,95,2026-02-18T22:45:07.432023
0f31ed05d220,ok,high,3,1371,2026-02-18T22:45:13.231019
c5d3c7a0c0b3,ok,high,2,136,2026-02-18T22:45:17.667201
de5afb0ed1d7,ok,high,4,610,2026-02-18T22:45:24.633557
ecee22cfdb75,ok,high,4,1240,2026-02-18T22:45:31.267027
121e7b909a05,ok,high,3,480,2026-02-18T22:45:36.807348
36d3cc760167,ok,high,3,1176,2026-02-18T22:45:42.841354
e0023956f3ab,ok,high,2,446,2026-02-18T22:45:47.463649
342f08da584e,ok,high,3,754,2026-02-18T22:45:52.786787
b8525302b291,ok,high,4,1056,2026-02-18T22:45:59.359013
7857fe0beea0,ok,high,2,346,2026-02-18T22:46:03.363946
04bc0e883ee1,ok,high,3,1010,2026-02-18T22:46:08.449226
8b04ed82cd86,ok,high,3,745,2026-02-18T22:46:14.395341
f8a9a4d8916a,ok,high,5,666,2026-02-18T22:46:22.484276
8d680436ed4b,ok,high,4,1010,2026-02-18T22:46:28.604945
6ae166a105b4,ok,high,4,695,2026-02-18T22:46:34.785846
4b05b97e273a,ok,high,5,1269,2026-02-18T22:46:43.459344
5c4a9324f784,ok,high,4,669,2026-02-18T22:46:49.822503
2b9c0cb2c746,ok,high,5,567,2026-02-18T22:46:57.504056
c2898994bb89,ok,high,6,1620,2026-02-18T22:47:06.891017
b09c0c15a169,ok,high,2,222,2026-02-18T22:47:10.931782
9f8cc1e6ddda,ok,none,0,0,2026-02-18T22:47:12.904900
81a15bc6d606,ok,high,4,952,2026-02-18T22:47:19.217985
71465cf599f0,ok,high,3,765,2026-02-18T22:47:24.953803
1f0107f9dfbb,ok,high,5,900,2026-02-18T22:47:32.938938
a098d5886f01,ok,high,5,880,2026-02-18T22:47:40.825179
ce73071882b4,ok,high,4,1140,2026-02-18T22:47:47.187322
1ff48053b56c,ok,high,3,480,2026-02-18T22:47:52.592863
b4d4bdc06e5c,ok,high,5,471,2026-02-18T22:48:00.271955
1ed37c50f132,ok,high,4,952,2026-02-18T22:48:06.069501
e1b10a28a613,ok,high,2,227,2026-02-18T22:48:09.865474
db5449612232,ok,high,2,380,2026-02-18T22:48:14.002472
a483e64f9f0d,ok,high,2,490,2026-02-18T22:48:18.089652
581fa038a7c6,ok,high,4,640,2026-02-18T22:48:24.138887
84b2d6d11403,ok,high,3,492,2026-02-18T22:48:29.727610
b8d637479ed6,ok,high,3,1030,2026-02-18T22:48:35.349184
b61444d2333c,ok,high,5,1150,2026-02-18T22:48:42.883765
de78e6d3db7d,ok,high,8,1544,2026-02-18T22:48:53.442820
6e8ddbcb00e2,ok,high,2,395,2026-02-18T22:48:57.282142
65e8c48ae521,ok,high,3,500,2026-02-18T22:49:02.739650
f1b9b95aa042,ok,high,5,1350,2026-02-18T22:49:10.550890
891bf2ec1727,ok,high,4,660,2026-02-18T22:49:17.588164
ba8c8a0bc7c7,ok,high,5,1162,2026-02-18T22:49:25.694437
e15d0ec2fd84,ok,high,7,1652,2026-02-18T22:49:34.589135
c08c4a09f501,ok,high,2,395,2026-02-18T22:49:39.226765
a37115326f05,ok,high,2,800,2026-02-18T22:49:43.485187
fa0ff453b878,ok,high,5,1342,2026-02-18T22:49:50.766706
95d95b889a25,ok,medium,1,18,2026-02-18T22:49:54.220211
096bb2dae496,ok,high,4,1160,2026-02-18T22:50:00.873219
b65fd270b900,ok,high,3,770,2026-02-18T22:50:06.682660
c900d4a63b53,ok,high,3,499,2026-02-18T22:50:12.387153
f0f051f939e4,ok,high,5,1032,2026-02-18T22:50:20.079988
c65859952645,ok,high,5,1090,2026-02-18T22:50:27.902362
751e6935b21e,ok,high,6,1310,2026-02-18T22:50:37.132428
4845811e705c,ok,high,5,818,2026-02-18T22:50:44.382254
3198924e43a6,ok,high,9,612,2026-02-18T22:50:56.713319
e1ba4400ca31,json_error,,0,0,2026-02-18T22:51:11.669416
4afc73314685,ok,high,4,1280,2026-02-18T22:51:18.752963
9584df3419ea,ok,high,2,330,2026-02-18T22:51:22.768030
c47b2745f2ed,ok,high,10,684,2026-02-18T22:51:37.168432
faddde12a86f,ok,high,2,570,2026-02-18T22:51:41.444860
408355b19584,ok,high,3,900,2026-02-18T22:51:46.982759
27bb98c3c339,ok,high,3,710,2026-02-18T22:51:52.007945
877a47ad552d,ok,high,4,938,2026-02-18T22:51:58.430678
530dcddbad43,ok,high,2,688,2026-02-18T22:52:02.866901
1177f5ad424a,ok,high,2,302,2026-02-18T22:52:07.115592
e1f222af5ded,ok,high,3,427,2026-02-18T22:52:12.869570
eecae04efcf9,ok,high,2,309,2026-02-18T22:52:16.699327
5f913daf4922,ok,high,2,472,2026-02-18T22:52:21.200757
10d373a8173e,ok,high,2,300,2026-02-18T22:52:25.050539
a9f56a634f06,ok,high,3,500,2026-02-18T22:52:30.784247
752093dceb0f,ok,high,3,420,2026-02-18T22:52:36.037683
5f37cd188570,ok,high,4,1015,2026-02-18T22:52:42.520351
322ac95ba6a1,ok,high,2,329,2026-02-18T22:52:46.753104
994ef5bdeb9a,ok,high,3,672,2026-02-18T22:52:51.982781
1b941444e628,ok,high,3,610,2026-02-18T22:52:57.419353
a7b06d52afdd,ok,high,5,547,2026-02-18T22:53:05.113325
4e709bd51a16,ok,high,2,232,2026-02-18T22:53:09.282105
0dc1797228e7,ok,high,4,952,2026-02-18T22:53:15.361708
46ab47d29a07,ok,high,2,243,2026-02-18T22:53:19.153292
bb550cca7019,ok,high,4,950,2026-02-18T22:53:25.106175
d2e10093da3f,ok,high,3,600,2026-02-18T22:53:29.994494
ffa665f4a41c,ok,high,2,222,2026-02-18T22:53:33.919570
90dcc2007ee6,ok,high,2,317,2026-02-18T22:53:38.268608
4a37062eed92,ok,high,3,422,2026-02-18T22:53:43.671425
2a4b29506a1b,ok,high,2,410,2026-02-18T22:53:47.459962
54e7b4108bfc,ok,high,4,500,2026-02-18T22:53:54.240921
9b1123ba94f7,ok,high,3,402,2026-02-18T22:53:59.871417
9e25dc0f4914,ok,high,2,315,2026-02-18T22:54:03.705990
4f45cb550332,ok,high,2,165,2026-02-18T22:54:08.085292
2176422aa9c9,ok,high,4,780,2026-02-18T22:54:14.301332
7777dcb4f73c,ok,high,4,948,2026-02-18T22:54:20.626879
dd785c15932b,ok,high,2,165,2026-02-18T22:54:24.780265
c6c32103f1d3,ok,high,3,710,2026-02-18T22:54:29.821636
9318657e7e22,ok,high,3,769,2026-02-18T22:54:35.931987
a8efc882982c,ok,high,3,800,2026-02-18T22:54:40.600372
7f0bee48cec7,ok,high,4,650,2026-02-18T22:54:48.046877
cb40e1a08222,ok,high,4,679,2026-02-18T22:54:54.381939
24b83d224bc3,ok,high,4,791,2026-02-18T22:55:00.618404
8e0f95cb1a54,ok,high,4,650,2026-02-18T22:55:07.377147
03a712765d21,ok,high,4,705,2026-02-18T22:55:13.953874
4aa41a8b7903,ok,none,0,0,2026-02-18T22:55:15.658224
bfcf5bddc3e9,ok,none,0,0,2026-02-18T22:55:17.556031
a7f4c8ac3e57,ok,high,3,630,2026-02-18T22:55:23.796964
ea700efefbfc,ok,high,2,469,2026-02-18T22:55:27.775869
1515f11e1002,ok,high,7,1115,2026-02-18T22:55:38.596029
2d0b17810f00,ok,high,2,792,2026-02-18T22:55:43.524452
c1f1ee2d9d06,ok,high,1,120,2026-02-18T22:55:46.320139
bee0c8a69c08,ok,high,2,410,2026-02-18T22:55:50.780261
0e816fcc0acf,ok,high,3,522,2026-02-18T22:55:55.993177
afd6e301de21,ok,high,5,908,2026-02-18T22:56:03.599263
46ab8f32969e,ok,high,3,1057,2026-02-18T22:56:09.048144
afff3c952e5b,ok,high,4,1361,2026-02-18T22:56:15.113200
6778e4fde46f,ok,high,4,585,2026-02-18T22:56:21.522576
849f84d6d1d4,ok,high,5,957,2026-02-18T22:56:30.005523
af4cfda32948,ok,high,4,799,2026-02-18T22:56:36.831970
07850b53431c,ok,high,4,1250,2026-02-18T22:56:43.642196
251ea85780b4,ok,high,4,645,2026-02-18T22:56:51.186047
7c9f5e62a855,ok,high,3,800,2026-02-18T22:56:56.720744
da6dacde41d0,ok,high,3,800,2026-02-18T22:57:01.908696
4c0a443d5488,ok,high,1,201,2026-02-18T22:57:04.918707
60e8c216bdef,ok,high,2,730,2026-02-18T22:57:08.860759
23013d9fee87,ok,high,2,309,2026-02-18T22:57:12.676156
298bc845d65c,ok,high,4,1165,2026-02-18T22:57:19.498264
7144f95b6a19,ok,high,7,782,2026-02-18T22:57:28.917167
d9f77f7953cf,ok,high,2,500,2026-02-18T22:57:32.639166
21d6db977a6c,ok,high,2,309,2026-02-18T22:57:37.001642
c999a773771d,ok,high,5,537,2026-02-18T22:57:44.582675
6d98bb119032,ok,high,2,520,2026-02-18T22:57:48.614351
2e560232c6fe,ok,high,2,114,2026-02-18T22:57:52.772534
c66d7b6fedc2,ok,high,3,475,2026-02-18T22:57:58.839848
5526d83435f5,ok,high,1,114,2026-02-18T22:58:01.680046
ca2d02088380,ok,high,4,1350,2026-02-18T22:58:07.939367
63378aebe4a7,ok,high,5,1362,2026-02-18T22:58:16.339751
60b859ba45d6,ok,high,3,476,2026-02-18T22:58:22.060211
e57b39cef8de,ok,high,4,1200,2026-02-18T22:58:33.621550
6e5c0f89c1c0,ok,high,6,432,2026-02-18T22:58:42.340032
380cf57eaeba,ok,high,3,724,2026-02-18T22:58:47.446330
66b8e54afe89,ok,high,5,1050,2026-02-18T22:58:55.661351
4e36224c3a6b,ok,high,3,1436,2026-02-18T22:59:01.157309
c88faba993b3,ok,high,2,309,2026-02-18T22:59:06.253454
cf6a148fb75a,ok,high,6,544,2026-02-18T22:59:15.164600
9c09c45084e2,ok,high,4,596,2026-02-18T22:59:21.072091
f5078c89660d,ok,high,3,825,2026-02-18T22:59:26.582685
e4fa07af7e36,ok,high,4,1131,2026-02-18T22:59:33.368731
db44df4c965c,ok,high,5,826,2026-02-18T22:59:40.506677
ada3ada95e46,ok,high,5,656,2026-02-18T22:59:47.470868
1b575a623421,ok,high,3,566,2026-02-18T22:59:52.541787
8fb367fad2b3,ok,high,3,720,2026-02-18T22:59:58.113489
f623f5bc8112,ok,high,4,563,2026-02-18T23:00:04.313473
72f4aed57f0d,ok,high,2,540,2026-02-18T23:00:08.744412
6e8a2482c1f9,ok,high,3,990,2026-02-18T23:00:14.545861
d16d5abe273f,ok,high,1,114,2026-02-18T23:00:17.791743
486fe208f280,ok,high,5,817,2026-02-18T23:00:26.491128
7e6f4a97a13f,ok,high,4,884,2026-02-18T23:00:33.248145
e4e1ed099ace,ok,high,8,1085,2026-02-18T23:00:45.632003
5151fc0a8617,ok,high,1,201,2026-02-18T23:00:49.319807
c96c9f45cda8,ok,high,5,785,2026-02-18T23:00:57.530889
622bbefe877c,ok,high,1,114,2026-02-18T23:01:00.581864
09e7bb30f0c0,ok,high,4,960,2026-02-18T23:01:06.828755
998ab2a4e4ab,ok,high,6,695,2026-02-18T23:01:16.257780
efe63f5b84a7,ok,high,3,624,2026-02-18T23:01:22.408336
283d48ce4942,ok,high,3,985,2026-02-18T23:01:28.016995
1f1f92a5e11c,ok,high,3,980,2026-02-18T23:01:33.201932
228f4f965ee5,ok,high,3,960,2026-02-18T23:01:38.745269
3d4b7af2b969,ok,high,4,951,2026-02-18T23:01:45.547124
b8556904b92b,ok,high,2,130,2026-02-18T23:01:50.013978
b4f1aab23c0d,ok,high,7,1244,2026-02-18T23:01:59.781788
1144d7beedc9,ok,high,4,625,2026-02-18T23:02:06.935285
4425d956d0d1,ok,high,8,1289,2026-02-18T23:02:17.472582
b4d13c2fee28,ok,high,3,542,2026-02-18T23:02:23.629904
4f580b421b35,ok,high,6,731,2026-02-18T23:02:31.812450
c525536c957b,ok,high,8,1453,2026-02-18T23:02:42.732454
1fd5c3d84d2e,api_error,,0,0,2026-02-18T23:02:42.983099
29e59db02ed1,api_error,,0,0,2026-02-18T23:02:43.700173
1d988a1084f2,api_error,,0,0,2026-02-18T23:02:44.414899
0f6431bffaf4,api_error,,0,0,2026-02-18T23:02:45.139921
13093162680b,api_error,,0,0,2026-02-18T23:02:45.851019
0c9b73157e67,api_error,,0,0,2026-02-18T23:02:46.542754
81c56dec4e04,api_error,,0,0,2026-02-18T23:02:47.273102
d4f3be944dae,api_error,,0,0,2026-02-18T23:02:47.964236
6be7ac83cf30,api_error,,0,0,2026-02-18T23:02:48.661401
b292388fce67,api_error,,0,0,2026-02-18T23:02:49.374868
5c3900c57db4,api_error,,0,0,2026-02-18T23:02:50.070213
ec648c30410f,api_error,,0,0,2026-02-18T23:02:50.781104
5c3900c57db4,api_error,,0,0,2026-02-18T23:02:51.496210
56bb4e2264e1,api_error,,0,0,2026-02-18T23:02:52.195997
795eb81d7b01,api_error,,0,0,2026-02-18T23:02:52.907697
ece513c7bdcc,api_error,,0,0,2026-02-18T23:02:53.593252
b57f98cd20d7,api_error,,0,0,2026-02-18T23:02:54.295887
162bea7df30a,api_error,,0,0,2026-02-18T23:02:54.986392
a1a40ed42d28,api_error,,0,0,2026-02-18T23:02:55.692622
df4a9132bab8,api_error,,0,0,2026-02-18T23:02:56.397777
2bf5f930349c,api_error,,0,0,2026-02-18T23:02:57.109102
923a373eaa3a,api_error,,0,0,2026-02-18T23:02:57.856161
267c70c13863,api_error,,0,0,2026-02-18T23:02:58.542610
aa4d52b9c26b,api_error,,0,0,2026-02-18T23:02:59.234162
d0778e51e3a2,api_error,,0,0,2026-02-18T23:03:00.008367
ce64b85fb461,api_error,,0,0,2026-02-18T23:03:00.703501
e9414588b769,api_error,,0,0,2026-02-18T23:03:01.543653
6d86ad5922af,api_error,,0,0,2026-02-18T23:03:02.248293
09ddf3fabb9b,api_error,,0,0,2026-02-18T23:03:03.124517
d5eeebee1ff0,api_error,,0,0,2026-02-18T23:03:03.842512
073c4b726fcf,api_error,,0,0,2026-02-18T23:03:04.586702
4818f0ecfa43,api_error,,0,0,2026-02-18T23:03:05.299921
7c3f84232d1f,api_error,,0,0,2026-02-18T23:03:05.994221
2a059316c4ea,api_error,,0,0,2026-02-18T23:03:06.691050
957abaf47f5d,api_error,,0,0,2026-02-18T23:03:07.383129
e5ef1b468f23,api_error,,0,0,2026-02-18T23:03:08.208811
e494d36113d8,api_error,,0,0,2026-02-18T23:03:08.937571
1c5f175b2d1c,api_error,,0,0,2026-02-18T23:03:09.657283
3e07b7079145,api_error,,0,0,2026-02-18T23:03:10.356857
a7dd186c2421,api_error,,0,0,2026-02-18T23:03:11.102777
d6b786f085c1,api_error,,0,0,2026-02-18T23:03:11.803884
d6b786f085c1,api_error,,0,0,2026-02-18T23:03:12.590151
d6b786f085c1,api_error,,0,0,2026-02-18T23:03:13.288040
524886355fd8,api_error,,0,0,2026-02-18T23:03:14.033396
5b9e5893f696,api_error,,0,0,2026-02-18T23:03:14.755015
70cc56930294,api_error,,0,0,2026-02-18T23:03:15.468614
82d2dd17cb3d,api_error,,0,0,2026-02-18T23:03:16.154099
d27114c05e84,api_error,,0,0,2026-02-18T23:03:16.848011
e255255a4b54,api_error,,0,0,2026-02-18T23:03:17.577439
ac0489417fc2,api_error,,0,0,2026-02-18T23:03:18.264861
8d1e8f7fe57f,api_error,,0,0,2026-02-18T23:03:19.003991
7ff4d219be93,api_error,,0,0,2026-02-18T23:03:19.744427
88a623a98992,api_error,,0,0,2026-02-18T23:03:20.435957
62983f42d387,api_error,,0,0,2026-02-18T23:03:21.141268
a4e150d994c4,api_error,,0,0,2026-02-18T23:03:21.839150
2c526e279bba,api_error,,0,0,2026-02-18T23:03:22.562952
8cebe8ad1e36,api_error,,0,0,2026-02-18T23:03:23.257689
e6f710d02f2a,api_error,,0,0,2026-02-18T23:03:23.941385
f3d867404697,api_error,,0,0,2026-02-18T23:03:24.638673
7d7b8c94d93a,api_error,,0,0,2026-02-18T23:03:25.345801
3311e2d749f0,api_error,,0,0,2026-02-18T23:03:26.045175
2f6d2a91868a,api_error,,0,0,2026-02-18T23:03:26.734202
6e4e3d72db3e,api_error,,0,0,2026-02-18T23:03:27.417260
bc5f31841db2,api_error,,0,0,2026-02-18T23:03:28.103726
c864d4a28c42,api_error,,0,0,2026-02-18T23:03:28.798319
6c27bf0328c9,api_error,,0,0,2026-02-18T23:03:29.480216
adce612f79e9,api_error,,0,0,2026-02-18T23:03:30.219792
d74dc006c5c8,api_error,,0,0,2026-02-18T23:03:30.933509
9db89fb30280,api_error,,0,0,2026-02-18T23:03:31.639615
dd97574f5137,api_error,,0,0,2026-02-18T23:03:32.360776
43f85b27abdd,api_error,,0,0,2026-02-18T23:03:33.048448
f6dee9f348bc,api_error,,0,0,2026-02-18T23:03:33.748034
f1d8c17008a9,api_error,,0,0,2026-02-18T23:03:34.489608
b062fb831383,api_error,,0,0,2026-02-18T23:03:35.197594
e2b8c9cfffbd,api_error,,0,0,2026-02-18T23:03:35.871844
ecc2f076200b,api_error,,0,0,2026-02-18T23:03:36.602145
7eec4e94ec56,api_error,,0,0,2026-02-18T23:03:37.295868
950d2554c7ac,api_error,,0,0,2026-02-18T23:03:37.980310
c4e9deda0147,api_error,,0,0,2026-02-18T23:03:38.686658
9cf4ad9218df,api_error,,0,0,2026-02-18T23:03:39.393147
518a267265ea,api_error,,0,0,2026-02-18T23:03:40.085788
8b842a44db4e,api_error,,0,0,2026-02-18T23:03:40.782809
99944768b2b4,api_error,,0,0,2026-02-18T23:03:41.479605
e32f18ed2aa4,api_error,,0,0,2026-02-18T23:03:42.312770
2f7a3e6f91d5,api_error,,0,0,2026-02-18T23:03:43.005286
7ebccf35ba7d,api_error,,0,0,2026-02-18T23:03:43.769227
4a9002461691,api_error,,0,0,2026-02-18T23:03:44.474085
35ee136c613c,api_error,,0,0,2026-02-18T23:03:45.161703
b016ccdb2566,api_error,,0,0,2026-02-18T23:03:45.861226
059d054ff2bf,api_error,,0,0,2026-02-18T23:03:46.568801
59b373d41958,api_error,,0,0,2026-02-18T23:03:47.255786
ced83b36876e,api_error,,0,0,2026-02-18T23:03:47.941409
831c2ea593fb,api_error,,0,0,2026-02-18T23:03:48.720877
601eba8c969d,api_error,,0,0,2026-02-18T23:03:49.411357
110ecf730e14,api_error,,0,0,2026-02-18T23:03:50.149893
4dcf6dc01d24,api_error,,0,0,2026-02-18T23:03:50.878398
6343ad23ed65,api_error,,0,0,2026-02-18T23:03:51.605815
65f6cbfe1542,api_error,,0,0,2026-02-18T23:03:52.297963
f5ed621ac270,api_error,,0,0,2026-02-18T23:03:53.023280
b264a91e4681,api_error,,0,0,2026-02-18T23:03:53.716744
935c56ffb320,api_error,,0,0,2026-02-18T23:03:54.410972
d20b0639227e,api_error,,0,0,2026-02-18T23:03:55.146519
568d4fb30d52,api_error,,0,0,2026-02-18T23:03:55.864327
f0a8c8bad4f9,api_error,,0,0,2026-02-18T23:03:56.632418
54cf068050b5,api_error,,0,0,2026-02-18T23:03:57.345609
ebb4943b5556,api_error,,0,0,2026-02-18T23:03:58.045854
3289f9cf8608,api_error,,0,0,2026-02-18T23:03:58.738943
d5723066afeb,api_error,,0,0,2026-02-18T23:03:59.430373
8725569f45a8,api_error,,0,0,2026-02-18T23:04:00.129896
b385004da1af,api_error,,0,0,2026-02-18T23:04:01.130176
1de695d1d414,api_error,,0,0,2026-02-18T23:04:01.880000
966f2b92c8dc,api_error,,0,0,2026-02-18T23:04:02.584985
eed123c4fa56,api_error,,0,0,2026-02-18T23:04:03.303316
756a49bb551a,api_error,,0,0,2026-02-18T23:04:03.993909
851d235a31b8,api_error,,0,0,2026-02-18T23:04:04.689105
fda5b199ec9f,api_error,,0,0,2026-02-18T23:04:05.454691
22c6e917ad2c,api_error,,0,0,2026-02-18T23:04:06.140957
8e442a622f02,api_error,,0,0,2026-02-18T23:04:06.858642
23dd586e8f3f,api_error,,0,0,2026-02-18T23:04:07.669783
29f4883d4695,api_error,,0,0,2026-02-18T23:04:08.372627
7fe98fe46a38,api_error,,0,0,2026-02-18T23:04:09.075334
7db472d058bd,api_error,,0,0,2026-02-18T23:04:09.765024
72055d2d0a84,api_error,,0,0,2026-02-18T23:04:10.466802
85585fa7eef0,api_error,,0,0,2026-02-18T23:04:11.175138
71980c7eb904,api_error,,0,0,2026-02-18T23:04:11.854008
1b7f555e9b1c,api_error,,0,0,2026-02-18T23:04:12.638951
80e4f680b793,api_error,,0,0,2026-02-18T23:04:13.336045
b8eea400a73f,api_error,,0,0,2026-02-18T23:04:14.174115
e7dcb138eed4,api_error,,0,0,2026-02-18T23:04:14.906381
7a0d3ee3d338,api_error,,0,0,2026-02-18T23:04:15.591619
09727c71c465,api_error,,0,0,2026-02-18T23:04:16.291728
520207459a28,api_error,,0,0,2026-02-18T23:04:16.978547
9d1d74533f1e,api_error,,0,0,2026-02-18T23:04:17.661960
c7c6ff209abb,api_error,,0,0,2026-02-18T23:04:18.352438
87a30568a2c6,api_error,,0,0,2026-02-18T23:04:19.095361
3f044ca30b5b,api_error,,0,0,2026-02-18T23:04:19.827703
84cf5848bb08,api_error,,0,0,2026-02-18T23:04:20.540295
e7528b4db965,api_error,,0,0,2026-02-18T23:04:21.241528
24e30addc83a,api_error,,0,0,2026-02-18T23:04:21.960502
edcf1d10ddbc,api_error,,0,0,2026-02-18T23:04:22.631868
4f274254ecca,api_error,,0,0,2026-02-18T23:04:23.498220
1fe9de9e8baa,api_error,,0,0,2026-02-18T23:04:24.229691
903bb98bdcd9,api_error,,0,0,2026-02-18T23:04:24.980765
7577a101d038,api_error,,0,0,2026-02-18T23:04:25.896216
5e94ef14da2d,api_error,,0,0,2026-02-18T23:04:26.589990
48cb3d94d464,api_error,,0,0,2026-02-18T23:04:27.275677
ed8b7bb7fe02,api_error,,0,0,2026-02-18T23:04:27.952400
6ba0374cbf1d,api_error,,0,0,2026-02-18T23:04:28.637841
60aa90843d7f,api_error,,0,0,2026-02-18T23:04:29.337605
e9e1ba316ba4,api_error,,0,0,2026-02-18T23:04:30.064648
0be4cd748e24,api_error,,0,0,2026-02-18T23:04:30.759070
02754d22a940,api_error,,0,0,2026-02-18T23:04:31.469117
abe00f170777,api_error,,0,0,2026-02-18T23:04:32.198166
06311921b698,api_error,,0,0,2026-02-18T23:04:32.898171
f913c66d59de,api_error,,0,0,2026-02-18T23:04:33.595494
37f1f3dfad2c,api_error,,0,0,2026-02-18T23:04:34.348386
4e9b58df118d,api_error,,0,0,2026-02-18T23:04:35.061911
237f5d5f3566,api_error,,0,0,2026-02-18T23:04:35.756298
41b4f9d14ccb,api_error,,0,0,2026-02-18T23:04:36.468013
390ec674d7f4,api_error,,0,0,2026-02-18T23:04:37.149218
cc3c4f90712c,api_error,,0,0,2026-02-18T23:04:37.845138
91bdd380bcb2,api_error,,0,0,2026-02-18T23:04:38.539865
dd49e632165f,api_error,,0,0,2026-02-18T23:04:39.216558
b0abddd3b6cd,api_error,,0,0,2026-02-18T23:04:39.975159
884bf7b736f3,api_error,,0,0,2026-02-18T23:04:40.988793
445d8b7c8edc,api_error,,0,0,2026-02-18T23:04:41.722123
7d5339bdcc92,api_error,,0,0,2026-02-18T23:04:42.403166
84742a6b676d,api_error,,0,0,2026-02-18T23:04:43.095561
97aabf8b9dc2,api_error,,0,0,2026-02-18T23:04:43.807661
255e391ec1a8,api_error,,0,0,2026-02-18T23:04:44.515307
770870332cd5,api_error,,0,0,2026-02-18T23:04:45.208454
02261a01112d,api_error,,0,0,2026-02-18T23:04:45.889657
02cfc51de600,api_error,,0,0,2026-02-18T23:04:46.661018
fe8f3f0ead60,api_error,,0,0,2026-02-18T23:04:47.419580
a8ec9abe6da0,api_error,,0,0,2026-02-18T23:04:48.153899
f01e60ec256b,api_error,,0,0,2026-02-18T23:04:48.897133
a6fd8d777d46,api_error,,0,0,2026-02-18T23:04:49.579279
1f5c18a7447f,api_error,,0,0,2026-02-18T23:04:50.310778
4050ae4989af,api_error,,0,0,2026-02-18T23:04:51.075801
f3201ee03c76,api_error,,0,0,2026-02-18T23:04:51.769199
b7a95ba108ba,api_error,,0,0,2026-02-18T23:04:52.474282
4b87ad997982,api_error,,0,0,2026-02-18T23:04:53.236316
0d9bb5f1e38a,api_error,,0,0,2026-02-18T23:04:53.930251
7c392ec35d1c,api_error,,0,0,2026-02-18T23:04:54.760383
b33fa87dcb0c,api_error,,0,0,2026-02-18T23:04:55.457671
4dd9518817c0,api_error,,0,0,2026-02-18T23:04:56.178731
bd1e64885202,api_error,,0,0,2026-02-18T23:04:56.882868
25b6936170c8,api_error,,0,0,2026-02-18T23:04:57.581472
ba88b5dcc76f,api_error,,0,0,2026-02-18T23:04:58.268457
1d202cdd892b,api_error,,0,0,2026-02-18T23:04:58.954709
21577087394e,api_error,,0,0,2026-02-18T23:04:59.681700
df821255c0e7,api_error,,0,0,2026-02-18T23:05:00.389992
eae9cc2fd2c8,api_error,,0,0,2026-02-18T23:05:01.088605
a31c5ee9b009,api_error,,0,0,2026-02-18T23:05:01.791717
a31c5ee9b009,api_error,,0,0,2026-02-18T23:05:02.479792
78ec3901afde,api_error,,0,0,2026-02-18T23:05:03.405213
54b1d40f4964,api_error,,0,0,2026-02-18T23:05:04.125818
9efec27ce42d,api_error,,0,0,2026-02-18T23:05:04.816265
fe96d3937aad,api_error,,0,0,2026-02-18T23:05:05.563823
e0556344ceaf,api_error,,0,0,2026-02-18T23:05:06.322359
621d1720be89,api_error,,0,0,2026-02-18T23:05:07.047575
8a82992fec19,api_error,,0,0,2026-02-18T23:05:07.731955
fefdc36dcb45,api_error,,0,0,2026-02-18T23:05:08.466195
e2dccf0ce1e1,api_error,,0,0,2026-02-18T23:05:09.278635
f73d05b7ba30,api_error,,0,0,2026-02-18T23:05:09.978935
e4a9e779b371,api_error,,0,0,2026-02-18T23:05:10.731034
7787c00b4493,api_error,,0,0,2026-02-18T23:05:11.420759
b66d64b9badc,api_error,,0,0,2026-02-18T23:05:12.161070
1d8872ba1d2e,api_error,,0,0,2026-02-18T23:05:12.871964
5acdcf9999a7,api_error,,0,0,2026-02-18T23:05:13.627970
610682ad0562,api_error,,0,0,2026-02-18T23:05:14.317729
0eaa65b6ea5c,api_error,,0,0,2026-02-18T23:05:15.010368
95d67791536d,api_error,,0,0,2026-02-18T23:05:15.710767
4790600958da,api_error,,0,0,2026-02-18T23:05:16.413213
1eeef2f7454d,api_error,,0,0,2026-02-18T23:05:17.107506
23e2b9219be5,api_error,,0,0,2026-02-18T23:05:17.836084
2011c6509bb9,api_error,,0,0,2026-02-18T23:05:18.604172
4ad620890399,api_error,,0,0,2026-02-18T23:05:19.357654
a20167d4cd2a,api_error,,0,0,2026-02-18T23:05:20.043467
532b0dc68551,api_error,,0,0,2026-02-18T23:05:20.728030
757dc4aec965,api_error,,0,0,2026-02-18T23:05:21.475529
45f28851f9a4,api_error,,0,0,2026-02-18T23:05:22.172678
14455f708f3d,api_error,,0,0,2026-02-18T23:05:22.873707
903a881ea4ed,api_error,,0,0,2026-02-18T23:05:23.576143
acf956a4860b,api_error,,0,0,2026-02-18T23:05:24.324782
82dbdc5f9a69,api_error,,0,0,2026-02-18T23:05:25.020943
760343e30d18,api_error,,0,0,2026-02-18T23:05:26.035508
13e990d6a349,api_error,,0,0,2026-02-18T23:05:26.739937
a2f55a19b3e3,api_error,,0,0,2026-02-18T23:05:27.426569
d80144f16417,api_error,,0,0,2026-02-18T23:05:28.115533
0ae3a128e96f,api_error,,0,0,2026-02-18T23:05:28.920597
2d9d2635200f,api_error,,0,0,2026-02-18T23:05:29.610438
69f5f980b591,api_error,,0,0,2026-02-18T23:05:30.302630
b2fe0cfe2cbb,api_error,,0,0,2026-02-18T23:05:30.993672
4f13d9a4430a,api_error,,0,0,2026-02-18T23:05:31.704294
e5b9e66681a4,api_error,,0,0,2026-02-18T23:05:32.828981
1d268f561099,api_error,,0,0,2026-02-18T23:05:33.588563
fd80b0ac4b18,api_error,,0,0,2026-02-18T23:05:34.290297
ffbd51ef6144,api_error,,0,0,2026-02-18T23:05:34.985023
20496cfab8a4,api_error,,0,0,2026-02-18T23:05:35.659455
dca516601df3,api_error,,0,0,2026-02-18T23:05:36.394662
b336fbc036bf,api_error,,0,0,2026-02-18T23:05:37.095761
24e6781c6f73,api_error,,0,0,2026-02-18T23:05:37.793832
b6d410c25dce,api_error,,0,0,2026-02-18T23:05:38.509437
924429de80c6,api_error,,0,0,2026-02-18T23:05:39.201978
03355f3eaa85,api_error,,0,0,2026-02-18T23:05:39.918928
109f0841b3a5,api_error,,0,0,2026-02-18T23:05:40.740891
6c2c9408b4a6,api_error,,0,0,2026-02-18T23:05:41.441708
4159757819ab,api_error,,0,0,2026-02-18T23:05:42.439457
72189d477a1a,api_error,,0,0,2026-02-18T23:05:43.159587
1f4ef667a813,api_error,,0,0,2026-02-18T23:05:43.911293
84389c6ecaac,api_error,,0,0,2026-02-18T23:05:44.675775
64728567a528,api_error,,0,0,2026-02-18T23:05:45.378777
cbf8de065fe3,api_error,,0,0,2026-02-18T23:05:46.291475
226e06651ab5,api_error,,0,0,2026-02-18T23:05:47.008484
0c02ed72f828,api_error,,0,0,2026-02-18T23:05:47.711345
41e7b21e7520,api_error,,0,0,2026-02-18T23:05:48.400042
a8fde87df621,api_error,,0,0,2026-02-18T23:05:49.096888
4cb8b22bddc4,api_error,,0,0,2026-02-18T23:05:49.787701
d414cc2cb98e,api_error,,0,0,2026-02-18T23:05:50.478640
15414299ffff,api_error,,0,0,2026-02-18T23:05:51.155532
4284730d1dc0,api_error,,0,0,2026-02-18T23:05:51.890028
13d8d7ff5678,api_error,,0,0,2026-02-18T23:05:52.642617
6477930ad9bf,api_error,,0,0,2026-02-18T23:05:53.347494
16897925b971,api_error,,0,0,2026-02-18T23:05:54.044480
6f0293415c96,api_error,,0,0,2026-02-18T23:05:54.736163
3b1486cc1ddb,api_error,,0,0,2026-02-18T23:05:55.450238
e6990aca1c1d,api_error,,0,0,2026-02-18T23:05:56.154189
354ceaf683bf,api_error,,0,0,2026-02-18T23:05:56.850400
9fe263a9fba5,api_error,,0,0,2026-02-18T23:05:57.630059
c03a20df4a0b,api_error,,0,0,2026-02-18T23:05:58.317004
4bd9d9f8cde1,api_error,,0,0,2026-02-18T23:05:59.025622
ba57fb0f81a4,api_error,,0,0,2026-02-18T23:05:59.807462
26080f699070,api_error,,0,0,2026-02-18T23:06:00.499043
86acce079428,api_error,,0,0,2026-02-18T23:06:01.199077
de5d727e6f4e,api_error,,0,0,2026-02-18T23:06:01.888396
d5b5ab374643,api_error,,0,0,2026-02-18T23:06:02.581679
980df92e03da,api_error,,0,0,2026-02-18T23:06:03.266443
0e108fd2033e,api_error,,0,0,2026-02-18T23:06:03.947830
fc172ad79cd3,api_error,,0,0,2026-02-18T23:06:04.669174
d9893176cfc3,api_error,,0,0,2026-02-18T23:06:05.367256
b70973232061,api_error,,0,0,2026-02-18T23:06:06.069792
b64ef52e3055,api_error,,0,0,2026-02-18T23:06:06.769315
0bbcb316cbaa,api_error,,0,0,2026-02-18T23:06:07.501660
87eb571905e2,api_error,,0,0,2026-02-18T23:06:08.191988
4c12cec1cb4f,api_error,,0,0,2026-02-18T23:06:08.877411
0bff55f675fb,api_error,,0,0,2026-02-18T23:06:09.567819
ad6561e8574f,api_error,,0,0,2026-02-18T23:06:10.347385
c4d87913349d,api_error,,0,0,2026-02-18T23:06:11.036707
f6fcb14ebe75,api_error,,0,0,2026-02-18T23:06:11.816341
8df2dca205da,api_error,,0,0,2026-02-18T23:06:12.507018
a82b882196cf,api_error,,0,0,2026-02-18T23:06:13.265851
bd72b317729c,api_error,,0,0,2026-02-18T23:06:14.322643
6ce048d5df62,api_error,,0,0,2026-02-18T23:06:15.014588
c97d9ee6d467,api_error,,0,0,2026-02-18T23:06:15.719755
51f92b4b9136,api_error,,0,0,2026-02-18T23:06:16.512660
b962f38e36a7,api_error,,0,0,2026-02-18T23:06:17.249842
18d391146cc9,api_error,,0,0,2026-02-18T23:06:17.930777
748e55ca91f2,api_error,,0,0,2026-02-18T23:06:18.615475
b4fbc7967719,api_error,,0,0,2026-02-18T23:06:19.310779
1f9e37a6325f,api_error,,0,0,2026-02-18T23:06:20.097413
0876ea9e736b,api_error,,0,0,2026-02-18T23:06:20.800051
6ca793ba2d75,api_error,,0,0,2026-02-18T23:06:21.567215
edd37dfa5e0d,api_error,,0,0,2026-02-18T23:06:22.288694
b4609e86acce,api_error,,0,0,2026-02-18T23:06:22.985507
d4fdc232e0cf,api_error,,0,0,2026-02-18T23:06:23.936170
be7d57d13a6a,api_error,,0,0,2026-02-18T23:06:24.626932
2f863515a0aa,api_error,,0,0,2026-02-18T23:06:25.423132
e92e9275d939,api_error,,0,0,2026-02-18T23:06:26.198703
1b6d3fb38f28,api_error,,0,0,2026-02-18T23:06:27.140443
790644157d03,api_error,,0,0,2026-02-18T23:06:27.826427
fbb125930a45,api_error,,0,0,2026-02-18T23:06:28.527896
d6087451a54a,api_error,,0,0,2026-02-18T23:06:29.270008
b357d242b353,api_error,,0,0,2026-02-18T23:06:29.967691
521c895441b5,api_error,,0,0,2026-02-18T23:06:30.654056
6c45f618699c,api_error,,0,0,2026-02-18T23:06:31.360074
b6ea4fe4676b,api_error,,0,0,2026-02-18T23:06:32.068205
8d02f337c069,api_error,,0,0,2026-02-18T23:06:32.835466
abfa16eb2bed,api_error,,0,0,2026-02-18T23:06:33.538906
705eb26f36d7,api_error,,0,0,2026-02-18T23:06:34.239726
4898f59196b4,api_error,,0,0,2026-02-18T23:06:34.990754
ac8ff092d7cf,api_error,,0,0,2026-02-18T23:06:35.755139
94610c919288,api_error,,0,0,2026-02-18T23:06:36.516484
d540772ae1f3,api_error,,0,0,2026-02-18T23:06:37.303746
578f72c071cc,api_error,,0,0,2026-02-18T23:06:38.058391
1a866411ed31,api_error,,0,0,2026-02-18T23:06:38.811753
fb669c98470a,api_error,,0,0,2026-02-18T23:06:39.548908
bb1078b0616b,api_error,,0,0,2026-02-18T23:06:40.229204
6e8045ecc180,api_error,,0,0,2026-02-18T23:06:41.084719
2de7ca84d7c5,api_error,,0,0,2026-02-18T23:06:41.808649
b255220d7edb,api_error,,0,0,2026-02-18T23:06:42.498558
c8c9e87b64d2,api_error,,0,0,2026-02-18T23:06:43.295910
a9c97037e023,api_error,,0,0,2026-02-18T23:06:44.006064
6bee86ea0428,api_error,,0,0,2026-02-18T23:06:44.703277
c7dce73c25f2,api_error,,0,0,2026-02-18T23:06:45.412994
c226ef26ced6,api_error,,0,0,2026-02-18T23:06:46.174339
db248f8ac3f5,api_error,,0,0,2026-02-18T23:06:46.861115
22fda5881163,api_error,,0,0,2026-02-18T23:06:47.595687
021fb242aa98,api_error,,0,0,2026-02-18T23:06:48.396980
fce16e56f335,api_error,,0,0,2026-02-18T23:06:49.095406
49367b27c3c2,api_error,,0,0,2026-02-18T23:06:49.963789
67cee8ad005a,api_error,,0,0,2026-02-18T23:06:50.654488
c4f2ae0140bc,api_error,,0,0,2026-02-18T23:06:51.347510
8c420933270f,api_error,,0,0,2026-02-18T23:06:52.059346
13de0f57a010,api_error,,0,0,2026-02-18T23:06:52.775915
a4fc4ee51e77,api_error,,0,0,2026-02-18T23:06:53.469931
1ace6ec82b6b,api_error,,0,0,2026-02-18T23:06:54.155756
092eba0ea448,api_error,,0,0,2026-02-18T23:06:54.931708
14dc4d3b7e97,api_error,,0,0,2026-02-18T23:06:55.624445
37c354176269,api_error,,0,0,2026-02-18T23:06:56.317323
f608d9b55cd2,api_error,,0,0,2026-02-18T23:06:57.024344
859a9c54160b,api_error,,0,0,2026-02-18T23:06:57.721096
6b0696b9957a,api_error,,0,0,2026-02-18T23:06:58.420468
76080b968040,api_error,,0,0,2026-02-18T23:06:59.133073
7e8dd2c472ca,api_error,,0,0,2026-02-18T23:06:59.879983
f0627fdc889a,api_error,,0,0,2026-02-18T23:07:00.574396
996942787393,api_error,,0,0,2026-02-18T23:07:01.268431
bcdcfe9e9879,api_error,,0,0,2026-02-18T23:07:01.961532
41933ced881f,api_error,,0,0,2026-02-18T23:07:02.667502
2c3163021a03,api_error,,0,0,2026-02-18T23:07:03.595375
e72ab4ad8f22,api_error,,0,0,2026-02-18T23:07:04.299557
b9df73585170,api_error,,0,0,2026-02-18T23:07:04.998934
2cc6d94f800c,api_error,,0,0,2026-02-18T23:07:05.703849
0ccca049531a,api_error,,0,0,2026-02-18T23:07:06.408820
1867ed104928,api_error,,0,0,2026-02-18T23:07:07.120372
8cfe1781e800,api_error,,0,0,2026-02-18T23:07:07.811938
887aab36cf12,api_error,,0,0,2026-02-18T23:07:08.534177
174601c9906c,api_error,,0,0,2026-02-18T23:07:09.219383
a03933276b26,api_error,,0,0,2026-02-18T23:07:09.913002
1a971106a23e,api_error,,0,0,2026-02-18T23:07:10.620269
e8376a326ca7,api_error,,0,0,2026-02-18T23:07:11.315013
4182b2cb3bfb,api_error,,0,0,2026-02-18T23:07:12.029163
e2ccabdaad66,api_error,,0,0,2026-02-18T23:07:12.725204
cfd977b0f3d3,api_error,,0,0,2026-02-18T23:07:13.414764
4826993cb463,api_error,,0,0,2026-02-18T23:07:14.182958
e947da6c7231,api_error,,0,0,2026-02-18T23:07:14.899056
384e65b31ee0,api_error,,0,0,2026-02-18T23:07:15.793111
56ee406c043f,api_error,,0,0,2026-02-18T23:07:16.498224
271c6a59695c,api_error,,0,0,2026-02-18T23:07:17.197566
e0ba3f6a0f54,api_error,,0,0,2026-02-18T23:07:17.896921
859e38dd50e7,api_error,,0,0,2026-02-18T23:07:18.591288
fff5819a0d86,api_error,,0,0,2026-02-18T23:07:19.440467
a9931dce048b,api_error,,0,0,2026-02-18T23:07:20.197008
b74e841f09f8,api_error,,0,0,2026-02-18T23:07:20.897268
a14e38fcfe7e,api_error,,0,0,2026-02-18T23:07:21.596568
f63675230654,api_error,,0,0,2026-02-18T23:07:22.289010
30abb135e1c1,api_error,,0,0,2026-02-18T23:07:22.980754
6a9f607ca152,api_error,,0,0,2026-02-18T23:07:23.744008
abd3b7098609,api_error,,0,0,2026-02-18T23:07:24.458675
27f89cc8bae9,api_error,,0,0,2026-02-18T23:07:25.165723
afd08e80d960,api_error,,0,0,2026-02-18T23:07:25.861878
995209a3b0a4,api_error,,0,0,2026-02-18T23:07:26.632664
50801ea5e62f,api_error,,0,0,2026-02-18T23:07:27.309458
ffad8f82e216,api_error,,0,0,2026-02-18T23:07:28.016405
53f3d4c7d6fb,api_error,,0,0,2026-02-18T23:07:28.721012
a388b70ceb9e,api_error,,0,0,2026-02-18T23:07:29.501973
fec267dbc8fa,api_error,,0,0,2026-02-18T23:07:30.280953
1d044a29aa0e,api_error,,0,0,2026-02-18T23:07:31.005131
458d772c666b,api_error,,0,0,2026-02-18T23:07:31.740845
2ea05a2a321d,api_error,,0,0,2026-02-18T23:07:32.430998
0b44869f6301,api_error,,0,0,2026-02-18T23:07:33.116375
177a6b981aa6,api_error,,0,0,2026-02-18T23:07:33.821110
f691e1559943,api_error,,0,0,2026-02-18T23:07:34.599588
6b3186388de8,api_error,,0,0,2026-02-18T23:07:35.310561
0c24eba68718,api_error,,0,0,2026-02-18T23:07:36.001041
55443281bd0d,api_error,,0,0,2026-02-18T23:07:36.699833
b7e1fa6cd01f,api_error,,0,0,2026-02-18T23:07:37.398003
ec5784471268,api_error,,0,0,2026-02-18T23:07:38.172296
bdc9642a815f,api_error,,0,0,2026-02-18T23:07:38.911891
421efe075117,api_error,,0,0,2026-02-18T23:07:39.601764
e700664420f2,api_error,,0,0,2026-02-18T23:07:40.304251
6963b1beb08e,api_error,,0,0,2026-02-18T23:07:41.060040
dc8380d494ec,api_error,,0,0,2026-02-18T23:07:41.758797
bd6b292fb2a8,api_error,,0,0,2026-02-18T23:07:42.512362
34a2fe07f469,api_error,,0,0,2026-02-18T23:07:43.213001
f9f9912a84b8,api_error,,0,0,2026-02-18T23:07:43.942859
baf2a1f7088e,api_error,,0,0,2026-02-18T23:07:44.652396
c9723049f8a5,api_error,,0,0,2026-02-18T23:07:45.335350
c64d88ff852c,api_error,,0,0,2026-02-18T23:07:46.032125
039743dcfc2b,api_error,,0,0,2026-02-18T23:07:46.724061
fa3036d114ae,api_error,,0,0,2026-02-18T23:07:47.421352
9c0989f97cdb,api_error,,0,0,2026-02-18T23:07:48.139759
9257b52cacc3,api_error,,0,0,2026-02-18T23:07:48.948316
5bec84a91769,api_error,,0,0,2026-02-18T23:07:49.807840
741fb750711e,api_error,,0,0,2026-02-18T23:07:50.540097
48384e651185,api_error,,0,0,2026-02-18T23:07:51.251887
3d9e62a7ca9d,api_error,,0,0,2026-02-18T23:07:51.969193
7d5e317228d6,api_error,,0,0,2026-02-18T23:07:52.674614
442966da70ab,api_error,,0,0,2026-02-18T23:07:53.375710
4f33143ef092,api_error,,0,0,2026-02-18T23:07:54.056597
74fe7686e482,api_error,,0,0,2026-02-18T23:07:54.747741
22d7c8438df9,api_error,,0,0,2026-02-18T23:07:55.465579
2aa7700e88fd,api_error,,0,0,2026-02-18T23:07:56.189830
5b8ded1d7eab,api_error,,0,0,2026-02-18T23:07:56.901850
30ac5acc95f8,api_error,,0,0,2026-02-18T23:07:57.586260
2d870099506a,api_error,,0,0,2026-02-18T23:07:58.312598
42ac45faf589,api_error,,0,0,2026-02-18T23:07:59.004065
c9a72cf2c0db,api_error,,0,0,2026-02-18T23:07:59.715897
382811286519,api_error,,0,0,2026-02-18T23:08:00.410508
b7ea2199e13e,api_error,,0,0,2026-02-18T23:08:01.112142
22d7ffe42b66,api_error,,0,0,2026-02-18T23:08:01.812563
3e03d810956d,api_error,,0,0,2026-02-18T23:08:02.512158
4c0f7ead6616,api_error,,0,0,2026-02-18T23:08:03.227450
95a9dfc167f6,api_error,,0,0,2026-02-18T23:08:03.913409
324a230aac17,api_error,,0,0,2026-02-18T23:08:04.603222
7a26b4648d02,api_error,,0,0,2026-02-18T23:08:05.420117
b444de0d4cb2,api_error,,0,0,2026-02-18T23:08:06.151536
f9dedddb24cd,api_error,,0,0,2026-02-18T23:08:06.834657
a635685adcd7,api_error,,0,0,2026-02-18T23:08:07.569695
9807aeec0696,api_error,,0,0,2026-02-18T23:08:08.313785
f79f7abee370,api_error,,0,0,2026-02-18T23:08:09.158765
342abad326f8,api_error,,0,0,2026-02-18T23:08:09.882371
dba1aeaafdaf,api_error,,0,0,2026-02-18T23:08:10.570662
9ed1f3fe0c28,api_error,,0,0,2026-02-18T23:08:11.304134
11a8e0b8fdb5,api_error,,0,0,2026-02-18T23:08:12.038429
eb35d4c9d4cf,api_error,,0,0,2026-02-18T23:08:12.738127
e4b4a6a97ad6,api_error,,0,0,2026-02-18T23:08:13.449050
f8d55aa18d53,api_error,,0,0,2026-02-18T23:08:14.184659
48ba7bb88048,api_error,,0,0,2026-02-18T23:08:14.944641
ecc7082bbe3a,api_error,,0,0,2026-02-18T23:08:15.709852
2325fe3ff21c,api_error,,0,0,2026-02-18T23:08:16.417639
fe009b07c16e,api_error,,0,0,2026-02-18T23:08:17.121599
688e5cc1e3b7,api_error,,0,0,2026-02-18T23:08:17.834135
f8289814695a,api_error,,0,0,2026-02-18T23:08:18.633628
86585abf9aa5,api_error,,0,0,2026-02-18T23:08:19.421387
6ce3ea0a03ce,api_error,,0,0,2026-02-18T23:08:20.152822
286c428cb30c,api_error,,0,0,2026-02-18T23:08:20.914252
3a302b792d01,api_error,,0,0,2026-02-18T23:08:21.711920
c1aa046ae926,api_error,,0,0,2026-02-18T23:08:22.396783
e6f08c34cb8a,api_error,,0,0,2026-02-18T23:08:23.085324
a6a9289a60a2,api_error,,0,0,2026-02-18T23:08:23.788420
8403a48453ca,api_error,,0,0,2026-02-18T23:08:24.593289
16de604b7ea7,api_error,,0,0,2026-02-18T23:08:25.288014
8a877b11634c,api_error,,0,0,2026-02-18T23:08:25.978028
8a877b11634c,api_error,,0,0,2026-02-18T23:08:26.664646
88ee22ba7569,api_error,,0,0,2026-02-18T23:08:27.368123
ebe5d05bab32,api_error,,0,0,2026-02-18T23:08:28.065808
440a78c96121,api_error,,0,0,2026-02-18T23:08:28.750578
e0b38dcee90b,api_error,,0,0,2026-02-18T23:08:29.670518
0359f563b56f,api_error,,0,0,2026-02-18T23:08:30.372215
38dfd4ff2087,api_error,,0,0,2026-02-18T23:08:31.100662
c28fb2c18b4e,api_error,,0,0,2026-02-18T23:08:31.876855
0009be447dd3,api_error,,0,0,2026-02-18T23:08:32.598033
f832cbd9a953,api_error,,0,0,2026-02-18T23:08:33.345583
7816076f6b53,api_error,,0,0,2026-02-18T23:08:34.037757
9e2df6481af2,api_error,,0,0,2026-02-18T23:08:34.816921
d2d88e97782b,api_error,,0,0,2026-02-18T23:08:35.599832
18e2ca65e9aa,api_error,,0,0,2026-02-18T23:08:36.314846
6079f26ec200,api_error,,0,0,2026-02-18T23:08:37.111718
1f8e2dafc372,api_error,,0,0,2026-02-18T23:08:37.801088
ada5d9b6e63a,api_error,,0,0,2026-02-18T23:08:38.491596
19f354703266,api_error,,0,0,2026-02-18T23:08:39.193321
03c3c71e1c60,api_error,,0,0,2026-02-18T23:08:39.885273
eed35773cbac,api_error,,0,0,2026-02-18T23:08:40.593285
9dbfe8c7f817,api_error,,0,0,2026-02-18T23:08:41.288298
27ef80961b78,api_error,,0,0,2026-02-18T23:08:41.983580
edad99530389,api_error,,0,0,2026-02-18T23:08:42.679064
34b983f8a55c,api_error,,0,0,2026-02-18T23:08:43.361731
00ae575ec506,api_error,,0,0,2026-02-18T23:08:44.054715
88f9616e0727,api_error,,0,0,2026-02-18T23:08:44.766991
5bc4c681ee16,api_error,,0,0,2026-02-18T23:08:45.476372
ab53907946a7,api_error,,0,0,2026-02-18T23:08:46.279065
77b89e024cc6,api_error,,0,0,2026-02-18T23:08:46.978952
f00b05417a38,api_error,,0,0,2026-02-18T23:08:47.683150
96093a5ba7b2,api_error,,0,0,2026-02-18T23:08:48.557581
41e6682f4a30,api_error,,0,0,2026-02-18T23:08:49.247564
224c9a22c924,api_error,,0,0,2026-02-18T23:08:49.952034
786f14141b35,api_error,,0,0,2026-02-18T23:08:50.639379
2a8fdcdf2d71,api_error,,0,0,2026-02-18T23:08:51.356201
3ae594adf474,api_error,,0,0,2026-02-18T23:08:52.048587
3ae594adf474,api_error,,0,0,2026-02-18T23:08:52.746589
93b924dd6487,api_error,,0,0,2026-02-18T23:08:53.432578
d5e5641d79c4,api_error,,0,0,2026-02-18T23:08:54.161981
b4bc2bdc52e1,api_error,,0,0,2026-02-18T23:08:54.853065
759f66723385,api_error,,0,0,2026-02-18T23:08:55.581158
19de6128dccd,api_error,,0,0,2026-02-18T23:08:56.260512
f0db2a9085ac,api_error,,0,0,2026-02-18T23:08:56.947316
eb4979af6b19,api_error,,0,0,2026-02-18T23:08:57.620128
84062ac0da4e,api_error,,0,0,2026-02-18T23:08:58.387830
80ae7a219840,api_error,,0,0,2026-02-18T23:08:59.092195
c1df9eadbedd,api_error,,0,0,2026-02-18T23:08:59.810739
731a02500461,api_error,,0,0,2026-02-18T23:09:00.559558
94a2d966e5be,api_error,,0,0,2026-02-18T23:09:01.245775
a9438fa258e1,api_error,,0,0,2026-02-18T23:09:01.979039
eb2b4debc78a,api_error,,0,0,2026-02-18T23:09:02.669539
6410b12b7282,api_error,,0,0,2026-02-18T23:09:03.381440
bbc67d4a9551,api_error,,0,0,2026-02-18T23:09:04.078605
e8f28fa0e4e5,api_error,,0,0,2026-02-18T23:09:04.789401
a73ff28b0143,api_error,,0,0,2026-02-18T23:09:05.515261
9fa3200e704f,api_error,,0,0,2026-02-18T23:09:06.288595
bf877f8b350d,api_error,,0,0,2026-02-18T23:09:06.986263
910c1ba79596,api_error,,0,0,2026-02-18T23:09:07.709276
225b9e59e881,api_error,,0,0,2026-02-18T23:09:08.383688
4038b13a2bbe,api_error,,0,0,2026-02-18T23:09:09.082019
9229e1cdc815,api_error,,0,0,2026-02-18T23:09:09.777366
c51b1b560bd7,api_error,,0,0,2026-02-18T23:09:10.463405
372209f83947,api_error,,0,0,2026-02-18T23:09:11.183523
ce9e194aed8d,api_error,,0,0,2026-02-18T23:09:12.045253
d35ed18aea03,api_error,,0,0,2026-02-18T23:09:12.740895
1637212d0a5b,api_error,,0,0,2026-02-18T23:09:13.421164
dfb5d7cfae94,api_error,,0,0,2026-02-18T23:09:14.128748
4c7b6b5b3495,api_error,,0,0,2026-02-18T23:09:14.859943
2d4c75f2ab04,api_error,,0,0,2026-02-18T23:09:15.586850
b3ae81fefa7b,api_error,,0,0,2026-02-18T23:09:16.283737
5a12129e788d,api_error,,0,0,2026-02-18T23:09:16.974553
060172c09cea,api_error,,0,0,2026-02-18T23:09:17.696613
36ac31179b1c,api_error,,0,0,2026-02-18T23:09:18.388252
c750facb26e9,api_error,,0,0,2026-02-18T23:09:19.171359
17eb3df5d001,api_error,,0,0,2026-02-18T23:09:19.877703
daf4646c5ce7,api_error,,0,0,2026-02-18T23:09:20.591943
103bd0ca0013,api_error,,0,0,2026-02-18T23:09:21.282684
06e025b0444b,api_error,,0,0,2026-02-18T23:09:22.008982
2bdebaf35165,api_error,,0,0,2026-02-18T23:09:22.714168
fd6ac6f82b43,api_error,,0,0,2026-02-18T23:09:23.406367
54f41824168c,api_error,,0,0,2026-02-18T23:09:24.092957
f482e72cad21,api_error,,0,0,2026-02-18T23:09:24.824997
8d8d69f5e5b0,api_error,,0,0,2026-02-18T23:09:25.527774
f49beb41b5a8,api_error,,0,0,2026-02-18T23:09:26.230601
f482e72cad21,api_error,,0,0,2026-02-18T23:09:27.003299
c3992d109601,api_error,,0,0,2026-02-18T23:09:27.698764
ec77f13963ed,api_error,,0,0,2026-02-18T23:09:28.393589
dd278ec2139d,api_error,,0,0,2026-02-18T23:09:29.086028
1d5c68fb4727,api_error,,0,0,2026-02-18T23:09:29.884657
a44bc97217a9,api_error,,0,0,2026-02-18T23:09:30.609961
4d4d242d29fd,api_error,,0,0,2026-02-18T23:09:31.314340
eafafd1240ad,api_error,,0,0,2026-02-18T23:09:32.193914
105ee0a62de1,api_error,,0,0,2026-02-18T23:09:32.971835
5035ced1037c,api_error,,0,0,2026-02-18T23:09:33.669020
d8e336a54b21,api_error,,0,0,2026-02-18T23:09:34.364934
9da6a15c838a,api_error,,0,0,2026-02-18T23:09:35.057532
61b6ed118833,api_error,,0,0,2026-02-18T23:09:35.748361
e0a8e6511b16,api_error,,0,0,2026-02-18T23:09:36.436579
72568b96ac01,api_error,,0,0,2026-02-18T23:09:37.218115
bf615300ed49,api_error,,0,0,2026-02-18T23:09:37.907047
eb578b742d05,api_error,,0,0,2026-02-18T23:09:38.615585
124e095d6579,api_error,,0,0,2026-02-18T23:09:39.335363
418d3e3442bf,api_error,,0,0,2026-02-18T23:09:40.032105
60eb0f461e2d,api_error,,0,0,2026-02-18T23:09:40.782527
bb65ffc3f570,api_error,,0,0,2026-02-18T23:09:41.533753
e88abe2271c2,api_error,,0,0,2026-02-18T23:09:42.230489
ab0ce6a60868,api_error,,0,0,2026-02-18T23:09:42.917026
a5a2368beeb4,api_error,,0,0,2026-02-18T23:09:43.630014
2698fdb510ff,api_error,,0,0,2026-02-18T23:09:44.334703
e83bf7f8a30f,api_error,,0,0,2026-02-18T23:09:45.024131
31f6b3041d4d,api_error,,0,0,2026-02-18T23:09:45.711197
ad5ae105e6f5,api_error,,0,0,2026-02-18T23:09:46.411042
84915591e0fb,api_error,,0,0,2026-02-18T23:09:47.095982
024a3ebae1cc,api_error,,0,0,2026-02-18T23:09:47.786174
f7931b23f089,api_error,,0,0,2026-02-18T23:09:48.481562
453f856b2a6a,api_error,,0,0,2026-02-18T23:09:49.180337
536c6fffc292,api_error,,0,0,2026-02-18T23:09:49.903058
bd109a9f3356,api_error,,0,0,2026-02-18T23:09:50.585466
93ae1d5ac69f,api_error,,0,0,2026-02-18T23:09:51.284644
ba02c7ee9623,api_error,,0,0,2026-02-18T23:09:51.978733
cb5ded6d51e7,api_error,,0,0,2026-02-18T23:09:52.668727
5824fadbd088,api_error,,0,0,2026-02-18T23:09:53.362910
a04fc89c51a7,api_error,,0,0,2026-02-18T23:09:54.055354
ab29c7d3f51a,api_error,,0,0,2026-02-18T23:09:54.754393
dcc0424ce6a9,api_error,,0,0,2026-02-18T23:09:55.450846
bd5b45f75cda,api_error,,0,0,2026-02-18T23:09:56.126874
5e46fb07c6f6,api_error,,0,0,2026-02-18T23:09:56.825482
f9038e52d499,api_error,,0,0,2026-02-18T23:09:57.551752
b3645eedd6cc,api_error,,0,0,2026-02-18T23:09:58.264291
1c7d87a61f83,api_error,,0,0,2026-02-18T23:09:59.013032
bc09628b5d4b,api_error,,0,0,2026-02-18T23:09:59.757172
8ff1ddec0f0c,api_error,,0,0,2026-02-18T23:10:00.454481
caa8bcb27fc8,api_error,,0,0,2026-02-18T23:10:01.153704
d9b8a25011d3,api_error,,0,0,2026-02-18T23:10:01.865861
9091321685de,api_error,,0,0,2026-02-18T23:10:02.604895
f31a1427d7b6,api_error,,0,0,2026-02-18T23:10:03.312691
1bf060984a49,api_error,,0,0,2026-02-18T23:10:04.010590
78cb5554e7b1,api_error,,0,0,2026-02-18T23:10:04.827616
f806440d28ee,api_error,,0,0,2026-02-18T23:10:05.564539
6b8171458485,api_error,,0,0,2026-02-18T23:10:06.278673
f22ba757baea,api_error,,0,0,2026-02-18T23:10:06.962804
46729c054037,api_error,,0,0,2026-02-18T23:10:07.675686
c0803c1a4870,api_error,,0,0,2026-02-18T23:10:08.369015
c78a79a155ea,api_error,,0,0,2026-02-18T23:10:09.062563
c78a79a155ea,api_error,,0,0,2026-02-18T23:10:09.816330
97e238cc5c08,api_error,,0,0,2026-02-18T23:10:10.524198
a539491430b4,api_error,,0,0,2026-02-18T23:10:11.221155
b83f15596437,api_error,,0,0,2026-02-18T23:10:12.279532
dfb10d06b7dd,api_error,,0,0,2026-02-18T23:10:12.987580
44a8a3e23dce,api_error,,0,0,2026-02-18T23:10:13.670904
472297b9b419,api_error,,0,0,2026-02-18T23:10:14.354094
3c1241249d57,api_error,,0,0,2026-02-18T23:10:15.147130
ce88fdfa12b3,api_error,,0,0,2026-02-18T23:10:15.913928
f4094c74e1a1,api_error,,0,0,2026-02-18T23:10:16.606535
b5c34eb457ad,api_error,,0,0,2026-02-18T23:10:17.358083
e89adae82084,api_error,,0,0,2026-02-18T23:10:18.032597
31519a1f1fcf,api_error,,0,0,2026-02-18T23:10:18.721597
1c250964f23c,api_error,,0,0,2026-02-18T23:10:19.450413
23f7e1fae2fd,api_error,,0,0,2026-02-18T23:10:20.147695
64ea4573c977,api_error,,0,0,2026-02-18T23:10:20.838739
71edce5484bf,api_error,,0,0,2026-02-18T23:10:21.545096
3b0ccfe1dae0,api_error,,0,0,2026-02-18T23:10:22.293062
eb586a6a1839,api_error,,0,0,2026-02-18T23:10:22.987092
0cebed26039f,api_error,,0,0,2026-02-18T23:10:23.693387
edffc8a6ca29,api_error,,0,0,2026-02-18T23:10:24.521837
18ccbba51596,api_error,,0,0,2026-02-18T23:10:25.328821
532e93e4e2e7,api_error,,0,0,2026-02-18T23:10:26.026116
4406c33c1ae3,api_error,,0,0,2026-02-18T23:10:26.727946
6afa9fd1e729,api_error,,0,0,2026-02-18T23:10:27.428575
d43ff5299664,api_error,,0,0,2026-02-18T23:10:28.138850
3a166ad3fcb2,api_error,,0,0,2026-02-18T23:10:28.908847
871882e7feaf,api_error,,0,0,2026-02-18T23:10:29.674785
9e6a04a3ff78,api_error,,0,0,2026-02-18T23:10:30.354135
57cbc4ff4bed,api_error,,0,0,2026-02-18T23:10:31.047683
6bc4f9691fd1,api_error,,0,0,2026-02-18T23:10:31.768596
8ac1ba8a9a9d,api_error,,0,0,2026-02-18T23:10:32.506600
622f2323c803,api_error,,0,0,2026-02-18T23:10:33.240937
63dd090f1581,api_error,,0,0,2026-02-18T23:10:33.962655
d58f1cfc4fab,api_error,,0,0,2026-02-18T23:10:34.691094
c088d4c4bd30,api_error,,0,0,2026-02-18T23:10:35.382336
bf6cf05cfe8f,api_error,,0,0,2026-02-18T23:10:36.085993
892c26716c28,api_error,,0,0,2026-02-18T23:10:36.777939
a4814660166b,api_error,,0,0,2026-02-18T23:10:37.492481
82b3de838cfc,api_error,,0,0,2026-02-18T23:10:38.181218
9a3e3ba940ac,api_error,,0,0,2026-02-18T23:10:38.979724
4253fcb463b5,api_error,,0,0,2026-02-18T23:10:39.778756
e1645982e10e,api_error,,0,0,2026-02-18T23:10:40.510825
06e389ed51e9,api_error,,0,0,2026-02-18T23:10:41.195088
c65d85368496,api_error,,0,0,2026-02-18T23:10:41.887029
5dbe53824cfd,api_error,,0,0,2026-02-18T23:10:42.619259
33ec2bd22c68,api_error,,0,0,2026-02-18T23:10:43.316328
ea769e08abc0,api_error,,0,0,2026-02-18T23:10:44.039231
37037ca0b128,api_error,,0,0,2026-02-18T23:10:44.743800
240aa82bc43f,api_error,,0,0,2026-02-18T23:10:45.438387
98428e53d10b,api_error,,0,0,2026-02-18T23:10:46.139662
f535b4caacf2,api_error,,0,0,2026-02-18T23:10:46.843137
8c9334c80100,api_error,,0,0,2026-02-18T23:10:47.634332
cbd610c3a88f,api_error,,0,0,2026-02-18T23:10:48.337291
d6f03fea003f,api_error,,0,0,2026-02-18T23:10:49.029642
33d3c65f0ece,api_error,,0,0,2026-02-18T23:10:49.727171
58ed33450b83,api_error,,0,0,2026-02-18T23:10:50.439479
da65604309ed,api_error,,0,0,2026-02-18T23:10:51.121981
8503e5d74d2d,api_error,,0,0,2026-02-18T23:10:51.911505
19cf30c8cbb4,api_error,,0,0,2026-02-18T23:10:52.637485
d7e7f11457f5,api_error,,0,0,2026-02-18T23:10:53.322617
6b74bfc0d146,api_error,,0,0,2026-02-18T23:10:54.011690
6ded430f5f2f,api_error,,0,0,2026-02-18T23:10:54.786812
4b823ea1d094,api_error,,0,0,2026-02-18T23:10:55.479691
2ed380bfbb2a,api_error,,0,0,2026-02-18T23:10:56.180760
919180242581,api_error,,0,0,2026-02-18T23:10:56.904465
7a0504befdb8,api_error,,0,0,2026-02-18T23:10:57.611176
bb2ffec7d368,api_error,,0,0,2026-02-18T23:10:58.345683
12ec59d0b146,api_error,,0,0,2026-02-18T23:10:59.166313
6e55d71871e8,api_error,,0,0,2026-02-18T23:10:59.855616
82c545c27177,api_error,,0,0,2026-02-18T23:11:00.561200
11ee83aba060,api_error,,0,0,2026-02-18T23:11:01.276999
e42401ab320b,api_error,,0,0,2026-02-18T23:11:02.021764
c94aa96cb6d6,api_error,,0,0,2026-02-18T23:11:02.743479
f6fde207d6ab,api_error,,0,0,2026-02-18T23:11:03.480747
860b169b4eca,api_error,,0,0,2026-02-18T23:11:04.181481
4785631046ed,api_error,,0,0,2026-02-18T23:11:04.883805
e3f1657be010,api_error,,0,0,2026-02-18T23:11:05.580162
87835dd6e09d,api_error,,0,0,2026-02-18T23:11:06.274945
12b61e549599,api_error,,0,0,2026-02-18T23:11:06.983096
36f625870aed,api_error,,0,0,2026-02-18T23:11:07.680818
05ac60f072b8,api_error,,0,0,2026-02-18T23:11:08.367181
72884338143f,api_error,,0,0,2026-02-18T23:11:09.135052
97d34ba5afb0,api_error,,0,0,2026-02-18T23:11:09.837111
6ea642d4b520,api_error,,0,0,2026-02-18T23:11:10.548689
09d2d596d80d,api_error,,0,0,2026-02-18T23:11:11.328349
5d65cc2fd9f1,api_error,,0,0,2026-02-18T23:11:12.081383
c21b1d0bab56,api_error,,0,0,2026-02-18T23:11:12.772375
e414f41af42a,api_error,,0,0,2026-02-18T23:11:13.490755
861f2f215ab7,api_error,,0,0,2026-02-18T23:11:14.187097
da498bbc18ef,api_error,,0,0,2026-02-18T23:11:14.944462
9edc274e5121,api_error,,0,0,2026-02-18T23:11:15.690933
69614d87edf6,api_error,,0,0,2026-02-18T23:11:16.397557
084ce36bfa82,api_error,,0,0,2026-02-18T23:11:17.184102
23ce9ddabfb5,api_error,,0,0,2026-02-18T23:11:17.883759
1f55142bda8c,api_error,,0,0,2026-02-18T23:11:18.569580
a0201ab6a61c,api_error,,0,0,2026-02-18T23:11:19.265450
639f1ba35285,api_error,,0,0,2026-02-18T23:11:19.949234
6384ad709fbf,api_error,,0,0,2026-02-18T23:11:20.648935
84e86818081e,api_error,,0,0,2026-02-18T23:11:21.342299
d04f7d58bca9,api_error,,0,0,2026-02-18T23:11:22.043486
24a3e80c6005,api_error,,0,0,2026-02-18T23:11:22.746324
e76f4510b4c0,api_error,,0,0,2026-02-18T23:11:23.435606
89407555bee9,api_error,,0,0,2026-02-18T23:11:24.146642
29a2d37cfd59,api_error,,0,0,2026-02-18T23:11:24.837240
2c46ae8efb24,api_error,,0,0,2026-02-18T23:11:25.540307
67ac7cb63ac1,api_error,,0,0,2026-02-18T23:11:26.371242
b60690c7e56a,api_error,,0,0,2026-02-18T23:11:27.059244
d8ffa17efac2,api_error,,0,0,2026-02-18T23:11:27.752005
2a490c5960de,api_error,,0,0,2026-02-18T23:11:28.561985
2a2234213f15,api_error,,0,0,2026-02-18T23:11:29.257946
1460d4bd90bb,api_error,,0,0,2026-02-18T23:11:29.975547
449b67107976,api_error,,0,0,2026-02-18T23:11:30.880707
63ccf50e34c6,api_error,,0,0,2026-02-18T23:11:31.616127
3e5eacf05fc5,api_error,,0,0,2026-02-18T23:11:32.342570
1604c49f5d72,api_error,,0,0,2026-02-18T23:11:33.137440
d812b1956484,api_error,,0,0,2026-02-18T23:11:33.841478
c396ae38a458,api_error,,0,0,2026-02-18T23:11:34.546124
100be592d623,api_error,,0,0,2026-02-18T23:11:36.454521
ff09012cc4d4,api_error,,0,0,2026-02-18T23:11:37.165313
00eba3dbb7cb,api_error,,0,0,2026-02-18T23:11:37.856048
0778b1a774cb,api_error,,0,0,2026-02-18T23:11:38.650717
3154ea012f66,api_error,,0,0,2026-02-18T23:11:39.375758
1b9f5a91594b,api_error,,0,0,2026-02-18T23:11:40.129386
856fcdba4540,api_error,,0,0,2026-02-18T23:11:40.819697
4098731f7e0b,api_error,,0,0,2026-02-18T23:11:41.503620
1e21698d3e4e,api_error,,0,0,2026-02-18T23:11:42.193809
b92e426d6a3e,api_error,,0,0,2026-02-18T23:11:43.028801
5a91fa9555ff,api_error,,0,0,2026-02-18T23:11:43.725450
9abad8a98c88,api_error,,0,0,2026-02-18T23:11:44.413133
b8635478aae4,api_error,,0,0,2026-02-18T23:11:45.165943
c1388f98de2a,api_error,,0,0,2026-02-18T23:11:45.859330
536f9f3e25fb,api_error,,0,0,2026-02-18T23:11:46.591936
1d4b3b2e9a29,api_error,,0,0,2026-02-18T23:11:47.345795
0cf92f97eae8,api_error,,0,0,2026-02-18T23:11:48.037804
21508f07afdc,api_error,,0,0,2026-02-18T23:11:48.742777
87d841640614,api_error,,0,0,2026-02-18T23:11:49.446815
c607e10b4976,api_error,,0,0,2026-02-18T23:11:50.147674
9c57f8dd5240,api_error,,0,0,2026-02-18T23:11:51.040705
2eca9237e4a8,api_error,,0,0,2026-02-18T23:11:51.770056
928a42a68c9d,api_error,,0,0,2026-02-18T23:11:52.468993
1d8d38a0ce48,api_error,,0,0,2026-02-18T23:11:53.164274
0c0087c7f3be,api_error,,0,0,2026-02-18T23:11:53.854643
e6eff2f67f29,api_error,,0,0,2026-02-18T23:11:54.559978
04dd0c6c8146,api_error,,0,0,2026-02-18T23:11:55.287597
479dac3f3fe5,api_error,,0,0,2026-02-18T23:11:56.020074
b8a2e723853a,api_error,,0,0,2026-02-18T23:11:56.731240
7406246d4e9c,api_error,,0,0,2026-02-18T23:11:57.432212
6980944d5010,api_error,,0,0,2026-02-18T23:11:58.145073
de45691c2f5f,api_error,,0,0,2026-02-18T23:11:58.867582
4b7407356e26,api_error,,0,0,2026-02-18T23:11:59.594730
31ae52e62a13,api_error,,0,0,2026-02-18T23:12:00.300214
17fde1f45a6b,api_error,,0,0,2026-02-18T23:12:01.103628
0405f1bdb6ee,api_error,,0,0,2026-02-18T23:12:01.802773
b52d0b489257,api_error,,0,0,2026-02-18T23:12:02.500852
246576b55099,api_error,,0,0,2026-02-18T23:12:03.195694
692d37a660be,api_error,,0,0,2026-02-18T23:12:03.915710
4d603f4a2808,api_error,,0,0,2026-02-18T23:12:04.617787
c775b69bdc4a,api_error,,0,0,2026-02-18T23:12:05.299168
83e433e9dffe,api_error,,0,0,2026-02-18T23:12:06.031683
d6fa34b1283a,api_error,,0,0,2026-02-18T23:12:06.715319
33b50f864984,api_error,,0,0,2026-02-18T23:12:07.422494
38d6b9791c00,api_error,,0,0,2026-02-18T23:12:08.088174
88ec0ef96c80,api_error,,0,0,2026-02-18T23:12:08.777598
fb7b235531b2,api_error,,0,0,2026-02-18T23:12:09.482769
51b0b8040507,api_error,,0,0,2026-02-18T23:12:10.194512
86280925c711,api_error,,0,0,2026-02-18T23:12:10.894508
7ff065dae627,api_error,,0,0,2026-02-18T23:12:11.740864
444c97e8e74e,api_error,,0,0,2026-02-18T23:12:12.475755
1fd423ab75c5,api_error,,0,0,2026-02-18T23:12:13.172986
823f4c090c6a,api_error,,0,0,2026-02-18T23:12:13.875719
a426c61a5024,api_error,,0,0,2026-02-18T23:12:14.574534
8a23e4d9cd94,api_error,,0,0,2026-02-18T23:12:15.284956
028caf8731f3,api_error,,0,0,2026-02-18T23:12:15.997508
ea81a2f38c1c,api_error,,0,0,2026-02-18T23:12:16.696779
5f7cea1d1d62,api_error,,0,0,2026-02-18T23:12:17.391002
8670a9b3ecb6,api_error,,0,0,2026-02-18T23:12:18.098937
80a01ebe226c,api_error,,0,0,2026-02-18T23:12:18.784415
4e2cb69374c7,api_error,,0,0,2026-02-18T23:12:19.482029
172b7afd0db4,api_error,,0,0,2026-02-18T23:12:20.169003
f5e22f94c7fc,api_error,,0,0,2026-02-18T23:12:20.930461
9a75b5c551ef,api_error,,0,0,2026-02-18T23:12:21.750145
f6bb3575257d,api_error,,0,0,2026-02-18T23:12:22.453767
82a303c24a29,api_error,,0,0,2026-02-18T23:12:23.373233
da923cd2c278,api_error,,0,0,2026-02-18T23:12:24.064067
b10bb2741c31,api_error,,0,0,2026-02-18T23:12:24.805626
3fdea396529b,api_error,,0,0,2026-02-18T23:12:25.503835
563a8461ec26,api_error,,0,0,2026-02-18T23:12:26.223312
8b70498720cf,api_error,,0,0,2026-02-18T23:12:26.926882
5fe7b8760570,api_error,,0,0,2026-02-18T23:12:27.627329
1878dddbf2dc,api_error,,0,0,2026-02-18T23:12:28.308853
50a18802de02,api_error,,0,0,2026-02-18T23:12:28.999120
660b4f1f29ac,api_error,,0,0,2026-02-18T23:12:29.695090
49157d714a87,api_error,,0,0,2026-02-18T23:12:30.383403
2441d8ad2d9f,api_error,,0,0,2026-02-18T23:12:31.082668
f94378203bbf,api_error,,0,0,2026-02-18T23:12:31.899317
67e534fc0568,api_error,,0,0,2026-02-18T23:12:32.629516
78fb69d914d2,api_error,,0,0,2026-02-18T23:12:33.348489
c028a1c7e646,api_error,,0,0,2026-02-18T23:12:34.045873
f62ab9506691,api_error,,0,0,2026-02-18T23:12:34.734393
83d0c507ca7d,api_error,,0,0,2026-02-18T23:12:35.430864
b3ed7f090a64,api_error,,0,0,2026-02-18T23:12:36.115866
7976fe6c154d,api_error,,0,0,2026-02-18T23:12:36.869989
bf1086e8bc65,api_error,,0,0,2026-02-18T23:12:37.553520
0772605a6741,api_error,,0,0,2026-02-18T23:12:38.291517
aba546a90f8e,api_error,,0,0,2026-02-18T23:12:38.974229
f331b3c7d19f,api_error,,0,0,2026-02-18T23:12:39.667312
ca61f732bbe9,api_error,,0,0,2026-02-18T23:12:40.360150
63d43c2f03e7,api_error,,0,0,2026-02-18T23:12:41.095216
459ad6d36c30,api_error,,0,0,2026-02-18T23:12:41.836179
99cbbcd22707,api_error,,0,0,2026-02-18T23:12:42.551993
11a8f7dbf32b,api_error,,0,0,2026-02-18T23:12:43.266242
e2a7f1157106,api_error,,0,0,2026-02-18T23:12:44.504550
95e02c423cbc,api_error,,0,0,2026-02-18T23:12:45.194497
fb57e2771845,api_error,,0,0,2026-02-18T23:12:45.877639
477ebb855d27,api_error,,0,0,2026-02-18T23:12:46.580243
3892e30115fc,api_error,,0,0,2026-02-18T23:12:47.265946
85354f164d84,api_error,,0,0,2026-02-18T23:12:47.982012
e64a09b55895,api_error,,0,0,2026-02-18T23:12:48.723724
7ea3fc90ee4d,api_error,,0,0,2026-02-18T23:12:49.415847
821a47bdcada,api_error,,0,0,2026-02-18T23:12:50.103401
18b8beba5ade,api_error,,0,0,2026-02-18T23:12:50.810837
8745c8beb461,api_error,,0,0,2026-02-18T23:12:51.500708
ef074a56d694,api_error,,0,0,2026-02-18T23:12:52.376967
480158f5580a,api_error,,0,0,2026-02-18T23:12:53.165965
9b0e03513743,api_error,,0,0,2026-02-18T23:12:53.892620
e984f96f350b,api_error,,0,0,2026-02-18T23:12:54.575192
e6426471a190,api_error,,0,0,2026-02-18T23:12:55.264592
2af73aff4c96,api_error,,0,0,2026-02-18T23:12:55.967404
59d7b471c0d9,api_error,,0,0,2026-02-18T23:12:56.688637
3246a09cb0c5,api_error,,0,0,2026-02-18T23:12:57.494094
e7d224d39bf1,api_error,,0,0,2026-02-18T23:12:58.178924
b74ef9ce094b,api_error,,0,0,2026-02-18T23:12:58.867513
e8cec1d2424f,api_error,,0,0,2026-02-18T23:12:59.586573
4b5c2b5f7971,api_error,,0,0,2026-02-18T23:13:00.301897
a4b6abb612aa,api_error,,0,0,2026-02-18T23:13:00.997576
b90c813b97eb,api_error,,0,0,2026-02-18T23:13:01.699319
aefe0a1b89cb,api_error,,0,0,2026-02-18T23:13:02.391653
aefe0a1b89cb,api_error,,0,0,2026-02-18T23:13:03.076807
318a1536f257,api_error,,0,0,2026-02-18T23:13:03.769665
0a80be627411,api_error,,0,0,2026-02-18T23:13:04.473191
743f9410bb36,api_error,,0,0,2026-02-18T23:13:05.163151
356e092f18ec,api_error,,0,0,2026-02-18T23:13:05.849304
ed279924e1aa,api_error,,0,0,2026-02-18T23:13:06.555740
64185bf47a8f,api_error,,0,0,2026-02-18T23:13:07.277621
9ec0f0c276d2,api_error,,0,0,2026-02-18T23:13:08.002074
9be0ca513580,api_error,,0,0,2026-02-18T23:13:08.973044
2e8d27bf081f,api_error,,0,0,2026-02-18T23:13:09.692350
e12c40a29a9b,api_error,,0,0,2026-02-18T23:13:10.500237
5a963edb808c,api_error,,0,0,2026-02-18T23:13:11.425624
1731bafcb083,api_error,,0,0,2026-02-18T23:13:12.234784
1731bafcb083,api_error,,0,0,2026-02-18T23:13:12.931279
5a4c7d70517a,api_error,,0,0,2026-02-18T23:13:13.621439
b2816b1e53bf,api_error,,0,0,2026-02-18T23:13:14.320331
5a4c7d70517a,api_error,,0,0,2026-02-18T23:13:15.034462
340b28b5a4b4,api_error,,0,0,2026-02-18T23:13:15.746727
d519b4de068f,api_error,,0,0,2026-02-18T23:13:16.503500
3b9a310bde0e,api_error,,0,0,2026-02-18T23:13:17.257574
9e21bfbf4411,api_error,,0,0,2026-02-18T23:13:17.946441
dbaaffc4dccb,api_error,,0,0,2026-02-18T23:13:18.645353
f7a7f5b21d0b,api_error,,0,0,2026-02-18T23:13:19.345096
83d412b4a4f2,api_error,,0,0,2026-02-18T23:13:20.156611
5c0faf70b7a8,api_error,,0,0,2026-02-18T23:13:20.849353
37c260b05750,api_error,,0,0,2026-02-18T23:13:21.560695
591fd3a6d25d,api_error,,0,0,2026-02-18T23:13:22.256550
a6437f265eed,api_error,,0,0,2026-02-18T23:13:22.951416
6a939353a3b6,api_error,,0,0,2026-02-18T23:13:23.653367
20c40e68c315,api_error,,0,0,2026-02-18T23:13:24.359890
1c9879ce1007,api_error,,0,0,2026-02-18T23:13:25.067741
1c9879ce1007,api_error,,0,0,2026-02-18T23:13:25.758553
f6808d71849b,api_error,,0,0,2026-02-18T23:13:26.501832
05ef3b20c3c8,api_error,,0,0,2026-02-18T23:13:27.206792
3e1aba33fa51,api_error,,0,0,2026-02-18T23:13:27.918014
2bdd1bf4704f,api_error,,0,0,2026-02-18T23:13:28.615423
672d39da2300,api_error,,0,0,2026-02-18T23:13:29.312542
b6e097c3c81d,api_error,,0,0,2026-02-18T23:13:30.022059
58627cf22f4d,api_error,,0,0,2026-02-18T23:13:30.755050
0bcd1fe201ef,api_error,,0,0,2026-02-18T23:13:31.603188
68e5fda23d32,api_error,,0,0,2026-02-18T23:13:32.387789
ea45e28eead4,api_error,,0,0,2026-02-18T23:13:33.222034
3fe4f0c98259,api_error,,0,0,2026-02-18T23:13:33.943423
36765d19034a,api_error,,0,0,2026-02-18T23:13:34.878526
5616691efde0,api_error,,0,0,2026-02-18T23:13:35.677453
9574d933ddef,api_error,,0,0,2026-02-18T23:13:36.395631
3a47c364b297,api_error,,0,0,2026-02-18T23:13:37.092836
dfbce8388757,api_error,,0,0,2026-02-18T23:13:37.781803
9d8c2cc2a6f1,api_error,,0,0,2026-02-18T23:13:38.602719
7c419b12546e,api_error,,0,0,2026-02-18T23:13:39.335924
628fa950717e,api_error,,0,0,2026-02-18T23:13:40.031185
140f1fa9cf25,api_error,,0,0,2026-02-18T23:13:40.722072
62adc776c23f,api_error,,0,0,2026-02-18T23:13:41.408609
a72e00fb43fa,api_error,,0,0,2026-02-18T23:13:42.089320
5720d7c51ba0,api_error,,0,0,2026-02-18T23:13:42.795534
6de43c305a62,api_error,,0,0,2026-02-18T23:13:43.582702
7e766c2bd181,api_error,,0,0,2026-02-18T23:13:44.271507
75e8325b7c89,api_error,,0,0,2026-02-18T23:13:44.956964
73599d253cae,api_error,,0,0,2026-02-18T23:13:45.709656
4c1613bffc51,api_error,,0,0,2026-02-18T23:13:46.390064
a01ee77518eb,api_error,,0,0,2026-02-18T23:13:47.236230
